c ---- [ banner ] ------------------------------------------------------------
c
c Kissat SAT Solver
c 
c Copyright (c) 2021-2024 Armin Biere University of Freiburg
c Copyright (c) 2019-2021 Armin Biere Johannes Kepler University Linz
c 
c Version 4.0.4 unknown
c Apple clang version 17.0.0 (clang-1700.3.19.1) -W -Wall -O3 -DNDEBUG
c Thu Oct 16 20:09:41 UTC 2025 Darwin Tahoe-arm64.local 25.0.0 arm64
c
c ---- [ parsing ] -----------------------------------------------------------
c
c opened and reading DIMACS file:
c
c   cnfs_n32/sr61_cascade_m39a03c2d_fffffffff_bit4.cnf
c
c parsed 'p cnf 11245 47572' header
c closing input after reading 858631 bytes (839 KB)
c finished parsing after 0.01 seconds
c
c ---- [ options ] -----------------------------------------------------------
c
c --seed=5                         (different from default '0')
c
c ---- [ limits ] ------------------------------------------------------------
c
c conflict limit set to 10000000 conflicts
c
c ---- [ solving ] -----------------------------------------------------------
c
c seconds switched rate     size/glue tier1  binary         remaining
c        MB reductions conflicts size  tier2    irredundant
c         level restarts redundant glue  trail         variables
c
c *  0.01  8 0 0 0  0 0   0   0 0.0 0 0 0 0 0% 3826 43681 11244 100%
c (  0.01  8 0 0 0  0 0   0   0 0.0 0 0 0 0 0% 3826 43681 11244 100%
c .  0.01  8 0 0 0  0 0   0   0 0.0 0 0 0 0 0% 3826 43681 11244 100%
c c  0.02 13 0 0 0  0 0   0   0 0.0 0 0 0 0 0% 5520 40601 10077 90%
c d  0.02 13 0 0 0  0 0   0   0 0.0 0 0 0 0 0% 3186 40601 10077 90%
c =  0.04 13 0 0 0  0 0   0   0 0.0 0 0 0 0 0% 3240 40601 9974 89%
c d  0.04 13 0 0 0  0 0   0   0 0.0 0 0 0 0 0% 3034 40601 9974 89%
c f  0.05 13 0 0 0  0 0   0   0 0.0 0 0 0 0 0% 3422 39946 10178 91%
c )  0.05 13 0 0 0  0 0   0   0 0.0 0 0 0 0 0% 3422 39946 10178 91%
c {  0.05 13 0 0 0  0 0   0   0 0.0 0 0 2 6 0% 3422 39946 10178 91%
c -  0.06 13 154 0 1 202 33 1001 794 1.6 4 3 2 4 9% 3477 39946 10178 91%
c }  0.06 13 154 1 1 202 33 1001 794 1.6 4 3 2 4 9% 3477 39946 10178 91%
c [  0.06 13 0 1 1 202 0 1001 794 0.0 0 0 2 6 0% 3477 39946 10178 91%
c B  0.06 13 0 1 1 202 0 1001 794 0.0 0 0 2 6 0% 3477 39946 10178 91%
c ]  0.07 13 266 2 1 202 5 1990 1690 1.7 17 10 3 19 23% 3491 39946 10178 91%
c {  0.07 13 154 2 1 202 33 1990 1690 1.6 4 3 2 4 9% 3491 39946 10178 91%
c -  0.07 13 156 2 2 206 33 2001 1624 1.6 4 3 2 4 9% 3492 39946 10178 91%
c c  0.09 13 149 2 2 382 38 2560 2081 1.5 5 3 2 4 10% 3544 39929 10170 90%
c d  0.09 13 149 2 2 382 38 2560 2074 1.5 5 3 2 4 10% 3513 39929 10161 90%
c u  0.09 13 149 2 2 382 38 2560 1692 1.5 5 3 2 4 10% 3515 39929 10161 90%
c
c seconds   switched   rate       size/glue tier1   binary         remaining
c        MB  reductions conflicts      size  tier2     irredundant
c          level restarts    redundant   glue   trail         variables
c
c v  0.09 13 149 2 2 382 38 2560 1564 1.5 5 3 2 4 10% 3516 39929 10161 90%
c w  0.09 13 149 2 2 382 38 2560 1431 1.5 5 3 2 4 10% 3517 39929 10161 90%
c x  0.10 13 149 2 2 382 38 2560 1431 1.5 5 3 2 4 10% 3517 39846 10161 90%
c =  0.11 14 149 2 2 382 38 2560 1431 1.5 5 3 2 4 10% 3621 39846 10109 90%
c d  0.11 14 149 2 2 382 38 2560 1400 1.5 5 3 2 4 10% 3512 39846 10109 90%
c t  0.11 14 149 2 2 382 38 2560 1400 1.5 5 3 2 4 10% 3509 39846 10109 90%
c u  0.11 14 149 2 2 382 38 2560 1351 1.5 5 3 2 4 10% 3509 39846 10109 90%
c v  0.11 14 149 2 2 382 38 2560 1314 1.5 5 3 2 4 10% 3509 39846 10109 90%
c w  0.12 14 149 2 2 382 38 2560 1244 1.5 5 3 2 4 10% 3509 39846 10109 90%
c =  0.13 14 149 2 2 382 38 2560 1244 1.5 5 3 2 4 10% 3685 39846 10021 89%
c d  0.13 14 149 2 2 382 38 2560 1170 1.5 5 3 2 4 10% 3501 39846 10021 89%
c }  0.14 14 134 3 2 464 35 2991 1501 1.6 5 3 2 4 10% 3574 39840 10021 89%
c [  0.14 14 266 3 2 464 5 2991 1501 1.7 17 10 3 19 23% 3574 39840 10021 89%
c W  0.14 14 266 3 2 464 5 2991 1501 1.7 17 10 3 19 23% 3574 39840 10021 89%
c ]  0.16 14 248 4 2 464 5 3209 1713 2.6 35 14 3 19 28% 3577 39840 10021 89%
c {  0.16 14 134 4 2 464 35 3209 1713 1.6 5 3 2 4 10% 3577 39840 10021 89%
c -  0.16 14 128 4 3 516 34 3415 1701 1.6 5 3 2 4 10% 3600 39836 10021 89%
c -  0.18 14 103 4 4 1055 30 5147 2898 1.7 7 4 2 5 10% 3744 39810 10021 89%
c }  0.19 14 100 5 4 1155 29 5561 3241 1.7 7 4 2 5 10% 3776 39807 10021 89%
c [  0.19 14 248 5 4 1155 5 5561 3241 2.6 35 14 3 19 28% 3776 39807 10021 89%
c
c seconds   switched   rate       size/glue  tier1     binary         remaining
c        MB  reductions conflicts       size   tier2      irredundant
c          level  restarts   redundant     glue    trail         variables
c
c I  0.19 14 248 5 4 1155 5 5561 3241 2.6 35 14 3 19 28% 3776 39807 10021 89%
c -  0.20 14 164 5 5 1156 4 7147 4178 2.6 33 13 2 16 25% 3807 39805 10021 89%
c u  0.22 14 151 5 5 1157 3 7884 4274 2.7 34 12 2 16 25% 3818 39805 10021 89%
c v  0.23 14 151 5 5 1157 3 7884 3968 2.7 34 12 2 16 25% 3819 39805 10021 89%
c w  0.23 15 151 5 5 1157 3 7884 3965 2.7 34 12 2 16 25% 3819 39805 10021 89%
c x  0.23 15 151 5 5 1157 3 7884 3965 2.7 34 12 2 16 25% 3838 39747 10021 89%
c t  0.25 15 151 5 5 1157 3 7884 3965 2.7 34 12 2 16 25% 3816 39747 10021 89%
c ]  0.26 15 134 6 5 1157 3 9309 5275 2.6 31 12 2 13 24% 3837 39746 10021 89%
c {  0.26 15 100 6 5 1157 29 9309 5275 1.7 7 4 2 5 10% 3837 39746 10021 89%
c -  0.26 15 100 6 6 1165 29 9384 4460 1.7 7 4 2 5 10% 3844 39745 10021 89%
c o  0.27 15 96 6 6 1208 27 10015 4991 1.7 7 4 2 5 10% 3899 39744 10021 89%
c -  0.30 17 85 6 7 1587 23 11834 5847 1.7 7 4 2 4 10% 3983 39739 10021 89%
c s  0.32 17 82 6 7 1811 22 12798 6706 1.7 8 4 2 4 10% 4033 38491 10021 89%
c e  0.33 18 82 6 7 1811 22 12798 6706 1.7 8 4 2 4 10% 2725 38188 6859 61%
c 2  0.33 18 82 6 7 1811 22 12798 6706 1.7 8 4 2 4 10% 2724 38188 6859 61%
c s  0.34 18 82 6 7 1811 22 12798 6706 1.7 8 4 2 4 10% 2734 37959 6859 61%
c e  0.34 18 82 6 7 1811 22 12798 6706 1.7 8 4 2 4 10% 2691 37946 6834 61%
c ^  0.34 18 82 6 7 1811 22 12798 6706 1.7 8 4 2 4 10% 2691 37946 6834 61%
c }  0.34 18 81 7 7 1873 22 13379 3892 1.7 8 4 2 4 10% 2716 37944 6834 61%
c [  0.34 18 134 7 7 1873 3 13379 3892 2.6 31 12 2 13 24% 2716 37944 6834 61%
c
c seconds   switched   rate        size/glue  tier1     binary        remaining
c        MB  reductions  conflicts       size   tier2      irredundant
c          level  restarts    redundant     glue    trail        variables
c
c B  0.34 18 134 7 7 1873 3 13379 3892 2.6 31 12 2 13 24% 2716 37944 6834 61%
c -  0.35 18 126 7 8 1874 3 14480 4472 2.5 30 12 2 13 23% 2727 37944 6834 61%
c u  0.38 18 116 7 8 1875 3 16150 5313 2.5 30 12 2 13 22% 2744 37942 6834 61%
c v  0.38 18 116 7 8 1875 3 16150 5025 2.5 30 12 2 13 22% 2744 37942 6834 61%
c w  0.38 20 116 7 8 1875 3 16150 4988 2.5 30 12 2 13 22% 2744 37942 6834 61%
c t  0.39 20 116 7 8 1875 3 16150 4988 2.5 30 12 2 13 22% 2734 37942 6834 61%
c f  0.39 20 116 7 8 1875 3 16150 4988 2.5 30 12 2 13 22% 2743 37922 6839 61%
c b  0.39 20 116 7 8 1875 3 16150 4988 2.5 30 12 2 13 22% 2743 37922 6838 61%
c u  0.39 20 116 7 8 1875 3 16150 4879 2.5 30 12 2 13 22% 2745 37922 6838 61%
c v  0.40 20 116 7 8 1875 3 16150 4772 2.5 30 12 2 13 22% 2745 37922 6838 61%
c w  0.40 20 116 7 8 1875 3 16150 4719 2.5 30 12 2 13 22% 2745 37922 6838 61%
c f  0.42 20 116 7 8 1875 3 16150 4719 2.5 30 12 2 13 22% 2748 37911 6840 61%
c -  0.44 20 114 7 9 1875 3 17308 4876 2.4 29 12 2 11 21% 2748 37911 6840 61%
c W  0.45 20 108 7 9 1877 3 18909 6364 2.4 28 12 2 11 20% 2752 37911 6840 61%
c -  0.47 20 107 7 10 1878 3 20308 6228 2.4 32 13 2 11 20% 2762 37911 6840 61%
c ]  0.48 20 107 8 10 1878 3 20556 6467 2.4 32 13 2 11 20% 2765 37910 6840 61%
c {  0.48 20 81 8 10 1878 22 20556 6467 1.7 8 4 2 4 10% 2765 37910 6840 61%
c o  0.48 20 81 8 10 1881 22 20571 6480 1.7 8 4 2 4 10% 2767 37910 6840 61%
c -  0.53 20 77 8 11 2649 22 23473 7379 1.8 9 5 1 4 10% 2820 37910 6840 61%
c s  0.57 20 76 8 11 3222 22 25641 9395 1.8 10 5 1 4 10% 2845 37638 6840 61%
c
c seconds  switched     rate        size/glue tier1    binary        remaining
c        MB  reductions   conflicts       size  tier2     irredundant
c         level   restarts     redundant    glue   trail        variables
c
c e  0.58 20 76 8 11 3222 22 25641 9395 1.8 10 5 1 4 10% 2328 38416 6498 58%
c s  0.58 20 76 8 11 3222 22 25641 9395 1.8 10 5 1 4 10% 2387 38132 6498 58%
c e  0.59 20 76 8 11 3222 22 25641 9395 1.8 10 5 1 4 10% 2378 38127 6491 58%
c ^  0.59 20 76 8 11 3222 22 25641 9395 1.8 10 5 1 4 10% 2378 38127 6491 58%
c }  0.61 20 75 9 11 3498 22 26716 8213 1.8 10 6 1 4 10% 2385 38127 6491 58%
c [  0.61 20 107 9 11 3498 3 26716 8213 2.4 32 13 2 11 20% 2385 38127 6491 58%
c O  0.61 20 107 9 11 3498 3 26716 8213 2.4 32 13 2 11 20% 2385 38127 6491 58%
c -  0.61 20 107 9 12 3498 3 26789 7059 2.4 31 13 2 11 20% 2385 38127 6491 58%
c d  0.63 20 106 9 12 3498 3 27581 7825 2.4 33 14 2 11 21% 2382 38127 6488 58%
c u  0.63 20 106 9 12 3498 3 27581 7291 2.4 33 14 2 11 21% 2385 38127 6488 58%
c v  0.64 20 106 9 12 3498 3 27581 6531 2.4 33 14 2 11 21% 2385 38127 6488 58%
c w  0.64 20 106 9 12 3498 3 27581 6525 2.4 33 14 2 11 21% 2385 38127 6488 58%
c x  0.65 20 106 9 12 3498 3 27581 6524 2.4 33 14 2 11 21% 2459 37808 6488 58%
c t  0.65 20 106 9 12 3498 3 27581 6524 2.4 33 14 2 11 21% 2429 37808 6488 58%
c f  0.65 20 106 9 12 3498 3 27581 6524 2.4 33 14 2 11 21% 2511 37584 6530 58%
c u  0.66 20 106 9 12 3498 3 27581 6413 2.4 33 14 2 11 21% 2512 37584 6530 58%
c v  0.66 20 106 9 12 3498 3 27581 6064 2.4 33 14 2 11 21% 2515 37584 6530 58%
c w  0.67 20 106 9 12 3498 3 27581 6020 2.4 33 14 2 11 21% 2515 37584 6530 58%
c -  0.72 20 109 9 13 3500 2 30255 6661 2.4 39 16 2 13 22% 2524 37584 6530 58%
c -  0.76 21 110 9 14 3503 2 33861 7319 2.5 44 18 2 13 22% 2530 37583 6530 58%
c
c seconds   switched    rate        size/glue  tier1     binary        remaining
c        MB   reductions  conflicts       size   tier2      irredundant
c          level   restarts    redundant     glue    trail        variables
c
c B  0.79 21 109 9 14 3504 2 36478 9861 2.4 45 18 2 13 22% 2531 37583 6530 58%
c -  0.81 21 108 9 15 3504 2 37603 8477 2.4 44 18 2 13 22% 2533 37583 6530 58%
c ]  0.82 21 108 10 15 3504 2 38654 9487 2.4 43 18 2 13 22% 2537 37583 6530 58%
c {  0.82 21 75 10 15 3504 22 38654 9487 1.8 10 6 1 4 10% 2537 37583 6530 58%
c o  0.85 21 73 10 15 3808 21 40847 11431 1.8 10 6 1 4 10% 2541 37583 6530 58%
c -  0.86 21 73 10 16 3954 21 41476 10014 1.8 10 6 1 4 10% 2546 37583 6530 58%
c u  0.88 21 73 10 16 4153 21 42312 10347 1.8 10 6 1 4 10% 2547 37583 6530 58%
c v  0.88 21 73 10 16 4153 21 42312 10009 1.8 10 6 1 4 10% 2547 37583 6530 58%
c w  0.89 21 73 10 16 4153 21 42312 9974 1.8 10 6 1 4 10% 2547 37583 6530 58%
c x  0.89 21 73 10 16 4153 21 42312 9968 1.8 10 6 1 4 10% 2553 37449 6530 58%
c t  0.92 21 73 10 16 4153 21 42312 9968 1.8 10 6 1 4 10% 2549 37449 6530 58%
c -  0.97 21 73 10 17 4670 20 45478 10818 1.8 11 6 1 4 10% 2570 37449 6530 58%
c }  1.00 21 73 11 17 5101 20 47282 12510 1.8 11 6 1 4 10% 2587 37449 6530 58%
c [  1.00 21 108 11 17 5101 2 47282 12510 2.4 43 18 2 13 22% 2587 37449 6530 58%
c W  1.03 21 107 11 17 5102 2 48702 13862 2.5 44 18 2 13 22% 2587 37449 6530 58%
c -  1.05 21 107 11 18 5103 2 49602 11777 2.4 45 18 2 12 22% 2587 37449 6530 58%
c s  1.13 22 106 11 18 5105 2 53494 15559 2.4 49 20 2 12 23% 2589 37366 6530 58%
c e  1.14 22 106 11 18 5105 2 53494 15559 2.4 49 20 2 12 23% 1984 38297 6252 56%
c s  1.14 22 106 11 18 5105 2 53494 15559 2.4 49 20 2 12 23% 1991 38158 6252 56%
c e  1.14 22 106 11 18 5105 2 53494 15559 2.4 49 20 2 12 23% 1986 38171 6248 56%
c
c seconds    switched    rate         size/glue  tier1     binary        remaining
c        MB    reductions  conflicts        size   tier2      irredundant
c          level    restarts     redundant     glue    trail        variables
c
c ^  1.14 22 106 11 18 5105 2 53494 15559 2.4 49 20 2 12 23% 1986 38171 6248 56%
c -  1.15 22 105 11 19 5106 2 53845 8348 2.4 49 20 2 13 23% 1988 38171 6248 56%
c ]  1.20 22 105 12 19 5107 2 57028 11427 2.4 51 21 2 13 24% 1988 38171 6248 56%
c {  1.20 22 73 12 19 5107 20 57028 11427 1.8 11 6 1 4 10% 1988 38171 6248 56%
c -  1.22 22 72 12 20 5325 20 58203 9542 1.8 11 6 1 4 10% 1993 38171 6248 56%
c u  1.26 22 73 12 20 5643 19 60440 10758 1.8 11 6 1 4 11% 2004 38171 6248 56%
c v  1.27 22 73 12 20 5643 19 60440 9776 1.8 11 6 1 4 11% 2005 38171 6248 56%
c w  1.27 22 73 12 20 5643 19 60440 9704 1.8 11 6 1 4 11% 2005 38171 6248 56%
c x  1.28 22 73 12 20 5643 19 60440 9696 1.8 11 6 1 4 11% 2011 37951 6248 56%
c t  1.28 22 73 12 20 5643 19 60440 9696 1.8 11 6 1 4 11% 2005 37951 6248 56%
c f  1.28 22 73 12 20 5643 19 60440 9696 1.8 11 6 1 4 11% 2011 37935 6250 56%
c u  1.29 22 73 12 20 5643 19 60440 9544 1.8 11 6 1 4 11% 2011 37935 6250 56%
c v  1.30 22 73 12 20 5643 19 60440 8910 1.8 11 6 1 4 11% 2012 37935 6250 56%
c w  1.31 22 73 12 20 5643 19 60440 8850 1.8 11 6 1 4 11% 2012 37935 6250 56%
c x  1.31 22 73 12 20 5643 19 60440 8850 1.8 11 6 1 4 11% 2026 37848 6250 56%
c t  1.32 22 73 12 20 5643 19 60440 8850 1.8 11 6 1 4 11% 2020 37848 6250 56%
c -  1.35 22 73 12 21 5996 19 62675 9662 1.8 11 6 1 4 11% 2027 37848 6250 56%
c -  1.41 22 74 12 22 6642 18 67257 12166 1.8 12 6 1 4 11% 2046 37848 6250 56%
c }  1.43 22 74 13 22 6834 18 68507 13307 1.8 12 6 1 4 11% 2049 37848 6250 56%
c [  1.43 22 105 13 22 6834 2 68507 13307 2.4 51 21 2 13 24% 2049 37848 6250 56%
c
c seconds    switched    rate         size/glue  tier1     binary        remaining
c        MB    reductions  conflicts        size   tier2      irredundant
c          level    restarts     redundant     glue    trail        variables
c
c I  1.43 22 105 13 22 6834 2 68507 13307 2.4 51 21 2 13 24% 2049 37848 6250 56%
c -  1.49 22 104 13 23 6836 2 71948 13488 2.4 50 21 2 13 24% 2050 37848 6250 56%
c o  1.50 22 103 13 23 6837 2 72669 14198 2.4 50 21 2 13 24% 2050 37848 6250 56%
c -  1.56 22 103 13 24 6839 2 76743 13350 2.4 51 21 2 13 24% 2053 37848 6250 56%
c -  1.65 22 101 13 25 6841 2 81642 12790 2.4 52 21 2 12 24% 2053 37848 6250 56%
c ]  1.65 22 101 14 25 6841 2 81654 12802 2.4 52 21 2 12 24% 2053 37848 6250 56%
c {  1.65 22 74 14 25 6841 18 81654 12802 1.8 12 6 1 4 11% 2053 37848 6250 56%
c d  1.65 22 74 14 25 6893 18 82097 13222 1.8 12 6 1 4 11% 2047 37848 6247 56%
c u  1.66 22 74 14 25 6893 18 82097 12197 1.8 12 6 1 4 11% 2050 37848 6247 56%
c v  1.68 22 74 14 25 6893 18 82097 10970 1.8 12 6 1 4 11% 2051 37848 6247 56%
c w  1.68 22 74 14 25 6893 18 82097 10867 1.8 12 6 1 4 11% 2051 37848 6247 56%
c t  1.68 22 74 14 25 6893 18 82097 10867 1.8 12 6 1 4 11% 2047 37848 6247 56%
c u  1.69 22 74 14 25 6893 18 82097 10715 1.8 12 6 1 4 11% 2049 37848 6247 56%
c v  1.70 22 74 14 25 6893 18 82097 10415 1.8 12 6 1 4 11% 2049 37848 6247 56%
c w  1.70 22 74 14 25 6893 18 82097 10363 1.8 12 6 1 4 11% 2049 37848 6247 56%
c x  1.71 22 74 14 25 6893 18 82097 10334 1.8 12 6 1 4 11% 2050 37649 6247 56%
c =  1.76 22 74 14 25 6893 18 82097 10334 1.8 12 6 1 4 11% 2706 37647 5919 53%
c d  1.76 22 74 14 25 6893 18 82097 10316 1.8 12 6 1 4 11% 2045 37647 5919 53%
c t  1.76 22 74 14 25 6893 18 82097 10316 1.8 12 6 1 4 11% 2040 37647 5919 53%
c -  1.84 22 74 14 26 7687 18 86642 12159 1.8 12 7 1 4 11% 2049 37647 5919 53%
c
c seconds   switched     rate         size/glue tier1    binary        remaining
c        MB   reductions   conflicts        size  tier2     irredundant
c         level    restarts      redundant    glue   trail        variables
c
c -  1.93 22 73 14 27 8631 18 91742 14665 1.8 12 7 1 4 11% 2067 37644 5919 53%
c }  2.03 22 73 15 27 9527 17 96369 18967 1.8 13 7 1 4 11% 2077 37644 5919 53%
c [  2.03 22 101 15 27 9527 2 96369 18967 2.4 52 21 2 12 24% 2077 37644 5919 53%
c B  2.03 22 101 15 27 9527 2 96369 18967 2.4 52 21 2 12 24% 2077 37644 5919 53%
c -  2.04 22 101 15 28 9527 2 96938 16494 2.4 52 21 2 12 23% 2077 37644 5919 53%
c s  2.07 22 101 15 28 9528 2 98377 17891 2.4 51 22 2 12 23% 2077 35028 5919 53%
c e  2.09 22 101 15 28 9528 2 98377 17891 2.4 51 22 2 12 23% 987 37952 5288 47%
c s  2.09 22 101 15 28 9528 2 98377 17891 2.4 51 22 2 12 23% 1000 37525 5288 47%
c e  2.09 22 101 15 28 9528 2 98377 17891 2.4 51 22 2 12 23% 983 37576 5276 47%
c ^  2.09 22 101 15 28 9528 2 98377 17891 2.4 51 22 2 12 23% 983 37576 5276 47%
c -  2.15 22 100 15 29 9531 2 102229 12505 2.4 51 21 2 12 23% 985 37576 5276 47%
c u  2.23 22 100 15 29 9533 2 107411 16362 2.4 51 22 2 12 23% 989 37576 5276 47%
c v  2.24 22 100 15 29 9533 2 107411 15488 2.4 51 22 2 12 23% 989 37576 5276 47%
c w  2.25 23 100 15 29 9533 2 107411 15478 2.4 51 22 2 12 23% 989 37576 5276 47%
c x  2.26 23 100 15 29 9533 2 107411 15440 2.4 51 22 2 12 23% 994 37300 5276 47%
c t  2.26 23 100 15 29 9533 2 107411 15440 2.4 51 22 2 12 23% 987 37300 5276 47%
c -  2.28 23 100 15 30 9533 2 107615 11160 2.4 51 22 2 11 23% 987 37300 5276 47%
c o  2.36 23 98 15 30 9537 2 112989 16398 2.4 52 22 2 11 23% 987 37300 5276 47%
c -  2.36 23 98 15 31 9537 2 113092 11509 2.4 52 22 2 11 23% 987 37300 5276 47%
c W  2.42 23 97 15 31 9540 2 117280 15585 2.4 53 22 2 11 24% 987 37300 5276 47%
c
c seconds   switched    rate          size/glue  tier1    binary        remaining
c        MB   reductions  conflicts         size   tier2     irredundant
c         level    restarts      redundant     glue    trail       variables
c
c -  2.45 23 97 15 32 9540 2 118660 11988 2.4 54 22 2 12 24% 987 37300 5276 47%
c ]  2.48 23 96 16 32 9540 2 120607 13887 2.4 55 23 2 12 24% 988 37300 5276 47%
c {  2.48 23 73 16 32 9540 17 120607 13887 1.8 13 7 1 4 11% 988 37300 5276 47%
c -  2.55 23 73 16 33 9965 17 124317 14007 1.8 13 7 1 4 11% 991 37297 5276 47%
c -  2.66 23 73 16 34 10702 16 130063 16506 1.8 13 7 1 4 11% 998 37297 5276 47%
c -  2.77 23 73 16 35 11484 16 135893 18435 1.8 13 7 1 4 11% 1004 37297 5276 47%
c u  2.79 23 73 16 35 11521 16 136519 17981 1.8 13 7 1 4 11% 1004 37297 5276 47%
c v  2.80 23 73 16 35 11521 16 136519 17288 1.8 13 7 1 4 11% 1004 37297 5276 47%
c w  2.80 23 73 16 35 11521 16 136519 17232 1.8 13 7 1 4 11% 1004 37297 5276 47%
c x  2.81 23 73 16 35 11521 16 136519 17222 1.8 13 7 1 4 11% 1044 36921 5276 47%
c =  2.88 23 73 16 35 11521 16 136519 17222 1.8 13 7 1 4 11% 1578 36668 5009 45%
c d  2.88 23 73 16 35 11521 16 136519 17210 1.8 13 7 1 4 11% 1039 36668 5009 45%
c t  2.88 23 73 16 35 11521 16 136519 17210 1.8 13 7 1 4 11% 1025 36668 5009 45%
c u  2.90 23 73 16 35 11521 16 136519 16781 1.8 13 7 1 4 11% 1031 36668 5009 45%
c v  2.91 23 73 16 35 11521 16 136519 15681 1.8 13 7 1 4 11% 1032 36668 5009 45%
c w  2.91 23 73 16 35 11521 16 136519 15611 1.8 13 7 1 4 11% 1032 36668 5009 45%
c x  2.92 23 73 16 35 11521 16 136519 15610 1.8 13 7 1 4 11% 1042 36188 5009 45%
c t  2.99 23 73 16 35 11521 16 136519 15610 1.8 13 7 1 4 11% 1039 36188 5009 45%
c }  3.03 23 73 17 35 11777 16 138945 17844 1.8 13 7 1 4 11% 1043 36188 5009 45%
c [  3.03 23 96 17 35 11777 2 138945 17844 2.4 55 23 2 12 24% 1043 36188 5009 45%
c
c seconds   switched     rate          size/glue  tier1     binary        remaining
c        MB   reductions   conflicts         size   tier2      irredundant
c         level    restarts       redundant     glue    trail        variables
c
c O  3.06 23 97 17 35 11779 2 141506 20328 2.4 55 23 2 12 24% 1043 36188 5009 45%
c -  3.07 23 97 17 36 11779 2 141809 16547 2.4 55 23 2 12 24% 1043 36188 5009 45%
c -  3.16 23 97 17 37 11783 2 147809 16390 2.4 54 23 2 12 24% 1043 36188 5009 45%
c -  3.25 23 97 17 38 11786 2 153891 15723 2.4 53 23 2 12 24% 1044 36188 5009 45%
c -  3.34 23 96 17 39 11790 2 160056 16126 2.4 53 22 2 12 24% 1045 36188 5009 45%
c s  3.37 23 95 17 39 11790 2 162314 18315 2.4 53 22 2 12 24% 1048 34575 5009 45%
c e  3.39 23 95 17 39 11790 2 162314 18315 2.4 53 22 2 12 24% 500 31491 3718 33%
c s  3.39 23 95 17 39 11790 2 162314 18315 2.4 53 22 2 12 24% 506 30821 3718 33%
c e  3.40 23 95 17 39 11790 2 162314 18315 2.4 53 22 2 12 24% 488 30908 3706 33%
c ^  3.40 23 95 17 39 11790 2 162314 18315 2.4 53 22 2 12 24% 488 30908 3706 33%
c ]  3.44 23 95 18 39 11791 2 165632 13778 2.4 53 22 2 12 24% 490 30908 3706 33%
c {  3.44 23 73 18 39 11791 16 165632 13778 1.8 13 7 1 4 11% 490 30908 3706 33%
c o  3.44 23 73 18 39 11796 16 165653 13799 1.8 13 7 1 4 11% 490 30908 3706 33%
c -  3.45 23 73 18 40 11839 16 166301 11291 1.8 13 7 1 4 11% 490 30907 3706 33%
c u  3.49 23 72 18 40 11968 15 169528 13209 1.8 13 7 1 4 12% 500 30906 3706 33%
c v  3.50 23 72 18 40 11968 15 169528 12320 1.8 13 7 1 4 12% 500 30906 3706 33%
c w  3.51 23 72 18 40 11968 15 169528 12274 1.8 13 7 1 4 12% 500 30906 3706 33%
c x  3.52 23 72 18 40 11968 15 169528 12192 1.8 13 7 1 4 12% 503 30576 3706 33%
c t  3.52 23 72 18 40 11968 15 169528 12192 1.8 13 7 1 4 12% 499 30576 3706 33%
c -  3.58 23 72 18 41 12076 15 172625 13229 1.9 13 7 1 4 12% 504 30575 3706 33%
c
c seconds   switched      rate          size/glue tier1   binary        remaining
c        MB   reductions    conflicts         size  tier2    irredundant
c         level    restarts        redundant    glue   trail       variables
c
c -  3.68 23 71 18 42 12511 14 179028 16697 1.9 13 7 1 4 12% 517 30575 3706 33%
c -  3.85 23 71 18 43 13146 13 185509 19285 1.9 13 7 1 4 12% 525 30571 3706 33%
c }  3.90 23 70 19 43 13442 13 187977 21556 1.9 13 7 1 4 12% 526 30571 3706 33%
c [  3.90 23 95 19 43 13442 2 187977 21556 2.4 53 22 2 12 24% 526 30571 3706 33%
c B  3.90 23 95 19 43 13442 2 187977 21556 2.4 53 22 2 12 24% 526 30571 3706 33%
c -  3.96 23 95 19 44 13444 2 192067 20179 2.4 53 22 2 11 24% 528 30571 3706 33%
c -  4.08 24 94 19 45 13448 2 198700 18842 2.4 54 23 2 11 25% 528 30571 3706 33%
c -  4.19 24 94 19 46 13452 2 205408 16966 2.4 55 23 2 12 25% 528 30571 3706 33%
c u  4.22 24 94 19 46 13454 2 206963 16988 2.4 55 23 2 12 25% 528 30571 3706 33%
c v  4.24 24 94 19 46 13454 2 206963 15723 2.4 55 23 2 12 25% 528 30571 3706 33%
c w  4.25 24 94 19 46 13454 2 206963 15702 2.4 55 23 2 12 25% 528 30571 3706 33%
c x  4.26 24 94 19 46 13454 2 206963 15670 2.4 55 23 2 12 25% 535 30256 3706 33%
c t  4.32 24 94 19 46 13454 2 206963 15670 2.4 55 23 2 12 25% 531 30256 3706 33%
c -  4.40 24 93 19 47 13455 2 212192 14907 2.4 55 23 2 12 25% 531 30256 3706 33%
c ]  4.49 24 92 20 47 13456 2 217216 19833 2.4 56 24 2 12 25% 531 30256 3706 33%
c {  4.49 24 70 20 47 13456 13 217216 19833 1.9 13 7 1 4 12% 531 30256 3706 33%
c -  4.52 24 70 20 48 13684 13 219047 16477 1.9 14 7 1 4 12% 531 30256 3706 33%
c o  4.63 24 70 20 48 14550 13 225788 22769 1.9 14 7 1 4 12% 533 30255 3706 33%
c -  4.64 24 70 20 49 14571 13 225975 19622 1.9 14 7 1 4 12% 533 30255 3706 33%
c -  4.77 25 70 20 50 15416 13 232975 22050 1.9 14 7 1 4 13% 534 30254 3706 33%
c
c seconds   switched      rate          size/glue tier1   binary        remaining
c        MB   reductions    conflicts         size  tier2    irredundant
c         level    restarts        redundant    glue   trail       variables
c
c -  4.94 25 70 20 51 16391 13 240047 23918 1.9 14 8 1 4 13% 534 30254 3706 33%
c }  5.03 25 70 21 51 16929 13 243955 27550 1.9 14 8 1 4 13% 534 30254 3706 33%
c [  5.03 25 92 21 51 16929 2 243955 27550 2.4 56 24 2 12 25% 534 30254 3706 33%
c W  5.04 25 92 21 51 16929 2 243955 27550 2.4 56 24 2 12 25% 534 30254 3706 33%
c -  5.09 25 92 21 52 16931 2 247188 24836 2.3 56 24 2 12 25% 534 30254 3706 33%
c s  5.11 25 92 21 52 16932 2 248153 25779 2.3 56 24 2 12 25% 534 30232 3706 33%
c e  5.13 25 92 21 52 16932 2 248153 25779 2.3 56 24 2 12 25% 279 35701 3292 29%
c s  5.13 25 92 21 52 16932 2 248153 25779 2.3 56 24 2 12 25% 279 34355 3292 29%
c e  5.14 25 92 21 52 16932 2 248153 25779 2.3 56 24 2 12 25% 264 34495 3282 29%
c !  5.14 25 92 21 52 16932 2 248153 25779 2.3 56 24 2 12 25% 264 34495 3282 29%
c u  5.16 25 92 21 52 16932 2 248482 13814 2.3 56 24 2 12 25% 265 34495 3282 29%
c v  5.17 25 92 21 52 16932 2 248482 11957 2.3 56 24 2 12 25% 265 34495 3282 29%
c w  5.19 25 92 21 52 16932 2 248482 11640 2.3 56 24 2 12 25% 265 34495 3282 29%
c x  5.20 25 92 21 52 16932 2 248482 11532 2.3 56 24 2 12 25% 268 33900 3282 29%
c t  5.20 25 92 21 52 16932 2 248482 11532 2.3 56 24 2 12 25% 267 33900 3282 29%
c f  5.22 25 92 21 52 16932 2 248482 11532 2.3 56 24 2 12 25% 280 33817 3286 29%
c u  5.23 25 92 21 52 16932 2 248482 11318 2.3 56 24 2 12 25% 280 33817 3286 29%
c v  5.24 25 92 21 52 16932 2 248482 10926 2.3 56 24 2 12 25% 280 33817 3286 29%
c w  5.26 25 92 21 52 16932 2 248482 10359 2.3 56 24 2 12 25% 280 33817 3286 29%
c x  5.28 25 92 21 52 16932 2 248482 10357 2.3 56 24 2 12 25% 293 33502 3286 29%
c
c seconds   switched     rate          size/glue  tier1    binary        remaining
c        MB   reductions   conflicts         size   tier2     irredundant
c         level    restarts       redundant     glue    trail       variables
c
c t  5.28 25 92 21 52 16932 2 248482 10357 2.3 56 24 2 12 25% 292 33502 3286 29%
c -  5.35 25 92 21 53 16935 2 254400 11836 2.3 55 24 2 12 25% 292 33499 3286 29%
c -  5.44 25 92 21 54 16939 2 261680 13608 2.3 54 24 2 12 25% 292 33498 3286 29%
c -  5.55 25 92 21 55 16943 2 269029 14341 2.2 54 24 2 12 25% 292 33498 3286 29%
c -  5.65 25 91 21 56 16943 2 276445 14389 2.2 54 25 2 12 26% 292 33498 3286 29%
c I  5.68 25 91 21 56 16945 2 279306 17175 2.2 54 25 2 12 26% 292 33498 3286 29%
c -  5.76 25 91 21 57 16949 2 283928 15350 2.2 55 25 2 12 26% 293 33498 3286 29%
c -  5.89 25 91 21 58 16952 2 291477 15323 2.2 56 26 2 12 26% 293 33498 3286 29%
c u  5.93 25 91 21 58 16953 2 293852 16874 2.2 56 26 2 12 26% 293 33498 3286 29%
c v  5.94 25 91 21 58 16953 2 293852 16081 2.2 56 26 2 12 26% 293 33498 3286 29%
c w  5.95 25 91 21 58 16953 2 293852 16049 2.2 56 26 2 12 26% 293 33498 3286 29%
c x  5.96 25 91 21 58 16953 2 293852 16047 2.2 56 26 2 12 26% 293 33474 3286 29%
c ]  6.04 25 91 22 58 16954 2 294238 16420 2.2 56 26 2 12 26% 293 33474 3286 29%
c {  6.04 25 70 22 58 16954 13 294238 16420 1.9 14 8 1 4 13% 293 33474 3286 29%
c o  6.06 25 70 22 58 17019 13 295798 17859 1.9 14 8 1 4 13% 295 33473 3286 29%
c -  6.10 25 69 22 59 17150 12 299092 16284 1.9 14 8 1 4 13% 296 33473 3286 29%
c -  6.21 25 69 22 60 17637 12 306773 20216 1.9 14 8 1 4 13% 305 33470 3286 29%
c -  6.37 25 68 22 61 18373 12 314520 22872 1.9 14 8 1 4 13% 310 33470 3286 29%
c -  6.55 25 68 22 62 19178 11 322330 25028 1.9 15 8 1 4 13% 312 33470 3286 29%
c }  6.62 25 68 23 62 19491 11 325754 28171 1.9 15 8 1 4 13% 314 33470 3286 29%
c
c seconds   switched     rate          size/glue  tier1    binary        remaining
c        MB   reductions   conflicts         size   tier2     irredundant
c         level    restarts       redundant     glue    trail       variables
c
c [  6.62 25 91 23 62 19491 2 325754 28171 2.2 56 26 2 12 26% 314 33470 3286 29%
c B  6.62 25 91 23 62 19491 2 325754 28171 2.2 56 26 2 12 26% 314 33470 3286 29%
c -  6.70 25 91 23 63 19494 2 330205 25635 2.2 56 26 2 12 26% 314 33470 3286 29%
c -  6.82 30 91 23 64 19497 2 338142 23112 2.2 57 26 2 12 26% 314 33469 3286 29%
c u  6.92 30 91 23 64 19502 2 343408 26553 2.2 57 26 2 12 26% 317 33469 3286 29%
c v  6.96 30 91 23 64 19502 2 343408 23709 2.2 57 26 2 12 26% 317 33469 3286 29%
c w  6.98 34 91 23 64 19502 2 343408 23664 2.2 57 26 2 12 26% 317 33469 3286 29%
c t  6.98 34 91 23 64 19502 2 343408 23664 2.2 57 26 2 12 26% 315 33469 3286 29%
c -  7.01 34 91 23 65 19503 2 346142 17791 2.2 57 26 2 12 26% 315 33469 3286 29%
c -  7.16 34 92 23 66 19505 2 354204 17916 2.2 58 26 2 13 27% 315 33469 3286 29%
c s  7.19 34 92 23 66 19505 2 355809 19487 2.2 58 26 2 13 27% 315 33422 3286 29%
c e  7.19 34 92 23 66 19505 2 355809 19487 2.2 58 26 2 13 27% 263 33748 3262 29%
c s  7.20 34 92 23 66 19505 2 355809 19487 2.2 58 26 2 13 27% 263 33644 3262 29%
c e  7.20 34 92 23 66 19505 2 355809 19487 2.2 58 26 2 13 27% 259 33664 3261 29%
c -  7.31 34 92 23 67 19508 2 362328 17194 2.2 59 27 2 13 27% 259 33664 3261 29%
c W  7.44 34 91 23 67 19512 2 369467 24121 2.2 60 27 2 13 28% 259 33664 3261 29%
c -  7.46 34 91 23 68 19512 2 370513 17683 2.2 60 27 2 13 28% 259 33664 3261 29%
c ]  7.59 34 91 24 68 19516 1 376540 23541 2.2 60 27 2 13 28% 259 33664 3261 29%
c {  7.59 34 68 24 68 19516 11 376540 23541 1.9 15 8 1 4 13% 259 33664 3261 29%
c o  7.59 34 68 24 68 19521 11 376562 23561 1.9 15 8 1 4 13% 259 33664 3261 29%
c
c seconds   switched      rate          size/glue tier1   binary        remaining
c        MB   reductions    conflicts         size  tier2    irredundant
c         level    restarts        redundant    glue   trail       variables
c
c -  7.65 34 68 24 69 19722 11 378759 19178 1.9 15 8 1 4 13% 260 33664 3261 29%
c -  7.82 34 68 24 70 20731 11 387066 23005 1.9 15 8 1 4 13% 261 33664 3261 29%
c -  7.98 34 68 24 71 21617 11 395432 25925 1.9 15 8 1 4 13% 261 33664 3261 29%
c u  8.05 34 68 24 71 21852 11 397226 26274 1.9 15 8 1 4 13% 261 33664 3261 29%
c v  8.08 34 68 24 71 21852 11 397226 25224 1.9 15 8 1 4 13% 261 33664 3261 29%
c w  8.09 34 68 24 71 21852 11 397226 25156 1.9 15 8 1 4 13% 261 33664 3261 29%
c x  8.11 34 68 24 71 21852 11 397226 25143 1.9 15 8 1 4 13% 266 33534 3261 29%
c t  8.11 34 68 24 71 21852 11 397226 25143 1.9 15 8 1 4 13% 265 33534 3261 29%
c f  8.12 34 68 24 71 21852 11 397226 25143 1.9 15 8 1 4 13% 270 33510 3262 29%
c u  8.14 34 68 24 71 21852 11 397226 24572 1.9 15 8 1 4 13% 270 33510 3262 29%
c v  8.17 34 68 24 71 21852 11 397226 22278 1.9 15 8 1 4 13% 270 33510 3262 29%
c w  8.18 34 68 24 71 21852 11 397226 22100 1.9 15 8 1 4 13% 270 33510 3262 29%
c -  8.29 34 68 24 72 22362 11 403858 23541 1.9 15 8 1 4 13% 271 33510 3262 29%
c -  8.46 34 68 24 73 23431 11 412343 26279 1.9 15 8 1 4 14% 271 33510 3262 29%
c }  8.48 34 68 25 73 23492 11 413217 27084 1.9 15 8 1 4 14% 271 33510 3262 29%
c [  8.48 34 91 25 73 23492 1 413217 27084 2.2 60 27 2 13 28% 271 33510 3262 29%
c O  8.55 34 91 25 73 23495 1 417629 31405 2.2 60 27 2 13 28% 271 33510 3262 29%
c -  8.60 34 90 25 74 23497 2 420887 26562 2.2 60 27 2 13 28% 271 33510 3262 29%
c -  8.75 34 91 25 75 23501 1 429489 24278 2.2 59 27 2 13 28% 271 33510 3262 29%
c -  8.89 34 90 25 76 23506 1 438149 22559 2.2 60 27 2 13 27% 271 33510 3262 29%
c
c seconds   switched     rate          size/glue  tier1    binary        remaining
c        MB   reductions   conflicts         size   tier2     irredundant
c         level    restarts       redundant     glue    trail       variables
c
c -  9.05 34 89 25 77 23507 1 446867 21838 2.2 60 27 2 13 27% 271 33510 3262 29%
c u  9.20 34 89 25 77 23513 1 455361 28379 2.2 59 27 2 13 27% 271 33510 3262 29%
c v  9.22 34 89 25 77 23513 1 455361 26501 2.2 59 27 2 13 27% 271 33510 3262 29%
c w  9.25 36 89 25 77 23513 1 455361 26482 2.2 59 27 2 13 27% 271 33510 3262 29%
c -  9.38 36 89 25 78 23513 1 455643 19611 2.2 59 27 2 13 27% 271 33510 3262 29%
c -  9.53 36 89 25 79 23518 1 464474 20359 2.2 59 27 2 13 27% 271 33510 3262 29%
c ]  9.60 36 89 26 79 23520 1 468587 24400 2.2 59 27 2 13 27% 271 33510 3262 29%
c {  9.60 36 68 26 79 23520 11 468587 24400 1.9 15 8 1 4 14% 271 33510 3262 29%
c o  9.61 36 68 26 79 23525 11 468613 24425 1.9 15 8 1 4 14% 271 33510 3262 29%
c -  9.69 36 68 26 80 24004 11 473362 22664 1.9 15 8 1 4 14% 272 33510 3262 29%
c -  9.87 36 68 26 81 24987 11 482306 26308 1.9 15 8 1 4 14% 272 33510 3262 29%
c s  9.99 36 69 26 81 25600 11 487689 31342 1.9 15 8 1 4 14% 275 33481 3262 29%
c e  9.99 36 69 26 81 25600 11 487689 31342 1.9 15 8 1 4 14% 264 33585 3254 29%
c s  9.99 36 69 26 81 25600 11 487689 31342 1.9 15 8 1 4 14% 264 33555 3254 29%
c - 10.08 36 69 26 82 26034 11 491308 29348 1.9 15 8 1 4 14% 264 33555 3254 29%
c - 10.31 36 69 26 83 27187 11 500363 31599 1.9 16 8 1 4 14% 264 33555 3254 29%
c - 10.56 36 69 26 84 28416 11 509473 33363 1.9 16 8 1 4 14% 264 33555 3254 29%
c } 10.59 36 69 27 84 28538 11 510807 34598 1.9 16 8 1 4 14% 264 33555 3254 29%
c [ 10.59 36 89 27 84 28538 1 510807 34598 2.2 59 27 2 13 27% 264 33555 3254 29%
c B 10.59 36 89 27 84 28538 1 510807 34598 2.2 59 27 2 13 27% 264 33555 3254 29%
c
c seconds   switched     rate          size/glue  tier1    binary        remaining
c        MB   reductions   conflicts         size   tier2     irredundant
c         level    restarts       redundant     glue    trail       variables
c
c u 10.75 36 90 27 84 28543 1 517889 39821 2.2 60 28 2 13 27% 264 33555 3254 29%
c v 10.78 36 90 27 84 28543 1 517889 37907 2.2 60 28 2 13 27% 264 33555 3254 29%
c w 10.81 38 90 27 84 28543 1 517889 37900 2.2 60 28 2 13 27% 264 33555 3254 29%
c x 10.83 38 90 27 84 28543 1 517889 37874 2.2 60 28 2 13 27% 265 33447 3254 29%
c - 10.86 38 90 27 85 28543 1 518638 28795 2.2 60 28 2 13 27% 265 33447 3254 29%
c - 11.07 38 90 27 86 28548 1 527857 24336 2.2 61 28 2 13 28% 265 33447 3254 29%
c - 11.23 38 90 27 87 28552 1 537130 22763 2.1 62 29 2 13 28% 265 33447 3254 29%
c - 11.41 38 89 27 88 28555 1 546457 22540 2.1 62 29 2 13 28% 265 33447 3254 29%
c - 11.56 38 89 27 89 28559 1 555837 22722 2.1 62 29 2 13 28% 265 33447 3254 29%
c - 11.72 38 88 27 90 28566 1 565272 23790 2.1 61 29 2 13 28% 265 33447 3254 29%
c W 11.78 38 88 27 90 28566 1 568391 26842 2.1 61 29 2 13 28% 265 33447 3254 29%
c - 11.87 38 88 27 91 28567 1 574758 24564 2.1 61 29 2 13 28% 265 33447 3254 29%
c ] 12.06 38 87 28 91 28568 1 583956 33476 2.1 62 29 2 13 28% 265 33447 3254 29%
c { 12.06 38 69 28 91 28568 11 583956 33476 1.9 16 8 1 4 14% 265 33447 3254 29%
c o 12.06 38 69 28 91 28574 11 583983 33503 1.9 16 8 1 4 14% 265 33447 3254 29%
c - 12.07 38 69 28 92 28595 11 584298 24189 1.9 16 8 1 4 14% 265 33447 3254 29%
c u 12.10 38 69 28 92 28621 11 584873 22560 1.9 16 8 1 4 14% 265 33447 3254 29%
c v 12.12 38 69 28 92 28621 11 584873 20094 1.9 16 8 1 4 14% 265 33447 3254 29%
c w 12.15 38 69 28 92 28621 11 584873 19724 1.9 16 8 1 4 14% 265 33447 3254 29%
c - 12.30 38 70 28 93 29402 11 593890 23793 1.9 16 9 1 4 14% 265 33447 3254 29%
c
c seconds   switched      rate          size/glue tier1   binary        remaining
c        MB   reductions    conflicts         size  tier2    irredundant
c         level    restarts        redundant    glue   trail       variables
c
c - 12.50 38 70 28 94 30405 11 603533 28499 1.9 16 9 1 4 14% 266 33447 3254 29%
c - 12.73 38 70 28 95 31496 11 613228 31540 1.9 16 9 1 4 15% 267 33447 3254 29%
c - 12.97 38 70 28 96 32518 11 622974 34053 1.9 16 9 1 4 15% 268 33447 3254 29%
c } 13.21 38 70 29 96 33436 11 632096 42544 1.9 16 9 1 4 15% 268 33447 3254 29%
c [ 13.21 38 87 29 96 33436 1 632096 42544 2.1 62 29 2 13 28% 268 33447 3254 29%
c I 13.21 38 87 29 96 33436 1 632096 42544 2.1 62 29 2 13 28% 268 33447 3254 29%
c - 13.22 38 87 29 97 33436 1 632771 35868 2.1 62 29 2 13 28% 268 33447 3254 29%
c - 13.36 38 87 29 98 33442 1 642619 34039 2.1 61 28 2 13 28% 268 33447 3254 29%
c s 13.40 38 87 29 98 33443 1 645127 36477 2.1 60 28 2 13 28% 268 33431 3254 29%
c e 13.40 38 87 29 98 33443 1 645127 36477 2.1 60 28 2 13 28% 266 33461 3252 29%
c s 13.40 38 87 29 98 33443 1 645127 36477 2.1 60 28 2 13 28% 266 33443 3252 29%
c - 13.54 38 87 29 99 33448 1 652518 29358 2.1 60 28 2 13 28% 266 33443 3252 29%
c u 13.65 38 86 29 99 33449 1 656355 30421 2.1 60 28 2 13 28% 266 33443 3252 29%
c v 13.69 38 86 29 99 33449 1 656355 26948 2.1 60 28 2 13 28% 266 33443 3252 29%
c w 13.74 38 86 29 99 33449 1 656355 26858 2.1 60 28 2 13 28% 266 33443 3252 29%
c - 13.84 38 86 29 100 33450 1 662468 23179 2.1 60 28 2 13 28% 266 33443 3252 29%
c - 14.01 38 86 29 101 33456 1 672468 23298 2.1 60 29 2 13 28% 266 33443 3252 29%
c - 14.17 38 86 29 102 33461 1 682517 23802 2.1 59 28 2 13 28% 266 33443 3252 29%
c - 14.36 38 85 29 103 33465 1 692617 23448 2.1 60 29 2 13 28% 266 33443 3252 29%
c B 14.49 38 85 29 103 33466 1 699780 30367 2.0 60 30 2 13 28% 266 33443 3252 29%
c
c seconds   switched      rate          size/glue  tier1    binary        remaining
c        MB   reductions    conflicts         size   tier2     irredundant
c         level     restarts       redundant     glue    trail       variables
c
c o 14.49 38 85 29 103 33466 1 699780 30367 2.0 60 30 2 13 28% 266 33443 3252 29%
c - 14.56 38 86 29 104 33466 1 702767 22733 2.0 61 30 2 13 28% 266 33443 3252 29%
c ] 14.74 38 86 30 104 33466 1 709960 29822 2.0 62 30 2 13 28% 266 33443 3252 29%
c { 14.74 38 70 30 104 33466 11 709960 29822 1.9 16 9 1 4 15% 266 33443 3252 29%
c - 14.80 38 70 30 105 33721 11 712965 24065 1.9 16 9 1 4 15% 266 33443 3252 29%
c - 15.01 38 70 30 106 34756 11 723211 29046 1.9 17 9 1 4 15% 267 33443 3252 29%
c u 15.26 38 70 30 106 35680 11 732388 35832 1.9 17 9 1 4 15% 267 33443 3252 29%
c v 15.30 38 70 30 106 35680 11 732388 33002 1.9 17 9 1 4 15% 267 33443 3252 29%
c w 15.32 38 70 30 106 35680 11 732388 32936 1.9 17 9 1 4 15% 267 33443 3252 29%
c - 15.35 38 70 30 107 35764 11 733506 29050 1.9 17 9 1 4 15% 267 33443 3252 29%
c - 15.57 38 71 30 108 36641 11 743850 32408 1.9 17 9 1 4 15% 267 33443 3252 29%
c - 15.87 38 71 30 109 37870 11 754242 35159 1.9 17 9 1 4 15% 268 33443 3252 29%
c } 16.19 31 71 31 109 38919 11 764394 44707 1.9 17 9 1 4 16% 269 33443 3252 29%
c [ 16.19 31 86 31 109 38919 1 764394 44707 2.0 62 30 2 13 28% 269 33443 3252 29%
c - 16.20 31 86 31 110 38919 1 764683 37302 2.0 62 30 2 13 28% 269 33443 3252 29%
c W 16.37 31 86 31 110 38925 1 772755 45186 2.0 61 30 2 13 28% 269 33443 3252 29%
c - 16.42 31 86 31 111 38925 1 775172 35746 2.0 61 30 2 13 28% 269 33443 3252 29%
c - 16.60 31 86 31 112 38932 1 785707 31132 2.0 60 30 2 13 28% 269 33443 3252 29%
c - 16.82 31 87 31 113 38933 1 796291 29064 2.0 60 30 2 13 28% 270 33443 3252 29%
c - 17.02 31 86 31 114 38940 1 806922 27998 2.0 60 30 2 13 28% 270 33443 3252 29%
c
c seconds   switched      rate          size/glue  tier1    binary        remaining
c        MB   reductions    conflicts         size   tier2     irredundant
c         level     restarts       redundant     glue    trail       variables
c
c u 17.17 31 86 31 114 38943 1 813025 31851 2.0 60 30 2 13 28% 270 33443 3252 29%
c v 17.20 31 86 31 114 38943 1 813025 29387 2.0 60 30 2 13 28% 270 33443 3252 29%
c w 17.23 31 86 31 114 38943 1 813025 29379 2.0 60 30 2 13 28% 270 33443 3252 29%
c x 17.26 31 86 31 114 38943 1 813025 29370 2.0 60 30 2 13 28% 270 33342 3252 29%
c = 17.50 31 86 31 114 38943 1 813025 29370 2.0 60 30 2 13 28% 272 33342 3251 29%
c d 17.50 31 86 31 114 38943 1 813025 29370 2.0 60 30 2 13 28% 270 33342 3251 29%
c u 17.54 31 86 31 114 38943 1 813025 28757 2.0 60 30 2 13 28% 270 33342 3251 29%
c v 17.56 31 86 31 114 38943 1 813025 28281 2.0 60 30 2 13 28% 270 33342 3251 29%
c w 17.65 31 86 31 114 38943 1 813025 28164 2.0 60 30 2 13 28% 270 33342 3251 29%
c - 17.74 31 86 31 115 38946 1 817601 23573 2.0 60 30 2 13 28% 270 33342 3251 29%
c - 17.95 31 86 31 116 38948 1 828324 24344 2.0 61 30 2 13 28% 270 33342 3251 29%
c s 17.97 31 86 31 116 38948 1 829488 25470 2.0 61 30 2 13 28% 270 33336 3251 29%
c o 17.97 31 86 31 116 38948 1 829488 25470 2.0 61 30 2 13 28% 270 33336 3251 29%
c - 18.18 31 86 31 117 38949 1 839094 24600 2.0 62 30 2 13 28% 270 33336 3251 29%
c - 18.40 31 86 31 118 38952 1 849913 24591 2.1 62 30 2 13 28% 270 33336 3251 29%
c O 18.42 31 86 31 118 38953 1 851185 25832 2.1 62 30 2 13 28% 270 33336 3251 29%
c ] 18.47 31 85 32 118 38956 1 855562 30066 2.1 62 30 2 13 28% 270 33336 3251 29%
c { 18.47 31 71 32 118 38956 11 855562 30066 1.9 17 9 1 4 16% 270 33336 3251 29%
c - 18.58 31 71 32 119 39351 11 860776 28790 1.9 17 9 1 4 16% 270 33336 3251 29%
c - 18.82 31 72 32 120 40318 11 871684 33253 1.9 17 9 1 4 16% 271 33336 3251 29%
c
c seconds   switched       rate          size/glue tier1   binary        remaining
c        MB   reductions     conflicts         size  tier2    irredundant
c         level     restarts        redundant    glue   trail       variables
c
c - 19.12 31 72 32 121 41416 11 882638 36650 1.9 18 9 1 4 16% 271 33336 3251 29%
c - 19.43 31 72 32 122 42571 11 893638 39157 1.9 18 10 1 4 16% 271 33336 3251 29%
c u 19.60 31 72 32 122 43058 11 898335 41552 1.9 18 10 1 4 16% 271 33336 3251 29%
c v 19.66 31 72 32 122 43058 11 898335 37666 1.9 18 10 1 4 16% 271 33336 3251 29%
c w 19.68 31 72 32 122 43058 11 898335 37555 1.9 18 10 1 4 16% 271 33336 3251 29%
c - 19.85 31 72 32 123 43622 11 904683 35941 1.9 18 10 1 4 16% 271 33336 3251 29%
c - 20.15 31 72 32 124 44641 10 915774 38513 1.9 18 10 1 4 16% 271 33336 3251 29%
c } 20.18 31 72 33 124 44724 10 916667 39364 1.9 18 10 1 4 16% 271 33336 3251 29%
c [ 20.18 31 85 33 124 44724 1 916667 39364 2.1 62 30 2 13 28% 271 33336 3251 29%
c - 20.37 31 86 33 125 44730 1 926909 37482 2.0 61 30 2 13 27% 271 33336 3251 29%
c B 20.50 31 86 33 125 44735 1 935223 45599 2.1 60 29 2 13 28% 271 33336 3251 29%
c - 20.57 32 86 33 126 44737 1 938090 33428 2.0 60 29 2 13 28% 271 33336 3251 29%
c - 20.80 32 85 33 127 44738 1 949314 31747 2.1 60 29 2 13 28% 271 33336 3251 29%
c - 21.03 32 86 33 128 44745 1 960583 29871 2.0 61 30 2 13 28% 271 33336 3251 29%
c - 21.29 32 86 33 129 44752 1 971896 28818 2.0 62 30 2 13 28% 271 33336 3251 29%
c - 21.52 32 85 33 130 44754 1 983253 28963 2.0 61 30 2 13 28% 271 33336 3251 29%
c u 21.65 32 85 33 130 44754 1 988354 31539 2.0 61 30 2 13 28% 271 33336 3251 29%
c v 21.68 32 85 33 130 44754 1 988354 29358 2.0 61 30 2 13 28% 271 33336 3251 29%
c w 21.75 32 85 33 130 44754 1 988354 29255 2.0 61 30 2 13 28% 271 33336 3251 29%
c o 22.00 32 85 33 130 44754 1 988354 29255 2.0 61 30 2 13 28% 271 33336 3251 29%
c
c seconds   switched      rate          size/glue  tier1    binary        remaining
c        MB   reductions    conflicts         size   tier2     irredundant
c         level     restarts       redundant     glue    trail       variables
c
c - 22.13 32 86 33 131 44754 1 994657 25457 2.0 61 31 2 13 28% 271 33336 3251 29%
c - 22.39 32 87 33 132 44760 1 1006102 25902 2.0 63 32 2 13 28% 271 33336 3251 29%
c ] 22.61 32 87 34 132 44766 1 1017360 36904 1.9 63 32 2 13 28% 271 33336 3251 29%
c { 22.61 32 72 34 132 44766 10 1017360 36904 1.9 18 10 1 4 16% 271 33336 3251 29%
c - 22.61 32 73 34 133 44773 10 1017591 26729 1.9 18 10 1 4 16% 271 33336 3251 29%
c - 22.86 32 73 34 134 45270 10 1029124 32214 1.9 18 10 1 4 17% 272 33336 3251 29%
c - 23.21 32 72 34 135 46028 10 1040700 36981 1.9 18 10 1 4 17% 274 33336 3251 29%
c - 23.57 32 71 34 136 46936 9 1052318 40252 1.9 18 10 1 4 17% 275 33336 3251 29%
c - 23.97 32 71 34 137 47948 9 1063979 42786 1.9 19 10 1 4 17% 277 33336 3251 29%
c - 24.43 32 70 34 138 49117 9 1075683 44962 1.9 19 10 1 4 17% 279 33335 3251 29%
c u 24.79 32 70 34 138 49876 9 1083130 49467 1.9 19 10 1 4 17% 279 33335 3251 29%
c v 24.86 32 70 34 138 49876 9 1083130 44020 1.9 19 10 1 4 17% 280 33335 3251 29%
c w 24.92 32 70 34 138 49876 9 1083130 43779 1.9 19 10 1 4 17% 280 33335 3251 29%
c t 24.92 32 70 34 138 49876 9 1083130 43779 1.9 19 10 1 4 17% 278 33335 3251 29%
c } 25.01 32 70 35 138 50070 9 1085506 46096 1.9 19 10 1 4 17% 278 33335 3251 29%
c [ 25.01 32 87 35 138 50070 1 1085506 46096 1.9 63 32 2 13 28% 278 33335 3251 29%
c W 25.03 32 87 35 138 50070 1 1085506 46096 1.9 63 32 2 13 28% 278 33335 3251 29%
c - 25.07 32 87 35 139 50071 1 1087430 39002 1.9 63 32 2 13 28% 278 33335 3251 29%
c - 25.30 32 87 35 140 50078 1 1099220 36815 1.9 63 32 2 13 28% 278 33335 3251 29%
c - 25.54 32 86 35 141 50084 1 1111053 30479 2.0 64 32 2 13 28% 278 33335 3251 29%
c
c seconds   switched      rate           size/glue  tier1    binary        remaining
c        MB   reductions     conflicts         size   tier2     irredundant
c         level     restarts        redundant     glue    trail       variables
c
c - 25.80 32 86 35 142 50088 1 1122928 28562 2.0 65 33 2 13 29% 278 33335 3251 29%
c o 25.97 32 86 35 142 50092 1 1130840 36308 2.0 65 33 2 13 29% 278 33335 3251 29%
c - 26.06 32 87 35 143 50094 1 1134844 28728 2.0 65 33 2 13 29% 278 33335 3251 29%
c - 26.30 32 86 35 144 50099 1 1146802 29467 2.0 64 33 2 13 29% 278 33335 3251 29%
c - 26.55 32 85 35 145 50100 1 1158804 29826 1.9 64 33 2 13 28% 278 33335 3251 29%
c - 26.78 32 84 35 146 50103 1 1170845 29973 1.9 63 33 2 13 28% 278 33335 3251 29%
c I 26.96 32 84 35 146 50108 1 1181221 40128 1.9 62 32 2 13 28% 278 33335 3251 29%
c u 27.02 32 84 35 146 50110 1 1182690 40205 1.9 62 32 2 13 28% 278 33335 3251 29%
c v 27.05 32 84 35 146 50110 1 1182690 38346 1.9 62 32 2 13 28% 278 33335 3251 29%
c w 27.08 33 84 35 146 50110 1 1182690 38199 1.9 62 32 2 13 28% 278 33335 3251 29%
c x 27.12 33 84 35 146 50110 1 1182690 38197 1.9 62 32 2 13 28% 279 33281 3251 29%
c - 27.13 33 84 35 147 50110 1 1182932 28522 1.9 62 32 2 13 28% 279 33281 3251 29%
c - 27.41 33 85 35 148 50115 1 1195060 28265 1.9 63 33 2 13 28% 279 33281 3251 29%
c - 27.66 33 85 35 149 50121 1 1207225 26088 1.9 64 34 2 13 28% 279 33281 3251 29%
c - 27.88 33 86 35 150 50127 1 1219431 27244 1.9 64 33 2 13 28% 279 33281 3251 29%
c ] 28.13 33 86 36 150 50130 1 1230967 38578 1.9 64 33 2 13 28% 279 33281 3251 29%
c { 28.13 33 70 36 150 50130 9 1230967 38578 1.9 19 10 1 4 17% 279 33281 3251 29%
c - 28.15 33 70 36 151 50209 9 1231678 27981 1.9 19 10 1 4 17% 279 33281 3251 29%
c - 28.43 33 70 36 152 51322 9 1243967 33672 1.9 19 10 1 4 17% 279 33281 3251 29%
c - 28.75 33 70 36 153 52552 9 1256295 38930 1.9 19 10 1 4 17% 280 33281 3251 29%
c
c seconds   switched       rate           size/glue  tier1   binary        remaining
c        MB   reductions      conflicts         size   tier2    irredundant
c         level     restarts         redundant     glue   trail       variables
c
c - 29.16 33 70 36 154 53933 10 1268664 42065 1.9 19 10 1 4 17% 280 33281 3251 29%
c o 29.58 33 71 36 154 55224 10 1280889 53799 1.9 20 10 1 4 17% 280 33281 3251 29%
c - 29.59 33 71 36 155 55243 10 1281073 44502 1.9 20 10 1 4 17% 280 33281 3251 29%
c e 29.72 29 71 36 155 55656 10 1284249 47538 1.9 20 10 1 4 17% 277 33306 3249 29%
c s 29.72 29 71 36 155 55656 10 1284249 47538 1.9 20 10 1 4 17% 278 33300 3249 29%
c e 29.73 29 71 36 155 55656 10 1284249 47538 1.9 20 10 1 4 17% 274 33320 3248 29%
c u 29.89 29 71 36 155 55946 10 1287101 47847 1.9 20 10 1 4 18% 274 33320 3248 29%
c v 29.96 29 71 36 155 55946 10 1287101 43089 1.9 20 10 1 4 18% 274 33320 3248 29%
c w 30.00 29 71 36 155 55946 10 1287101 43010 1.9 20 10 1 4 18% 274 33320 3248 29%
c - 30.21 29 71 36 156 56609 10 1293523 40244 1.9 20 11 1 4 18% 274 33320 3248 29%
c - 30.62 29 71 36 157 57814 10 1306012 42809 1.9 20 11 1 4 18% 274 33320 3248 29%
c } 30.63 29 71 37 157 57867 10 1306523 43302 1.9 20 11 1 4 18% 274 33320 3248 29%
c [ 30.63 29 86 37 157 57867 1 1306523 43302 1.9 64 33 2 13 28% 274 33320 3248 29%
c B 30.63 29 86 37 157 57867 1 1306523 43302 1.9 64 33 2 13 28% 274 33320 3248 29%
c - 30.85 29 86 37 158 57873 1 1318542 41100 1.9 63 33 2 13 28% 274 33320 3248 29%
c - 31.10 28 86 37 159 57880 1 1331113 34988 1.9 63 32 2 13 28% 274 33320 3248 29%
c - 31.42 28 86 37 160 57885 1 1343722 32789 1.9 63 32 2 13 28% 274 33320 3248 29%
c - 31.72 28 86 37 161 57892 1 1356372 32204 1.9 63 32 2 13 28% 274 33320 3248 29%
c - 32.03 28 86 37 162 57896 1 1369060 31921 1.9 64 33 2 13 28% 274 33320 3248 29%
c - 32.28 28 85 37 163 57897 1 1381788 31530 1.9 64 33 2 13 28% 274 33320 3248 29%
c
c seconds   switched      rate           size/glue  tier1    binary        remaining
c        MB   reductions     conflicts         size   tier2     irredundant
c         level     restarts        redundant     glue    trail       variables
c
c - 32.55 28 85 37 164 57902 1 1394555 32147 1.9 64 33 2 13 29% 274 33320 3248 29%
c u 32.64 28 85 37 164 57903 1 1396394 31446 1.9 64 33 2 13 29% 274 33320 3248 29%
c v 32.67 28 85 37 164 57903 1 1396394 29295 1.9 64 33 2 13 29% 275 33320 3248 29%
c w 32.75 28 85 37 164 57903 1 1396394 28506 1.9 64 33 2 13 29% 275 33320 3248 29%
c - 33.29 28 85 37 165 57909 1 1407365 28292 1.9 64 33 2 13 29% 275 33320 3248 29%
c W 33.47 28 85 37 165 57912 1 1414509 35205 1.9 64 34 2 13 29% 275 33320 3248 29%
c - 33.63 28 85 37 166 57912 1 1420210 28405 1.9 65 34 2 13 29% 275 33320 3248 29%
c - 33.88 28 86 37 167 57919 1 1433095 28511 1.9 65 35 2 13 29% 275 33320 3248 29%
c ] 33.92 28 86 38 167 57920 1 1434899 30286 1.9 64 35 2 13 29% 275 33320 3248 29%
c { 33.92 28 71 38 167 57920 10 1434899 30286 1.9 20 11 1 4 18% 275 33320 3248 29%
c o 34.03 28 71 38 167 58161 10 1440894 36036 1.9 20 11 1 4 18% 275 33320 3248 29%
c - 34.15 28 71 38 168 58391 9 1446018 34039 1.9 20 11 1 4 18% 275 33320 3248 29%
c - 34.52 28 71 38 169 59074 9 1458982 39910 1.9 20 11 1 4 18% 280 33320 3248 29%
c - 34.91 28 71 38 170 59840 9 1471982 43538 1.9 20 11 1 4 18% 282 33320 3248 29%
c - 35.40 28 71 38 171 60751 9 1485021 46300 1.9 20 11 1 4 18% 286 33320 3248 29%
c - 35.86 28 70 38 172 61655 8 1498097 48449 1.9 21 11 1 4 18% 286 33320 3248 29%
c u 36.41 28 70 38 172 62654 8 1510575 57726 1.9 21 11 1 4 18% 286 33320 3248 29%
c v 36.50 28 70 38 172 62654 8 1510575 51864 1.9 21 11 1 4 18% 287 33320 3248 29%
c w 36.56 28 70 38 172 62654 8 1510575 51645 1.9 21 11 1 4 18% 287 33320 3248 29%
c - 36.59 28 70 38 173 62694 8 1511211 42569 1.9 21 11 1 4 18% 287 33320 3248 29%
c
c seconds   switched      rate           size/glue  tier1   binary        remaining
c        MB   reductions     conflicts         size   tier2    irredundant
c         level     restarts        redundant     glue   trail       variables
c
c } 36.80 28 70 39 173 63081 8 1518232 49429 1.9 21 11 1 4 18% 288 33320 3248 29%
c [ 36.80 28 86 39 173 63081 1 1518232 49429 1.9 64 35 2 13 29% 288 33320 3248 29%
c - 36.95 28 86 39 174 63085 1 1524363 43311 1.9 65 34 2 13 29% 288 33320 3248 29%
c O 37.03 28 86 39 174 63087 1 1528848 47733 1.9 65 34 2 13 29% 288 33320 3248 29%
c - 37.22 28 87 39 175 63093 1 1537555 40153 1.9 64 34 2 13 29% 288 33320 3248 29%
c - 37.50 29 87 39 176 63095 1 1550783 34475 1.9 66 34 2 13 29% 288 33320 3248 29%
c s 37.61 29 87 39 176 63100 1 1557062 40605 2.0 65 33 2 13 29% 288 33319 3248 29%
c - 37.76 29 86 39 177 63103 1 1564049 32331 1.9 65 33 2 13 29% 288 33319 3248 29%
c - 38.01 29 86 39 178 63110 1 1577355 33120 1.9 64 33 2 13 29% 288 33319 3248 29%
c - 38.27 29 86 39 179 63111 1 1590697 33450 2.0 63 32 2 13 29% 288 33319 3248 29%
c - 38.52 29 85 39 180 63114 1 1604077 33927 1.9 61 32 2 13 29% 288 33319 3248 29%
c o 38.69 29 86 39 180 63119 1 1613175 42810 1.9 61 31 2 13 29% 288 33319 3248 29%
c - 38.79 29 86 39 181 63122 1 1617493 35080 1.9 61 32 2 13 29% 288 33319 3248 29%
c u 39.09 29 87 39 181 63126 1 1629721 44678 1.9 61 32 2 13 29% 288 33319 3248 29%
c v 39.13 29 87 39 181 63126 1 1629721 42225 1.9 61 32 2 13 29% 288 33319 3248 29%
c w 39.20 31 87 39 181 63126 1 1629721 42023 1.9 61 32 2 13 29% 288 33319 3248 29%
c - 39.24 31 87 39 182 63126 1 1630946 30310 1.9 61 32 2 13 29% 288 33319 3248 29%
c - 39.54 21 87 39 183 63133 1 1644439 29850 1.9 63 33 2 13 29% 288 33319 3248 29%
c B 39.65 25 87 39 183 63136 1 1649681 35018 1.9 63 33 2 13 29% 288 33319 3248 29%
c - 39.83 26 87 39 184 63140 1 1657966 30642 1.9 63 33 2 13 29% 288 33319 3248 29%
c
c seconds   switched      rate           size/glue  tier1    binary        remaining
c        MB   reductions     conflicts         size   tier2     irredundant
c         level     restarts        redundant     glue    trail       variables
c
c - 40.15 26 87 39 185 63142 1 1671530 31458 1.9 64 33 2 13 29% 288 33319 3248 29%
c ] 40.31 26 87 40 185 63142 1 1678760 38515 1.9 64 34 2 13 29% 288 33319 3248 29%
c { 40.31 26 70 40 185 63142 8 1678760 38515 1.9 21 11 1 4 18% 288 33319 3248 29%
c - 40.47 26 70 40 186 63577 8 1685131 33711 1.9 21 11 1 4 18% 288 33319 3248 29%
c - 40.84 26 71 40 187 64688 8 1698769 40006 1.9 21 11 1 4 18% 288 33319 3248 29%
c - 41.26 26 71 40 188 65823 8 1712443 44187 1.9 21 11 1 4 19% 288 33319 3248 29%
c - 41.70 27 71 40 189 67173 9 1726156 47071 1.9 21 11 1 4 18% 288 33319 3248 29%
c - 42.19 27 72 40 190 68496 9 1739904 49289 1.9 21 11 1 4 19% 289 33318 3248 29%
c - 42.72 27 72 40 191 69805 9 1753689 51090 1.9 22 11 1 4 19% 289 33318 3248 29%
c u 42.79 27 72 40 191 69832 9 1753863 48523 1.9 22 11 1 4 19% 289 33318 3248 29%
c v 42.87 27 72 40 191 69832 9 1753863 43278 1.9 22 11 1 4 19% 289 33318 3248 29%
c w 42.93 27 72 40 191 69832 9 1753863 42694 1.9 22 11 1 4 19% 289 33318 3248 29%
c - 43.35 27 72 40 192 70772 9 1767510 45534 1.9 22 11 1 4 19% 289 33318 3248 29%
c } 43.43 27 72 41 192 70983 9 1770234 48178 1.9 22 11 1 4 19% 289 33318 3248 29%
c [ 43.43 27 87 41 192 70983 1 1770234 48178 1.9 64 34 2 13 29% 289 33318 3248 29%
c W 43.59 27 87 41 192 70988 1 1777149 54968 1.9 64 33 2 13 29% 289 33318 3248 29%
c - 43.69 27 87 41 193 70989 1 1781368 45370 1.9 63 33 2 13 29% 289 33318 3248 29%
c - 43.98 27 87 41 194 70997 1 1795260 40820 1.9 63 33 2 13 29% 289 33318 3248 29%
c o 44.27 27 86 41 194 71001 1 1807326 52697 1.9 61 32 2 13 28% 289 33318 3248 29%
c - 44.31 27 86 41 195 71002 1 1809188 38188 1.9 61 32 2 13 28% 289 33318 3248 29%
c
c seconds   switched      rate           size/glue  tier1    binary        remaining
c        MB   reductions     conflicts         size   tier2     irredundant
c         level     restarts        redundant     glue    trail       variables
c
c - 44.59 27 87 41 196 71010 1 1823152 36858 1.9 62 32 2 13 28% 289 33318 3248 29%
c - 44.89 27 86 41 197 71013 1 1837152 35859 1.9 61 32 2 13 28% 289 33318 3248 29%
c - 45.21 27 86 41 198 71013 1 1851187 36090 1.9 61 32 2 13 28% 289 33318 3248 29%
c s 45.43 27 86 41 198 71020 1 1861701 46379 1.9 60 32 2 13 28% 289 33316 3248 29%
c - 45.53 27 86 41 199 71021 1 1865259 36338 1.9 61 32 2 13 28% 289 33316 3248 29%
c - 45.86 27 86 41 200 71028 1 1879365 36837 1.9 61 32 2 13 28% 289 33316 3248 29%
c u 46.01 27 86 41 200 71028 1 1883023 38419 1.9 62 32 2 13 28% 289 33316 3248 29%
c v 46.05 27 86 41 200 71028 1 1883023 35919 1.9 62 32 2 13 28% 289 33316 3248 29%
c w 46.10 27 86 41 200 71028 1 1883023 35825 1.9 62 32 2 13 28% 289 33316 3248 29%
c x 46.13 27 86 41 200 71028 1 1883023 35822 1.9 62 32 2 13 28% 289 33279 3248 29%
c - 46.35 27 85 41 201 71034 1 1893507 33318 1.9 61 32 2 13 28% 289 33279 3248 29%
c - 46.67 27 85 41 202 71042 1 1907684 34045 1.9 62 32 2 13 29% 289 33279 3248 29%
c I 46.75 27 85 41 202 71043 1 1911389 37654 2.0 63 32 2 13 29% 289 33279 3248 29%
c - 46.96 27 85 41 203 71044 1 1921896 34551 2.0 63 32 2 13 29% 289 33279 3248 29%
c ] 47.07 27 85 42 203 71044 1 1926926 39511 2.0 63 32 2 13 29% 289 33279 3248 29%
c { 47.07 27 72 42 203 71044 9 1926926 39511 1.9 22 11 1 4 19% 289 33279 3248 29%
c - 47.29 27 73 42 204 71623 9 1936144 37817 1.9 22 11 1 4 19% 289 33279 3248 29%
c - 47.65 27 73 42 205 72603 8 1950428 43728 1.9 22 11 1 4 19% 289 33279 3248 29%
c - 48.08 27 73 42 206 73808 9 1964745 47551 1.9 22 12 1 4 19% 289 33279 3248 29%
c - 48.55 27 73 42 207 75065 9 1979097 50193 1.9 22 12 1 4 19% 290 33279 3248 29%
c
c seconds   switched      rate           size/glue  tier1   binary        remaining
c        MB   reductions     conflicts         size   tier2    irredundant
c         level     restarts        redundant     glue   trail       variables
c
c - 49.03 27 74 42 208 76256 9 1993484 52262 1.9 23 12 1 4 19% 290 33279 3248 29%
c o 49.16 27 74 42 208 76642 9 1997331 55992 1.9 23 12 1 4 19% 290 33279 3248 29%
c - 49.53 27 74 42 209 77589 9 2007906 53884 1.9 23 12 1 4 19% 291 33279 3248 29%
c u 49.92 27 74 42 209 78315 9 2017240 59922 1.9 23 12 1 4 19% 292 33279 3248 29%
c v 50.02 27 74 42 209 78315 9 2017240 54105 1.9 23 12 1 4 19% 292 33279 3248 29%
c w 50.08 28 74 42 209 78315 9 2017240 53990 1.9 23 12 1 4 19% 292 33279 3248 29%
c = 50.61 28 74 42 209 78315 9 2017240 53990 1.9 23 12 1 4 19% 294 33279 3247 29%
c d 50.61 28 74 42 209 78315 9 2017240 53990 1.9 23 12 1 4 19% 292 33279 3247 29%
c u 50.68 28 74 42 209 78315 9 2017240 53565 1.9 23 12 1 4 19% 292 33279 3247 29%
c v 50.75 28 74 42 209 78315 9 2017240 52279 1.9 23 12 1 4 19% 292 33279 3247 29%
c w 50.85 28 74 42 209 78315 9 2017240 51962 1.9 23 12 1 4 19% 292 33279 3247 29%
c - 51.02 28 74 42 210 78724 9 2022362 46068 1.9 23 12 1 4 19% 292 33279 3247 29%
c } 51.15 28 74 43 210 79075 9 2026904 50528 1.9 23 12 1 4 19% 292 33279 3247 29%
c [ 51.15 28 85 43 210 79075 1 2026904 50528 2.0 63 32 2 13 29% 292 33279 3247 29%
c - 51.37 28 85 43 211 79081 1 2036853 45723 2.0 63 32 2 13 29% 292 33279 3247 29%
c - 51.72 28 85 43 212 79088 1 2051378 40861 2.0 64 32 2 13 29% 292 33279 3247 29%
c B 51.75 28 85 43 212 79089 1 2052536 41996 2.0 64 32 2 13 29% 292 33279 3247 29%
c - 52.02 28 85 43 213 79094 1 2065938 37974 2.0 64 32 2 13 29% 292 33279 3247 29%
c - 52.32 28 85 43 214 79103 1 2080533 37435 2.0 63 32 2 13 29% 292 33279 3247 29%
c - 52.64 28 86 43 215 79105 1 2095161 37119 1.9 63 32 2 13 29% 292 33279 3247 29%
c
c seconds   switched      rate           size/glue  tier1    binary        remaining
c        MB   reductions     conflicts         size   tier2     irredundant
c         level     restarts        redundant     glue    trail       variables
c
c - 52.97 28 86 43 216 79106 1 2109823 36846 2.0 63 32 2 13 29% 292 33279 3247 29%
c - 53.27 28 86 43 217 79115 1 2124519 37694 2.0 63 32 2 13 30% 292 33279 3247 29%
c - 53.63 28 86 43 218 79120 1 2139250 36526 2.0 64 33 2 13 30% 292 33279 3247 29%
c - 54.01 28 87 43 219 79127 1 2154015 35162 2.0 66 33 2 13 30% 292 33279 3247 29%
c u 54.14 28 87 43 219 79129 1 2156554 35113 2.0 66 34 2 13 30% 292 33279 3247 29%
c v 54.17 28 87 43 219 79129 1 2156554 33119 2.0 66 34 2 13 30% 292 33279 3247 29%
c w 54.29 28 87 43 219 79129 1 2156554 32438 2.0 66 34 2 13 30% 292 33279 3247 29%
c - 54.54 28 87 43 220 79135 1 2168813 31862 2.0 65 33 1 13 30% 292 33279 3247 29%
c - 54.85 28 88 43 221 79136 1 2183645 33427 1.9 65 34 1 13 30% 292 33279 3247 29%
c ] 55.05 28 88 44 221 79137 1 2192716 42356 1.9 65 34 1 13 30% 292 33279 3247 29%
c { 55.05 28 74 44 221 79137 9 2192716 42356 1.9 23 12 1 4 19% 292 33279 3247 29%
c o 55.15 28 75 44 221 79364 9 2197332 46833 1.9 23 12 1 4 20% 292 33279 3247 29%
c - 55.19 28 75 44 222 79429 9 2198511 35952 1.9 23 12 1 4 20% 292 33279 3247 29%
c s 55.20 28 75 44 222 79459 9 2199296 36718 1.9 23 12 1 4 20% 292 33278 3247 29%
c e 55.21 28 75 44 222 79459 9 2199296 36718 1.9 23 12 1 4 20% 288 33315 3244 29%
c s 55.21 28 75 44 222 79459 9 2199296 36718 1.9 23 12 1 4 20% 288 33297 3244 29%
c - 55.57 28 75 44 223 80174 8 2213411 42430 1.9 23 12 1 4 20% 288 33297 3244 29%
c - 56.00 28 75 44 224 81139 8 2228344 46876 1.9 23 12 1 4 20% 288 33297 3244 29%
c - 56.47 28 76 44 225 82312 8 2243311 49755 1.9 23 12 1 4 20% 288 33297 3244 29%
c - 56.94 28 76 44 226 83415 8 2258312 52180 1.9 23 12 1 4 20% 288 33297 3244 29%
c
c seconds   switched      rate           size/glue  tier1   binary        remaining
c        MB   reductions     conflicts         size   tier2    irredundant
c         level     restarts        redundant     glue   trail       variables
c
c - 57.43 28 76 44 227 84539 8 2273345 54173 1.9 24 12 1 4 20% 288 33297 3244 29%
c - 58.04 28 76 44 228 85756 8 2288411 55616 1.9 24 12 1 4 20% 288 33297 3244 29%
c u 58.62 28 76 44 228 86729 8 2300993 64894 1.9 24 12 1 4 20% 288 33297 3244 29%
c v 58.73 28 76 44 228 86729 8 2300993 58707 1.9 24 12 1 4 20% 288 33297 3244 29%
c w 58.80 28 76 44 228 86729 8 2300993 58614 1.9 24 12 1 4 20% 288 33297 3244 29%
c } 59.14 28 76 45 228 86787 8 2301547 59155 1.9 24 12 1 4 20% 288 33297 3244 29%
c [ 59.14 28 88 45 228 86787 1 2301547 59155 1.9 65 34 1 13 30% 288 33297 3244 29%
c W 59.16 28 88 45 228 86787 1 2301547 59155 1.9 65 34 1 13 30% 288 33297 3244 29%
c - 59.20 28 88 45 229 86788 1 2303510 48466 1.9 65 34 1 13 30% 288 33297 3244 29%
c - 59.49 28 88 45 230 86797 1 2318642 45637 1.9 64 33 1 13 30% 288 33297 3244 29%
c - 59.82 28 88 45 231 86801 1 2333807 40714 1.9 63 33 1 13 30% 288 33297 3244 29%
c - 60.17 29 88 45 232 86811 1 2349005 40267 1.9 62 32 1 13 30% 288 33297 3244 29%
c - 60.56 29 87 45 233 86816 1 2364236 38977 1.9 62 33 1 13 29% 288 33297 3244 29%
c - 60.96 29 86 45 234 86817 1 2379500 35989 1.9 63 34 1 13 29% 288 33297 3244 29%
c - 61.32 29 86 45 235 86824 1 2394797 36128 1.8 64 34 1 13 29% 288 33297 3244 29%
c o 61.61 29 86 45 235 86832 1 2408605 49697 1.8 63 34 1 13 29% 288 33297 3244 29%
c - 61.65 29 86 45 236 86832 1 2410126 38013 1.8 63 34 1 13 29% 288 33297 3244 29%
c - 62.03 29 87 45 237 86839 1 2425488 38732 1.9 64 34 1 13 29% 288 33297 3244 29%
c - 62.39 29 86 45 238 86846 1 2440883 38773 1.8 64 35 1 13 29% 288 33297 3244 29%
c u 62.71 29 86 45 238 86848 1 2450602 45591 1.8 64 35 1 13 29% 288 33297 3244 29%
c
c seconds   switched      rate           size/glue  tier1    binary        remaining
c        MB   reductions     conflicts         size   tier2     irredundant
c         level     restarts        redundant     glue    trail       variables
c
c v 62.76 29 86 45 238 86848 1 2450602 43097 1.8 64 35 1 13 29% 288 33297 3244 29%
c w 62.88 31 86 45 238 86848 1 2450602 42846 1.8 64 35 1 13 29% 288 33297 3244 29%
c - 63.03 31 86 45 239 86848 1 2456311 34388 1.8 64 35 1 13 29% 289 33297 3244 29%
c O 63.04 31 86 45 239 86848 1 2456909 34971 1.8 64 35 1 13 29% 289 33297 3244 29%
c ] 63.32 35 85 46 239 86849 1 2467624 45443 1.8 65 35 1 13 29% 289 33297 3244 29%
c { 63.32 35 76 46 239 86849 8 2467624 45443 1.9 24 12 1 4 20% 289 33297 3244 29%
c - 63.43 36 76 46 240 87087 8 2471770 37000 1.9 24 12 1 4 20% 289 33297 3244 29%
c - 63.79 36 76 46 241 87991 8 2487261 42368 1.9 24 12 1 4 20% 289 33297 3244 29%
c - 64.20 36 77 46 242 88926 8 2502785 47856 1.9 24 12 1 4 20% 289 33297 3244 29%
c - 64.66 37 77 46 243 89930 8 2518341 51132 1.9 24 12 1 4 20% 289 33297 3244 29%
c - 65.10 37 77 46 244 90826 8 2533931 53583 2.0 24 12 1 4 20% 289 33297 3244 29%
c - 65.61 37 77 46 245 91889 8 2549552 55537 2.0 24 13 1 4 21% 289 33297 3244 29%
c - 66.13 37 77 46 246 92974 8 2565204 57199 2.0 25 13 1 4 21% 289 33297 3244 29%
c - 66.68 37 77 46 247 94143 8 2580888 58594 2.0 25 13 1 4 21% 289 33297 3244 29%
c } 66.85 37 76 47 247 94508 8 2585668 63256 2.0 25 13 1 4 21% 289 33297 3244 29%
c [ 66.85 37 85 47 247 94508 1 2585668 63256 1.8 65 35 1 13 29% 289 33297 3244 29%
c - 67.07 37 86 47 248 94514 1 2596604 56543 1.8 64 35 1 13 29% 289 33297 3244 29%
c u 67.35 37 86 47 248 94520 1 2605387 61528 1.8 64 35 1 13 29% 289 33297 3244 29%
c v 67.45 37 86 47 248 94520 1 2605387 55444 1.8 64 35 1 13 29% 289 33297 3244 29%
c w 67.58 40 86 47 248 94520 1 2605387 55358 1.8 64 35 1 13 29% 289 33297 3244 29%
c
c seconds   switched      rate           size/glue  tier1    binary        remaining
c        MB   reductions     conflicts         size   tier2     irredundant
c         level     restarts        redundant     glue    trail       variables
c
c - 67.74 44 86 47 249 94522 1 2612354 42338 1.9 64 35 1 13 29% 289 33297 3244 29%
c B 67.88 45 85 47 249 94523 1 2619573 49419 1.9 64 34 1 13 29% 289 33297 3244 29%
c - 68.05 45 86 47 250 94529 1 2628134 40916 1.9 63 34 1 13 30% 289 33297 3244 29%
c - 68.40 45 85 47 251 94537 1 2643948 40558 1.9 63 33 1 13 29% 289 33297 3244 29%
c - 68.79 45 85 47 252 94538 1 2659790 38654 1.9 64 33 1 13 30% 289 33297 3244 29%
c o 68.99 45 84 47 252 94539 1 2668051 46734 1.9 63 33 1 13 30% 289 33297 3244 29%
c - 69.19 45 85 47 253 94544 1 2675665 38554 1.9 64 33 1 13 30% 289 33297 3244 29%
c - 69.57 45 84 47 254 94552 1 2691571 39231 1.9 64 33 1 13 30% 289 33297 3244 29%
c - 69.91 45 83 47 255 94559 1 2707508 39518 1.9 64 33 1 13 30% 289 33297 3244 29%
c - 70.30 45 83 47 256 94567 1 2723477 40467 2.0 65 33 1 13 30% 289 33297 3244 29%
c - 70.69 45 82 47 257 94569 1 2739478 40145 2.0 66 33 1 13 30% 289 33297 3244 29%
c - 71.12 45 83 47 258 94570 1 2755510 39093 1.9 67 34 1 13 30% 289 33297 3244 29%
c ] 71.28 45 82 48 258 94570 1 2761957 45456 1.9 67 35 1 13 30% 289 33297 3244 29%
c { 71.28 45 76 48 258 94570 8 2761957 45456 2.0 25 13 1 4 21% 289 33297 3244 29%
c u 71.43 45 77 48 258 94775 8 2765400 46765 2.0 25 13 1 4 21% 289 33297 3244 29%
c v 71.48 45 77 48 258 94775 8 2765400 44523 2.0 25 13 1 4 21% 289 33297 3244 29%
c w 71.55 49 77 48 258 94775 8 2765400 44356 2.0 25 13 1 4 21% 289 33297 3244 29%
c x 71.58 49 77 48 258 94775 8 2765400 44353 2.0 25 13 1 4 21% 289 33279 3244 29%
c - 71.74 49 77 48 259 95092 8 2771573 38739 2.0 25 13 1 4 21% 289 33279 3244 29%
c - 72.14 49 77 48 260 95925 8 2787667 45893 2.0 25 13 1 4 21% 289 33279 3244 29%
c
c seconds   switched      rate           size/glue  tier1   binary        remaining
c        MB   reductions     conflicts         size   tier2    irredundant
c         level     restarts        redundant     glue   trail       variables
c
c - 72.61 50 77 48 261 96876 8 2803791 50079 2.0 25 13 1 4 21% 289 33279 3244 29%
c - 73.19 50 77 48 262 97914 8 2819947 52946 2.0 25 13 1 4 21% 289 33279 3244 29%
c - 73.78 50 77 48 263 98943 7 2836133 55226 2.0 25 13 1 4 21% 289 33279 3244 29%
c - 74.33 50 77 48 264 100021 8 2852351 57329 2.0 26 13 1 4 21% 289 33279 3244 29%
c - 74.89 51 77 48 265 100984 7 2868599 59108 2.0 26 13 1 4 21% 289 33279 3244 29%
c - 75.46 51 77 48 266 102001 7 2884878 60421 2.0 26 13 1 4 21% 289 33279 3244 29%
c } 75.62 51 77 49 266 102333 7 2889568 64990 2.0 26 13 1 4 21% 289 33279 3244 29%
c [ 75.62 51 82 49 266 102333 1 2889568 64990 1.9 67 35 1 13 30% 289 33279 3244 29%
c W 75.67 51 82 49 266 102333 1 2889568 64990 1.9 67 35 1 13 30% 289 33279 3244 29%
c - 75.97 51 82 49 267 102339 1 2901189 57782 1.9 67 35 1 13 30% 289 33279 3244 29%
c o 76.14 51 83 49 267 102345 1 2908088 64530 1.9 67 35 1 13 30% 289 33279 3244 29%
c - 76.42 51 84 49 268 102347 1 2917531 49988 1.9 68 35 1 13 30% 289 33279 3244 29%
c u 76.87 51 84 49 268 102353 1 2930648 58976 1.9 68 35 1 13 30% 289 33279 3244 29%
c v 76.95 51 84 49 268 102353 1 2930648 53497 1.9 68 35 1 13 30% 289 33279 3244 29%
c w 77.16 51 84 49 268 102353 1 2930648 53341 1.9 68 35 1 13 30% 289 33279 3244 29%
c - 77.99 53 84 49 269 102354 1 2933901 37972 1.9 68 35 1 13 30% 289 33279 3244 29%
c - 78.45 53 84 49 270 102362 1 2950302 38079 1.9 68 36 1 13 30% 289 33279 3244 29%
c - 78.91 53 84 49 271 102363 1 2966737 38603 1.9 68 35 1 13 30% 289 33279 3244 29%
c - 79.34 53 84 49 272 102370 1 2983200 39366 1.9 68 36 1 13 30% 289 33279 3244 29%
c - 79.71 49 84 49 273 102378 1 2999692 40786 1.9 66 35 1 13 30% 289 33279 3244 29%
c
c seconds   switched       rate           size/glue  tier1    binary        remaining
c        MB   reductions      conflicts         size   tier2     irredundant
c         level      restarts        redundant     glue    trail       variables
c
c - 80.11 49 84 49 274 102385 1 3016214 40319 1.9 66 34 1 13 30% 289 33279 3244 29%
c - 80.50 49 84 49 275 102393 1 3032766 40322 1.9 65 34 1 13 30% 289 33279 3244 29%
c - 80.89 49 83 49 276 102394 1 3049350 40713 1.9 65 34 1 13 30% 289 33279 3244 29%
c - 81.35 49 82 49 277 102395 1 3065964 39771 1.9 65 34 1 13 30% 289 33279 3244 29%
c I 81.38 49 82 49 277 102395 1 3067222 41011 1.9 65 34 1 13 30% 289 33279 3244 29%
c ] 81.54 49 82 50 277 102395 1 3075632 49244 1.9 64 33 1 13 30% 289 33279 3244 29%
c { 81.54 49 77 50 277 102395 7 3075632 49244 2.0 26 13 1 4 21% 289 33279 3244 29%
c - 81.71 49 77 50 278 102557 7 3082607 44168 2.0 26 13 1 4 21% 290 33279 3244 29%
c - 82.15 49 77 50 279 103009 7 3099282 49835 2.0 26 13 1 4 22% 291 33279 3244 29%
c u 82.27 49 77 50 279 103057 7 3101175 49440 2.0 26 13 1 4 22% 291 33279 3244 29%
c v 82.32 49 77 50 279 103057 7 3101175 46277 2.0 26 13 1 4 22% 291 33279 3244 29%
c w 82.43 49 77 50 279 103057 7 3101175 45308 2.0 26 13 1 4 22% 291 33279 3244 29%
c - 82.84 49 77 50 280 103452 6 3115988 48671 2.0 26 13 1 4 22% 291 33279 3244 29%
c - 83.36 49 77 50 281 104035 6 3132722 52660 2.0 26 13 1 4 22% 291 33279 3244 29%
c o 83.83 49 76 50 281 104501 6 3148094 67624 2.0 26 13 1 4 22% 292 33279 3244 29%
c - 83.89 49 76 50 282 104554 6 3149485 55633 2.0 26 13 1 4 22% 292 33279 3244 29%
c - 84.49 49 76 50 283 105217 6 3166280 58066 2.0 26 13 1 4 22% 292 33279 3244 29%
c - 85.13 49 75 50 284 105948 6 3183102 59962 2.0 26 13 1 4 22% 292 33279 3244 29%
c - 85.80 49 75 50 285 106702 6 3199956 61733 2.0 26 13 1 4 22% 292 33279 3244 29%
c } 86.29 49 75 51 285 107271 6 3213157 74617 2.0 26 13 1 4 22% 293 33279 3244 29%
c
c seconds   switched       rate           size/glue  tier1    binary        remaining
c        MB   reductions      conflicts         size   tier2     irredundant
c         level      restarts        redundant     glue    trail       variables
c
c [ 86.29 49 82 51 285 107271 1 3213157 74617 1.9 64 33 1 13 30% 293 33279 3244 29%
c - 86.38 49 82 51 286 107273 1 3216837 62572 1.9 63 33 1 13 30% 293 33279 3244 29%
c - 86.76 58 83 51 287 107283 1 3233748 57327 1.9 63 33 1 13 30% 293 33279 3244 29%
c - 87.25 66 83 51 288 107289 1 3250690 47876 2.0 64 33 1 13 30% 293 33279 3244 29%
c B 87.30 66 84 51 288 107291 1 3252557 49712 1.9 64 33 1 13 30% 293 33279 3244 29%
c - 87.68 66 84 51 289 107299 1 3267662 46054 1.9 64 33 1 13 30% 293 33279 3244 29%
c u 88.01 66 84 51 289 107300 1 3277008 51229 1.9 64 33 1 13 30% 293 33279 3244 29%
c v 88.06 66 84 51 289 107300 1 3277008 47675 1.9 64 33 1 13 30% 293 33279 3244 29%
c w 88.37 76 84 51 289 107300 1 3277008 47356 1.9 64 33 1 13 30% 293 33279 3244 29%
c - 88.56 76 84 51 290 107301 1 3284662 38076 1.9 64 34 1 13 30% 293 33279 3244 29%
c - 88.95 76 84 51 291 107306 1 3301691 37870 1.9 64 34 1 13 30% 293 33279 3244 29%
c - 89.37 76 83 51 292 107315 1 3318751 39003 1.9 63 34 1 13 30% 293 33279 3244 29%
c - 89.80 64 82 51 293 107322 1 3335839 39470 1.8 63 34 1 13 30% 293 33279 3244 29%
c - 90.23 64 83 51 294 107330 1 3352957 40162 1.8 64 34 1 13 30% 293 33279 3244 29%
c - 90.70 64 82 51 295 107332 1 3370103 40730 1.9 65 35 1 13 30% 293 33279 3244 29%
c - 91.23 65 81 51 296 107333 1 3387279 39124 1.9 66 35 1 13 31% 293 33279 3244 29%
c - 91.71 69 80 51 297 107333 1 3404484 39303 1.9 67 35 1 13 30% 293 33279 3244 29%
c o 91.98 69 80 51 297 107336 1 3412813 47489 1.9 68 35 1 13 30% 293 33279 3244 29%
c - 92.22 69 81 51 298 107340 1 3421720 40658 1.9 68 35 1 13 30% 293 33279 3244 29%
c ] 92.45 69 81 52 298 107347 1 3431920 50653 1.9 68 35 1 13 31% 293 33279 3244 29%
c
c seconds   switched       rate           size/glue  tier1   binary        remaining
c        MB   reductions      conflicts         size   tier2    irredundant
c         level      restarts        redundant     glue   trail       variables
c
c { 92.45 69 75 52 298 107347 6 3431920 50653 2.0 26 13 1 4 22% 293 33279 3244 29%
c - 92.64 69 75 52 299 107729 6 3438983 44589 2.0 26 13 1 4 22% 293 33279 3244 29%
c - 93.12 69 75 52 300 108665 6 3456276 50962 2.0 26 13 1 4 22% 293 33279 3244 29%
c u 93.26 69 75 52 300 108777 6 3458172 50952 2.0 26 13 1 4 22% 293 33279 3244 29%
c v 93.31 69 75 52 300 108777 6 3458172 47788 2.0 26 13 1 4 22% 293 33279 3244 29%
c w 93.45 69 75 52 300 108777 6 3458172 46309 2.0 26 13 1 4 22% 293 33279 3244 29%
c - 93.86 69 76 52 301 109489 6 3473596 49812 2.0 26 13 1 4 22% 293 33279 3244 29%
c - 94.34 69 77 52 302 110318 6 3490945 54161 2.0 26 13 1 4 22% 293 33279 3244 29%
c - 94.97 59 77 52 303 111316 6 3508323 57180 2.0 26 13 1 4 22% 293 33279 3244 29%
c - 95.54 41 77 52 304 112241 6 3525729 59322 2.0 26 13 1 4 22% 293 33279 3244 29%
c - 96.13 41 78 52 305 113245 6 3543164 61090 2.0 26 13 1 4 22% 294 33279 3244 29%
c - 96.77 42 78 52 306 114329 7 3560629 62760 2.0 26 13 1 4 22% 294 33279 3244 29%
c - 97.38 42 78 52 307 115321 7 3578125 64183 2.0 27 13 1 4 22% 294 33279 3244 29%
c } 97.43 42 78 53 307 115399 7 3579707 65709 2.0 27 13 1 4 22% 294 33279 3244 29%
c [ 97.43 42 81 53 307 115399 1 3579707 65709 1.9 68 35 1 13 31% 294 33279 3244 29%
c W 97.46 42 81 53 307 115399 1 3579707 65709 1.9 68 35 1 13 31% 294 33279 3244 29%
c - 97.82 43 82 53 308 115408 1 3595647 60987 2.0 66 34 1 13 31% 294 33279 3244 29%
c - 98.25 43 81 53 309 115414 1 3613197 51562 1.9 65 34 1 13 30% 294 33279 3244 29%
c - 98.68 44 82 53 310 115425 1 3630775 47927 1.9 65 33 1 13 30% 294 33279 3244 29%
c u 99.12 45 81 53 310 115428 1 3644695 57430 2.0 65 33 1 13 31% 294 33279 3244 29%
c
c seconds   switched       rate           size/glue  tier1    binary        remaining
c        MB   reductions      conflicts         size   tier2     irredundant
c         level      restarts        redundant     glue    trail       variables
c
c v 99.18 45 81 53 310 115428 1 3644695 53597 2.0 65 33 1 13 31% 294 33279 3244 29%
c w 99.45 56 81 53 310 115428 1 3644695 53366 2.0 65 33 1 13 31% 294 33279 3244 29%
c - 99.55 57 82 53 311 115429 1 3648382 42010 2.0 65 33 1 13 31% 294 33279 3244 29%
c - 99.96 42 81 53 312 115432 1 3666018 42422 2.0 65 33 1 13 31% 294 33279 3244 29%
c - 100.43 42 81 53 313 115443 1 3683682 41804 1.9 65 33 1 13 31% 294 33279 3244 29%
c - 101.05 42 81 53 314 115450 1 3701378 41023 1.9 65 34 1 13 30% 294 33279 3244 29%
c - 101.64 42 80 53 315 115458 1 3719099 39766 1.9 66 35 1 13 30% 294 33279 3244 29%
c - 102.15 38 80 53 316 115460 1 3736849 40988 1.9 66 35 1 13 30% 294 33279 3244 29%
c - 102.57 38 79 53 317 115461 1 3754625 41263 1.9 65 35 1 13 30% 294 33279 3244 29%
c - 103.11 44 79 53 318 115461 1 3772429 40635 1.9 66 35 1 13 31% 294 33279 3244 29%
c O 103.34 44 79 53 318 115464 1 3780775 48871 1.9 66 35 1 13 31% 294 33279 3244 29%
c o 103.34 44 79 53 318 115464 1 3780775 48871 1.9 66 35 1 13 31% 294 33279 3244 29%
c - 103.57 45 80 53 319 115469 1 3790261 42942 1.9 65 35 1 13 31% 294 33279 3244 29%
c ] 103.60 45 80 54 319 115470 1 3791280 43950 1.9 65 35 1 13 31% 294 33279 3244 29%
c { 103.60 45 78 54 319 115470 7 3791280 43950 2.0 27 13 1 4 22% 294 33279 3244 29%
c - 104.07 45 78 54 320 115878 6 3808123 49969 2.0 27 13 1 4 22% 296 33279 3244 29%
c - 104.67 45 77 54 321 116401 6 3826011 55093 2.0 27 13 1 4 22% 296 33279 3244 29%
c u 105.13 45 77 54 321 116734 6 3836601 63079 2.0 27 13 1 4 22% 296 33279 3244 29%
c v 105.21 45 77 54 321 116734 6 3836601 59105 2.0 27 13 1 4 22% 296 33279 3244 29%
c w 105.38 46 77 54 321 116734 6 3836601 58778 2.0 27 13 1 4 22% 296 33279 3244 29%
c
c seconds    switched       rate           size/glue  tier1   binary        remaining
c         MB   reductions      conflicts         size   tier2    irredundant
c          level      restarts        redundant     glue   trail       variables
c
c - 106.32 47 77 54 322 116913 6 3843927 52805 2.0 27 13 1 4 22% 296 33279 3244 29%
c - 106.91 47 76 54 323 117456 6 3861872 56660 2.0 27 13 1 4 22% 297 33279 3244 29%
c - 107.50 47 76 54 324 118005 5 3879845 59821 2.0 27 13 1 4 23% 297 33279 3244 29%
c - 108.19 47 76 54 325 118665 5 3897850 62287 2.0 27 13 1 4 23% 297 33279 3244 29%
c - 108.93 47 75 54 326 119421 5 3915877 64259 2.0 27 13 1 4 23% 297 33279 3244 29%
c - 109.67 43 75 54 327 120211 5 3933932 65953 2.0 27 13 1 4 23% 297 33279 3244 29%
c } 110.34 43 74 55 327 120932 5 3949674 81373 2.0 27 13 1 4 22% 297 33279 3244 29%
c [ 110.34 43 80 55 327 120932 1 3949674 81373 1.9 65 35 1 13 31% 297 33279 3244 29%
c - 110.41 43 80 55 328 120934 1 3952016 66974 1.9 65 34 1 13 31% 297 33279 3244 29%
c - 110.82 44 81 55 329 120944 1 3970126 61768 1.9 65 34 1 13 30% 297 33279 3244 29%
c - 111.24 44 81 55 330 120951 1 3988266 51379 1.9 64 33 1 13 30% 297 33279 3244 29%
c B 111.28 44 81 55 330 120952 1 3989891 52979 1.9 64 33 1 13 30% 297 33279 3244 29%
c - 111.66 45 82 55 331 120960 1 4006432 49354 1.9 64 33 1 13 30% 297 33279 3244 29%
c - 112.06 50 82 55 332 120962 1 4024626 46523 2.0 65 33 1 13 30% 297 33279 3244 29%
c u 112.36 51 82 55 332 120964 1 4033918 51683 2.0 65 33 1 13 30% 297 33279 3244 29%
c v 112.41 51 82 55 332 120964 1 4033918 48464 2.0 65 33 1 13 30% 297 33279 3244 29%
c w 112.77 55 82 55 332 120964 1 4033918 47809 2.0 65 33 1 13 30% 297 33279 3244 29%
c - 112.96 57 82 55 333 120969 1 4042847 40381 2.0 65 33 1 13 30% 297 33279 3244 29%
c - 113.36 58 82 55 334 120977 1 4061095 42487 2.0 63 32 1 13 29% 297 33279 3244 29%
c o 113.58 58 82 55 334 120983 1 4071137 52340 1.9 63 32 1 13 29% 297 33279 3244 29%
c
c seconds    switched       rate           size/glue  tier1    binary        remaining
c         MB   reductions      conflicts         size   tier2     irredundant
c          level      restarts        redundant     glue    trail       variables
c
c - 113.80 58 83 55 335 120986 1 4079370 42857 1.9 63 33 1 13 29% 297 33279 3244 29%
c - 114.22 58 84 55 336 120992 1 4097673 44313 1.9 64 33 1 13 29% 297 33279 3244 29%
c - 114.67 58 84 55 337 120994 1 4116003 44742 2.0 64 33 1 13 30% 297 33279 3244 29%
c - 115.15 63 83 55 338 120994 1 4134360 43415 2.0 66 33 1 13 31% 297 33279 3244 29%
c - 115.68 66 83 55 339 120999 1 4152745 42973 2.0 67 34 1 13 31% 297 33279 3244 29%
c - 116.13 69 84 55 340 121008 1 4171156 44218 2.0 66 33 1 13 31% 297 33279 3244 29%
c - 116.61 70 84 55 341 121016 1 4189596 43307 2.0 67 34 1 13 31% 297 33279 3244 29%
c W 117.08 72 85 55 341 121024 1 4207173 60460 1.9 67 35 1 13 31% 297 33279 3244 29%
c - 117.12 73 85 55 342 121024 1 4208064 42670 1.9 67 35 1 13 31% 297 33279 3244 29%
c ] 117.50 76 85 56 342 121025 1 4224707 58997 1.9 67 35 1 13 31% 297 33279 3244 29%
c { 117.50 76 74 56 342 121025 5 4224707 58997 2.0 27 13 1 4 22% 297 33279 3244 29%
c - 117.56 77 74 56 343 121121 5 4226557 43673 2.0 27 13 1 4 22% 297 33279 3244 29%
c u 117.89 77 75 56 343 121608 6 4236670 51961 2.0 27 13 1 4 22% 297 33279 3244 29%
c v 117.94 77 75 56 343 121608 6 4236670 49511 2.0 27 13 1 4 22% 297 33279 3244 29%
c w 118.01 77 75 56 343 121608 6 4236670 49006 2.0 27 13 1 4 22% 297 33279 3244 29%
c x 118.05 78 75 56 343 121608 6 4236670 49000 2.0 27 13 1 4 22% 297 33270 3244 29%
c - 118.26 78 75 56 344 121944 6 4245077 46647 2.0 27 13 1 4 22% 297 33270 3244 29%
c - 118.79 78 76 56 345 122878 6 4263626 53687 2.0 27 13 1 4 22% 297 33270 3244 29%
c - 119.38 49 77 56 346 123880 6 4282201 57855 2.0 27 13 1 4 22% 297 33270 3244 29%
c - 120.01 50 77 56 347 124955 6 4300806 60775 2.0 27 13 1 4 22% 297 33270 3244 29%
c
c seconds    switched       rate           size/glue  tier1   binary        remaining
c         MB   reductions      conflicts         size   tier2    irredundant
c          level      restarts        redundant     glue   trail       variables
c
c - 120.69 50 77 56 348 125998 6 4319434 63170 2.0 27 13 1 4 22% 297 33270 3244 29%
c - 121.39 50 78 56 349 127088 6 4338092 65168 2.0 27 13 1 4 22% 297 33270 3244 29%
c o 121.91 52 78 56 349 127905 6 4351139 77879 2.0 27 14 1 4 22% 297 33270 3244 29%
c - 122.15 52 78 56 350 128271 7 4356773 66823 2.0 27 14 1 4 22% 297 33270 3244 29%
c - 122.85 52 78 56 351 129340 7 4375481 68141 2.0 27 14 1 4 22% 297 33270 3244 29%
c } 123.59 52 78 57 351 130412 7 4394049 86282 2.0 27 14 1 4 22% 297 33270 3244 29%
c [ 123.59 52 85 57 351 130412 1 4394049 86282 1.9 67 35 1 13 31% 297 33270 3244 29%
c - 123.60 52 85 57 352 130412 1 4394216 69400 1.9 67 35 1 13 31% 297 33270 3244 29%
c - 124.05 54 86 57 353 130424 1 4412978 65239 1.9 67 34 1 13 31% 297 33270 3244 29%
c e 124.16 54 86 57 353 130425 1 4417247 69442 2.0 67 34 1 13 31% 292 33289 3243 29%
c - 124.57 54 86 57 354 130430 1 4431766 54301 1.9 67 35 1 13 30% 292 33289 3243 29%
c I 124.61 54 86 57 354 130431 1 4432739 55256 1.9 67 35 1 13 30% 292 33289 3243 29%
c u 124.97 54 86 57 354 130438 1 4444887 62743 1.9 66 34 1 13 30% 292 33289 3243 29%
c v 125.06 54 86 57 354 130438 1 4444887 57659 1.9 66 34 1 13 30% 292 33289 3243 29%
c w 125.36 58 86 57 354 130438 1 4444887 57402 1.9 66 34 1 13 30% 292 33289 3243 29%
c - 125.49 63 86 57 355 130440 1 4450581 44119 1.9 66 34 1 13 30% 292 33289 3243 29%
c - 125.90 67 87 57 356 130442 1 4469422 45117 2.0 65 33 1 13 30% 292 33289 3243 29%
c - 126.32 67 88 57 357 130449 1 4488291 45339 1.9 65 34 1 13 30% 292 33289 3243 29%
c - 126.72 71 87 57 358 130457 1 4507186 46589 1.9 64 33 1 13 30% 292 33289 3243 29%
c - 127.12 71 87 57 359 130468 1 4526106 46976 1.9 63 33 1 13 30% 292 33289 3243 29%
c
c seconds    switched       rate           size/glue  tier1    binary        remaining
c         MB   reductions      conflicts         size   tier2     irredundant
c          level      restarts        redundant     glue    trail       variables
c
c - 127.53 72 87 57 360 130473 1 4545054 46799 1.9 63 32 1 13 30% 292 33289 3243 29%
c - 127.98 76 86 57 361 130474 1 4564027 45982 2.0 64 32 1 13 31% 292 33289 3243 29%
c - 128.43 79 85 57 362 130474 1 4583027 45477 2.0 63 32 1 13 31% 292 33289 3243 29%
c - 128.89 87 85 57 363 130481 1 4602053 45869 2.0 63 32 1 13 31% 292 33289 3243 29%
c - 129.35 68 85 57 364 130489 1 4621107 46962 2.0 64 33 1 13 31% 292 33289 3243 29%
c - 129.80 69 86 57 365 130499 1 4640186 46797 2.0 65 33 1 13 31% 292 33289 3243 29%
c o 130.01 69 86 57 365 130504 1 4649271 55702 2.0 64 33 1 13 31% 292 33289 3243 29%
c u 130.36 73 86 57 365 130505 1 4658586 62059 2.0 65 33 1 13 31% 292 33289 3243 29%
c v 130.41 73 86 57 365 130505 1 4658586 59439 2.0 65 33 1 13 31% 292 33289 3243 29%
c w 130.59 80 86 57 365 130505 1 4658586 59287 2.0 65 33 1 13 31% 292 33289 3243 29%
c - 130.61 80 86 57 366 130505 1 4659291 43019 2.0 65 33 1 13 31% 292 33289 3243 29%
c B 130.80 81 87 57 366 130505 1 4666706 50226 1.9 65 34 1 13 30% 292 33289 3243 29%
c ] 131.16 85 86 58 366 130508 1 4678042 61168 1.9 66 35 1 13 30% 292 33289 3243 29%
c { 131.16 85 78 58 366 130508 7 4678042 61168 2.0 27 14 1 4 22% 292 33289 3243 29%
c - 131.17 86 78 58 367 130528 7 4678422 42438 2.0 27 14 1 4 22% 292 33289 3243 29%
c - 131.63 86 79 58 368 131221 6 4697585 49295 2.0 27 14 1 4 22% 292 33289 3243 29%
c - 132.15 87 80 58 369 131963 6 4716769 56584 2.0 27 14 1 4 23% 292 33289 3243 29%
c - 132.75 88 79 58 370 132801 6 4735979 60592 2.0 28 14 1 4 23% 292 33289 3243 29%
c - 133.38 89 79 58 371 133682 6 4755215 63293 2.0 28 14 1 4 23% 292 33289 3243 29%
c - 134.06 89 79 58 372 134688 6 4774476 65575 2.0 28 14 1 4 23% 292 33289 3243 29%
c
c seconds    switched       rate           size/glue  tier1   binary        remaining
c         MB   reductions      conflicts         size   tier2    irredundant
c          level      restarts        redundant     glue   trail       variables
c
c - 134.79 89 79 58 373 135847 6 4793764 67075 2.0 28 14 1 4 23% 292 33289 3243 29%
c - 135.52 89 79 58 374 136937 6 4813077 68489 2.0 28 14 1 4 23% 292 33289 3243 29%
c - 136.31 89 79 58 375 138035 7 4832416 69843 2.0 28 14 1 4 23% 293 33289 3243 29%
c - 137.08 90 79 58 376 139111 7 4851780 71101 2.0 28 14 1 4 23% 293 33289 3243 29%
c } 137.33 90 79 59 376 139468 7 4858673 77835 2.0 28 14 1 4 23% 293 33289 3243 29%
c [ 137.33 90 86 59 376 139468 1 4858673 77835 1.9 66 35 1 13 30% 293 33289 3243 29%
c - 137.68 91 87 59 377 139475 1 4871170 68960 1.9 66 34 1 13 31% 293 33289 3243 29%
c u 137.97 91 87 59 377 139480 1 4877801 71012 1.9 66 34 1 13 31% 293 33289 3243 29%
c v 138.10 91 87 59 377 139480 1 4877801 63787 1.9 66 34 1 13 31% 293 33289 3243 29%
c w 138.34 93 87 59 377 139480 1 4877801 63369 1.9 66 34 1 13 31% 293 33289 3243 29%
c - 138.63 94 87 59 378 139482 1 4890586 53436 1.9 65 33 1 13 31% 293 33289 3243 29%
c W 139.17 98 87 59 378 139494 1 4909187 71693 2.0 65 33 1 13 31% 293 33289 3243 29%
c - 139.20 99 87 59 379 139494 1 4910030 50456 2.0 65 33 1 13 31% 293 33289 3243 29%
c - 139.75 69 87 59 380 139498 1 4929497 48081 2.0 68 35 1 13 31% 293 33289 3243 29%
c - 140.26 73 86 59 381 139504 1 4948990 45262 2.0 69 35 1 13 32% 293 33289 3243 29%
c - 140.73 76 86 59 382 139513 1 4968510 46721 2.0 68 35 1 13 32% 293 33289 3243 29%
c o 140.84 76 86 59 382 139513 1 4973498 51588 2.0 68 34 1 13 32% 293 33289 3243 29%
c - 141.21 80 86 59 383 139522 1 4988055 48259 2.0 67 34 1 13 32% 293 33289 3243 29%
c - 141.73 84 85 59 384 139529 1 5007626 48592 1.9 68 35 1 13 32% 293 33289 3243 29%
c - 142.16 88 85 59 385 139530 1 5027222 47391 1.9 66 34 1 13 31% 293 33289 3243 29%
c
c seconds    switched       rate           size/glue  tier1    binary        remaining
c         MB   reductions      conflicts         size   tier2     irredundant
c          level      restarts        redundant     glue    trail       variables
c
c - 142.66 92 83 59 386 139530 1 5046843 45009 1.9 67 35 1 13 30% 293 33289 3243 29%
c - 143.13 96 82 59 387 139537 1 5066489 45489 1.9 66 34 1 13 30% 293 33289 3243 29%
c - 143.58 96 82 59 388 139545 1 5086161 48324 1.9 64 34 1 13 29% 293 33289 3243 29%
c u 144.08 96 83 59 388 139554 1 5102531 61911 1.9 63 34 1 13 29% 293 33289 3243 29%
c v 144.13 96 83 59 388 139554 1 5102531 59800 1.9 63 34 1 13 29% 293 33289 3243 29%
c w 144.35 100 83 59 388 139554 1 5102531 59485 1.9 63 34 1 13 29% 293 33289 3243 29%
c - 145.16 100 83 59 389 139556 1 5105859 44369 1.9 63 34 1 13 29% 293 33289 3243 29%
c - 145.62 105 84 59 390 139561 1 5125582 44550 1.9 64 34 1 13 29% 293 33289 3243 29%
c ] 146.04 105 84 60 390 139566 1 5144523 63134 1.9 64 34 1 13 29% 293 33289 3243 29%
c { 146.04 105 79 60 390 139566 7 5144523 63134 2.0 28 14 1 4 23% 293 33289 3243 29%
c - 146.08 103 79 60 391 139612 7 5145331 45045 2.0 28 14 1 4 23% 293 33289 3243 29%
c - 146.60 105 79 60 392 140414 6 5165105 52832 2.0 28 14 1 4 23% 293 33289 3243 29%
c - 147.19 106 80 60 393 141321 6 5184904 58905 2.0 28 14 1 4 23% 293 33289 3243 29%
c - 147.80 107 80 60 394 142122 6 5204728 62575 2.0 29 14 1 4 23% 293 33289 3243 29%
c - 148.53 107 80 60 395 143070 6 5224578 65154 2.0 29 14 1 4 23% 293 33289 3243 29%
c - 149.23 68 80 60 396 144004 6 5244452 67099 2.0 29 14 1 4 23% 293 33289 3243 29%
c - 149.95 68 80 60 397 144988 6 5264351 68981 2.0 29 14 1 4 23% 293 33289 3243 29%
c o 150.59 68 80 60 397 145789 6 5283498 87634 2.0 29 14 1 4 23% 293 33289 3243 29%
c - 150.63 68 80 60 398 145830 6 5284275 70456 2.0 29 14 1 4 23% 293 33289 3243 29%
c - 151.40 68 80 60 399 146925 6 5304224 71942 2.0 29 14 1 4 23% 293 33289 3243 29%
c
c seconds    switched       rate           size/glue  tier1   binary        remaining
c         MB   reductions      conflicts         size   tier2    irredundant
c          level      restarts        redundant     glue   trail       variables
c
c - 152.14 69 80 60 400 147915 6 5324198 73221 2.0 29 14 1 4 23% 293 33289 3243 29%
c u 152.54 69 79 60 400 148190 6 5332825 77607 2.1 30 14 1 4 23% 293 33289 3243 29%
c v 152.67 69 79 60 400 148190 6 5332825 70227 2.1 30 14 1 4 23% 293 33289 3243 29%
c w 152.87 69 79 60 400 148190 6 5332825 69884 2.1 30 14 1 4 23% 293 33289 3243 29%
c } 153.01 69 79 61 400 148358 6 5336775 73731 2.1 30 14 1 4 23% 293 33289 3243 29%
c [ 153.01 69 84 61 400 148358 1 5336775 73731 1.9 64 34 1 13 29% 293 33289 3243 29%
c O 153.01 69 84 61 400 148358 1 5336775 73731 1.9 64 34 1 13 29% 293 33289 3243 29%
c - 153.18 70 84 61 401 148363 1 5344199 62353 1.9 63 34 1 13 29% 293 33289 3243 29%
c - 153.67 71 83 61 402 148372 1 5364224 58293 1.9 62 33 1 13 29% 293 33289 3243 29%
c - 154.27 75 81 61 403 148382 1 5384276 52967 1.9 62 32 1 13 29% 293 33289 3243 29%
c - 154.74 76 81 61 404 148388 1 5404351 52302 2.0 63 32 1 13 30% 293 33289 3243 29%
c - 155.28 81 79 61 405 148393 1 5424450 51816 2.0 62 31 1 13 29% 293 33289 3243 29%
c - 155.75 84 79 61 406 148403 1 5444574 51505 2.0 63 31 1 13 29% 293 33289 3243 29%
c - 156.26 89 80 61 407 148411 1 5464723 50312 2.0 63 32 1 13 30% 293 33289 3243 29%
c - 156.75 92 81 61 408 148418 1 5484897 51384 2.0 63 32 1 13 30% 293 33289 3243 29%
c - 157.36 97 81 61 409 148420 1 5505096 50966 2.0 66 32 1 13 31% 293 33289 3243 29%
c - 157.91 101 81 61 410 148420 1 5525320 49466 2.1 67 32 1 13 32% 293 33289 3243 29%
c - 158.39 90 80 61 411 148427 1 5545568 51143 2.1 65 32 1 13 32% 293 33289 3243 29%
c - 158.93 87 81 61 412 148435 1 5565841 52333 2.0 65 32 1 13 32% 293 33289 3243 29%
c u 159.10 87 81 61 412 148437 1 5568685 52005 2.0 65 32 1 13 32% 293 33289 3243 29%
c
c seconds    switched       rate           size/glue  tier1    binary        remaining
c         MB   reductions      conflicts         size   tier2     irredundant
c          level      restarts        redundant     glue    trail       variables
c
c v 159.15 87 81 61 412 148437 1 5568685 49348 2.0 65 32 1 13 32% 293 33289 3243 29%
c w 159.37 88 81 61 412 148437 1 5568685 47205 2.0 65 32 1 13 32% 293 33289 3243 29%
c - 159.77 71 82 61 413 148448 1 5586138 46708 2.0 64 32 1 13 32% 293 33289 3243 29%
c B 160.07 72 81 61 413 148450 1 5596626 57070 2.0 65 32 1 13 32% 293 33289 3243 29%
c - 160.31 75 82 61 414 148451 1 5606460 48717 2.0 65 32 1 13 32% 293 33289 3243 29%
c o 160.57 77 81 61 414 148454 1 5618824 60822 2.0 64 31 1 13 31% 293 33289 3243 29%
c - 160.78 80 82 61 415 148458 1 5626806 49024 2.0 64 31 1 13 31% 293 33289 3243 29%
c ] 160.81 80 82 62 415 148458 1 5628423 50618 2.0 64 31 1 13 31% 293 33289 3243 29%
c { 160.81 80 79 62 415 148458 6 5628423 50618 2.1 30 14 1 4 23% 293 33289 3243 29%
c - 161.34 82 79 62 416 149210 6 5647178 54615 2.1 29 14 1 4 23% 293 33289 3243 29%
c - 161.93 81 79 62 417 149984 6 5667578 61283 2.1 30 14 1 4 23% 293 33289 3243 29%
c - 162.61 82 80 62 418 150904 6 5687998 64863 2.1 29 14 1 4 23% 293 33289 3243 29%
c - 163.36 81 79 62 419 151977 6 5708443 67239 2.1 29 14 1 4 23% 293 33289 3243 29%
c - 164.14 81 79 62 420 153027 6 5728912 69311 2.1 30 14 1 4 23% 293 33289 3243 29%
c - 164.89 82 79 62 421 154036 6 5749406 71352 2.1 30 14 1 4 23% 293 33289 3243 29%
c - 165.74 82 79 62 422 155157 6 5769924 72919 2.1 30 15 1 4 23% 293 33289 3243 29%
c - 166.55 81 79 62 423 156132 6 5790468 74358 2.1 30 14 1 4 23% 293 33289 3243 29%
c u 167.48 82 79 62 423 157170 6 5810137 89752 2.1 30 15 1 4 23% 293 33289 3243 29%
c v 167.64 82 79 62 423 157170 6 5810137 82155 2.1 30 15 1 4 23% 293 33289 3243 29%
c w 167.82 83 79 62 423 157170 6 5810137 81907 2.1 30 15 1 4 23% 293 33289 3243 29%
c
c seconds    switched       rate           size/glue  tier1   binary        remaining
c         MB   reductions      conflicts         size   tier2    irredundant
c          level      restarts        redundant     glue   trail       variables
c
c - 167.86 83 79 62 424 157198 6 5811037 65412 2.1 30 15 1 4 23% 293 33289 3243 29%
c - 168.55 84 79 62 425 158044 6 5831629 67846 2.1 30 15 1 4 23% 293 33289 3243 29%
c } 168.58 84 79 63 425 158092 6 5832632 68823 2.1 30 15 1 4 23% 293 33289 3243 29%
c [ 168.58 84 82 63 425 158092 1 5832632 68823 2.0 64 31 1 13 31% 293 33289 3243 29%
c - 169.08 84 83 63 426 158104 1 5852244 65152 2.0 64 31 1 13 31% 293 33289 3243 29%
c W 169.45 45 83 63 426 158106 1 5865327 77945 2.0 64 32 1 13 31% 293 33289 3243 29%
c - 169.64 45 83 63 427 158112 1 5872883 57764 2.0 63 31 1 13 31% 293 33289 3243 29%
c - 170.13 47 84 63 428 158121 1 5893549 54947 2.0 64 31 1 13 31% 293 33289 3243 29%
c - 170.69 51 84 63 429 158122 1 5914237 52412 2.0 64 32 1 13 30% 293 33289 3243 29%
c - 171.17 54 84 63 430 158135 1 5934950 51724 2.0 63 32 1 13 30% 293 33289 3243 29%
c - 171.68 58 82 63 431 158143 1 5955688 52504 2.0 63 32 1 13 30% 293 33289 3243 29%
c - 172.26 62 80 63 432 158152 1 5976449 52667 2.0 63 32 1 13 31% 293 33289 3243 29%
c - 172.74 66 79 63 433 158154 1 5997234 53361 2.0 63 31 1 13 31% 293 33289 3243 29%
c - 173.23 66 78 63 434 158154 1 6018042 53313 2.1 63 31 1 13 31% 293 33289 3243 29%
c o 173.60 70 78 63 434 158158 1 6034222 69288 2.1 63 30 1 13 31% 293 33289 3243 29%
c - 173.73 71 78 63 435 158161 1 6038874 53845 2.1 63 31 1 13 31% 293 33289 3243 29%
c u 174.30 74 79 63 435 158169 1 6057207 68541 2.1 63 31 1 13 31% 293 33289 3243 29%
c v 174.36 74 79 63 435 158169 1 6057207 65688 2.1 63 31 1 13 31% 293 33289 3243 29%
c w 174.61 80 79 63 435 158169 1 6057207 65426 2.1 63 31 1 13 31% 293 33289 3243 29%
c - 174.68 81 79 63 436 158169 1 6059731 49711 2.1 63 31 1 13 31% 293 33289 3243 29%
c
c seconds    switched       rate           size/glue  tier1    binary        remaining
c         MB   reductions      conflicts         size   tier2     irredundant
c          level      restarts        redundant     glue    trail       variables
c
c - 175.17 80 80 63 437 158181 1 6080613 49592 2.0 63 31 1 13 31% 293 33289 3243 29%
c - 175.73 85 80 63 438 158185 1 6101517 49840 2.0 64 32 1 13 31% 293 33289 3243 29%
c - 176.34 87 80 63 439 158192 1 6122447 49699 2.0 64 32 1 13 31% 293 33289 3243 29%
c I 176.92 90 81 63 439 158200 1 6142992 69789 2.0 65 34 1 13 31% 293 33289 3243 29%
c - 176.93 90 81 63 440 158200 1 6143400 49379 2.0 65 33 1 13 31% 293 33289 3243 29%
c ] 177.23 92 81 64 440 158209 1 6159113 64779 1.9 63 32 1 13 30% 293 33289 3243 29%
c { 177.23 92 79 64 440 158209 6 6159113 64779 2.1 30 15 1 4 23% 293 33289 3243 29%
c - 177.39 93 80 64 441 158407 6 6164376 53168 2.1 30 15 1 4 23% 293 33289 3243 29%
c - 177.99 93 80 64 442 159230 6 6185377 59241 2.1 30 14 1 4 24% 293 33289 3243 29%
c - 178.73 96 80 64 443 160162 6 6206400 64707 2.1 30 15 1 4 23% 293 33289 3243 29%
c - 179.44 72 80 64 444 161120 6 6227447 67990 2.0 30 15 1 4 23% 293 33289 3243 29%
c - 180.22 72 80 64 445 162114 6 6248519 70718 2.0 30 15 1 4 23% 293 33289 3243 29%
c - 180.99 72 81 64 446 163142 6 6269615 72850 2.0 30 15 1 4 23% 293 33289 3243 29%
c - 181.84 73 80 64 447 164171 6 6290735 74550 2.1 30 15 1 4 23% 293 33289 3243 29%
c u 182.71 73 80 64 447 165111 6 6309922 90122 2.1 30 15 1 4 23% 293 33289 3243 29%
c v 182.84 73 80 64 447 165111 6 6309922 84403 2.1 30 15 1 4 23% 293 33289 3243 29%
c w 182.92 75 80 64 447 165111 6 6309922 84376 2.1 30 15 1 4 23% 293 33289 3243 29%
c x 182.96 75 80 64 447 165111 6 6309922 84365 2.1 30 15 1 4 23% 293 33269 3243 29%
c - 183.04 82 80 64 448 165198 6 6311877 67969 2.1 30 15 1 4 23% 293 33269 3243 29%
c - 183.80 83 80 64 449 166147 6 6333043 70386 2.1 30 15 1 4 23% 293 33269 3243 29%
c
c seconds    switched       rate           size/glue  tier1   binary        remaining
c         MB   reductions      conflicts         size   tier2    irredundant
c          level      restarts        redundant     glue   trail       variables
c
c - 184.56 83 80 64 450 167082 6 6354232 72448 2.1 30 15 1 4 23% 293 33269 3243 29%
c o 185.32 83 80 64 450 168009 6 6374229 92028 2.1 30 15 1 4 23% 293 33269 3243 29%
c - 185.38 83 80 64 451 168073 6 6375446 73998 2.1 30 15 1 4 23% 293 33269 3243 29%
c } 185.39 83 81 65 451 168076 6 6375612 74159 2.1 30 15 1 4 23% 293 33269 3243 29%
c [ 185.39 83 81 65 451 168076 1 6375612 74159 1.9 63 32 1 13 30% 293 33269 3243 29%
c - 185.92 85 81 65 452 168089 1 6396682 69561 1.9 63 32 1 13 30% 293 33269 3243 29%
c - 186.44 85 80 65 453 168097 1 6417943 60134 1.9 61 32 1 13 30% 293 33269 3243 29%
c B 186.76 85 81 65 453 168104 1 6429728 71711 1.9 61 32 1 13 30% 293 33269 3243 29%
c - 187.00 87 81 65 454 168105 1 6439226 58325 2.0 62 32 1 13 31% 293 33269 3243 29%
c - 187.49 89 82 65 455 168109 1 6460534 56499 2.0 63 32 1 13 31% 293 33269 3243 29%
c - 188.07 88 82 65 456 168120 1 6481865 54187 2.0 64 33 1 13 31% 293 33269 3243 29%
c - 188.65 93 82 65 457 168129 1 6503220 54958 2.0 64 33 1 13 31% 293 33269 3243 29%
c - 189.21 96 83 65 458 168137 1 6524597 56488 2.0 64 33 1 13 31% 293 33269 3243 29%
c - 189.73 60 82 65 459 168138 1 6546000 56631 2.0 64 32 1 13 31% 293 33269 3243 29%
c - 190.26 65 81 65 460 168138 1 6567424 56993 2.0 64 32 1 13 31% 293 33269 3243 29%
c u 190.40 65 81 65 460 168138 1 6568291 53267 2.0 64 32 1 13 31% 293 33269 3243 29%
c v 190.44 65 81 65 460 168138 1 6568291 50243 2.0 64 32 1 13 31% 293 33269 3243 29%
c w 190.62 66 81 65 460 168138 1 6568291 48059 2.0 64 32 1 13 31% 293 33269 3243 29%
c - 191.14 70 82 65 461 168148 1 6588871 50615 2.0 63 32 1 13 31% 293 33269 3243 29%
c - 191.68 73 83 65 462 168157 1 6610341 50823 2.0 64 33 1 13 31% 293 33269 3243 29%
c
c seconds    switched       rate           size/glue  tier1    binary        remaining
c         MB   reductions      conflicts         size   tier2     irredundant
c          level      restarts        redundant     glue    trail       variables
c
c - 192.28 77 82 65 463 168168 1 6631835 50556 2.0 66 34 1 13 32% 293 33269 3243 29%
c - 192.90 81 82 65 464 168169 1 6653352 50845 1.9 66 34 1 13 32% 293 33269 3243 29%
c - 193.63 86 81 65 465 168182 1 6674892 49736 1.9 69 36 1 13 32% 293 33269 3243 29%
c ] 194.36 91 82 66 465 168190 1 6695653 70190 1.9 72 37 1 13 33% 293 33269 3243 29%
c { 194.36 91 81 66 465 168190 6 6695653 70190 2.1 30 15 1 4 23% 293 33269 3243 29%
c - 194.39 91 80 66 466 168212 6 6696456 48750 2.1 30 15 1 4 23% 293 33269 3243 29%
c - 194.98 91 81 66 467 168597 6 6718043 57771 2.1 30 14 1 4 24% 293 33269 3243 29%
c o 195.16 91 81 66 467 168756 5 6724481 64071 2.1 30 14 1 4 24% 293 33269 3243 29%
c - 195.70 91 80 66 468 169117 5 6739653 65196 2.1 30 14 1 4 24% 293 33269 3243 29%
c - 196.48 92 80 66 469 169735 5 6761286 69071 2.1 30 14 1 4 24% 293 33269 3243 29%
c - 197.37 93 79 66 470 170409 5 6782943 72006 2.1 30 14 1 4 24% 293 33269 3243 29%
c - 198.27 93 78 66 471 171064 5 6804622 74368 2.1 30 14 1 4 24% 293 33269 3243 29%
c - 199.14 93 77 66 472 171726 5 6826325 76479 2.1 30 14 1 4 24% 293 33269 3243 29%
c u 199.55 93 77 66 472 171942 5 6832358 78867 2.1 30 14 1 4 24% 293 33269 3243 29%
c v 199.70 53 77 66 472 171942 5 6832358 71846 2.1 30 14 1 4 24% 293 33269 3243 29%
c w 199.99 54 77 66 472 171942 5 6832358 70663 2.1 30 14 1 4 24% 293 33269 3243 29%
c - 202.06 54 77 66 473 172431 5 6848050 68550 2.1 30 14 1 4 24% 293 33269 3243 29%
c - 203.06 54 77 66 474 173141 5 6869798 71909 2.1 29 14 1 4 24% 293 33269 3243 29%
c - 204.17 54 76 66 475 173998 5 6891569 74631 2.1 29 14 1 4 24% 293 33269 3243 29%
c - 205.24 54 76 66 476 174803 5 6913364 76550 2.1 29 14 1 4 24% 293 33269 3243 29%
c
c seconds    switched       rate           size/glue  tier1   binary        remaining
c         MB   reductions      conflicts         size   tier2    irredundant
c          level      restarts        redundant     glue   trail       variables
c
c } 205.80 54 75 67 476 175320 5 6924768 87691 2.1 29 14 1 4 23% 293 33269 3243 29%
c [ 205.80 54 82 67 476 175320 1 6924768 87691 1.9 72 37 1 13 33% 293 33269 3243 29%
c W 205.93 54 82 67 476 175320 1 6924768 87691 1.9 72 37 1 13 33% 293 33269 3243 29%
c - 206.25 56 82 67 477 175326 1 6935181 74908 1.9 72 37 1 13 33% 293 33269 3243 29%
c s 206.71 56 82 67 477 175334 1 6950834 90298 1.9 71 37 1 13 32% 293 33267 3243 29%
c e 206.71 56 82 67 477 175334 1 6950834 90298 1.9 71 37 1 13 32% 291 33285 3242 29%
c s 206.71 56 82 67 477 175334 1 6950834 90298 1.9 71 37 1 13 32% 291 33275 3242 29%
c - 206.91 57 82 67 478 175334 1 6957021 66950 1.9 71 37 1 13 32% 291 33275 3242 29%
c - 207.57 57 82 67 479 175348 1 6978885 58684 2.0 71 36 1 13 33% 291 33275 3242 29%
c - 208.31 59 83 67 480 175350 1 7000772 56794 2.0 71 36 1 13 33% 291 33275 3242 29%
c - 209.09 63 84 67 481 175360 1 7022680 55026 2.0 72 37 1 13 33% 291 33275 3242 29%
c - 209.68 38 83 67 482 175369 1 7044613 55530 1.9 70 36 1 13 32% 291 33275 3242 29%
c - 210.38 43 83 67 483 175380 1 7066567 56842 2.0 70 36 1 13 32% 291 33275 3242 29%
c - 211.10 47 82 67 484 175381 1 7088545 56816 1.9 70 36 1 13 32% 291 33275 3242 29%
c u 211.66 49 81 67 484 175382 1 7102121 65953 2.0 70 36 1 13 32% 291 33275 3242 29%
c v 211.73 49 81 67 484 175382 1 7102121 62880 2.0 70 36 1 13 32% 291 33275 3242 29%
c w 212.34 62 81 67 484 175382 1 7102121 62647 2.0 70 36 1 13 32% 291 33275 3242 29%
c o 212.35 62 81 67 484 175382 1 7102121 62647 2.0 70 36 1 13 32% 291 33275 3242 29%
c - 212.59 65 82 67 485 175382 1 7110545 50925 2.0 70 36 1 13 32% 291 33275 3242 29%
c - 213.24 69 83 67 486 175389 1 7132567 51485 1.9 71 37 1 13 32% 291 33275 3242 29%
c
c seconds    switched       rate           size/glue  tier1    binary        remaining
c         MB   reductions      conflicts         size   tier2     irredundant
c          level      restarts        redundant     glue    trail       variables
c
c - 213.86 67 84 67 487 175397 1 7154612 51779 1.9 70 37 1 13 32% 291 33275 3242 29%
c - 214.45 71 84 67 488 175411 1 7176680 52631 1.9 69 36 1 13 32% 291 33275 3242 29%
c - 215.15 76 83 67 489 175413 1 7198770 53176 2.0 71 36 1 13 32% 291 33275 3242 29%
c - 215.80 80 83 67 490 175424 1 7220883 53105 2.0 71 36 1 13 33% 291 33275 3242 29%
c O 216.04 80 83 67 490 175428 1 7229964 62028 2.0 71 36 1 13 33% 291 33275 3242 29%
c - 216.31 83 82 67 491 175433 1 7243019 55111 2.0 69 35 1 13 32% 291 33275 3242 29%
c - 216.80 86 82 67 492 175443 1 7265177 56184 2.0 67 34 1 13 31% 291 33275 3242 29%
c - 217.38 85 82 67 493 175445 1 7287359 53423 1.9 65 34 1 13 31% 291 33275 3242 29%
c ] 217.55 87 82 68 493 175445 1 7294446 60358 1.9 65 33 1 13 30% 291 33275 3242 29%
c { 217.55 87 75 68 493 175445 5 7294446 60358 2.1 29 14 1 4 23% 291 33275 3242 29%
c - 218.00 89 76 68 494 176074 5 7309562 57879 2.1 29 14 1 4 23% 291 33275 3242 29%
c - 218.72 89 76 68 495 177048 5 7331790 66582 2.1 29 14 1 4 23% 291 33275 3242 29%
c - 219.55 78 77 68 496 178166 5 7354039 70799 2.1 29 14 1 4 23% 291 33275 3242 29%
c - 220.41 79 77 68 497 179331 6 7376310 73812 2.1 29 14 1 4 23% 291 33275 3242 29%
c u 220.58 79 77 68 497 179394 6 7377604 72208 2.1 29 14 1 4 23% 291 33275 3242 29%
c v 220.70 79 77 68 497 179394 6 7377604 66265 2.1 29 14 1 4 23% 291 33275 3242 29%
c w 220.94 79 77 68 497 179394 6 7377604 64921 2.1 29 14 1 4 23% 291 33275 3242 29%
c - 221.67 79 78 68 498 180348 6 7398604 67905 2.0 29 14 1 4 23% 291 33275 3242 29%
c - 222.49 79 78 68 499 181467 6 7420919 71450 2.0 29 14 1 4 23% 291 33275 3242 29%
c - 223.34 79 78 68 500 182605 6 7443259 73943 2.0 29 14 1 4 23% 292 33275 3242 29%
c
c seconds    switched       rate           size/glue  tier1   binary        remaining
c         MB   reductions      conflicts         size   tier2    irredundant
c          level      restarts        redundant     glue   trail       variables
c
c - 224.23 79 79 68 501 183705 6 7465619 76144 2.0 29 14 1 4 23% 292 33275 3242 29%
c o 224.48 79 79 68 501 184074 6 7472128 82529 2.0 29 14 1 4 23% 292 33275 3242 29%
c - 225.13 79 79 68 502 184882 6 7488003 77769 2.0 29 14 1 4 23% 292 33275 3242 29%
c - 226.07 81 79 68 503 186123 6 7510410 79301 2.0 29 15 1 4 23% 292 33275 3242 29%
c - 226.99 86 80 68 504 187236 6 7532837 80793 2.0 30 15 1 4 23% 292 33275 3242 29%
c } 227.15 86 80 69 504 187471 6 7536505 84397 2.0 30 15 1 4 23% 292 33275 3242 29%
c [ 227.15 86 82 69 504 187471 1 7536505 84397 1.9 65 33 1 13 30% 292 33275 3242 29%
c B 227.35 87 82 69 504 187476 1 7544546 92303 2.0 65 33 1 13 31% 292 33275 3242 29%
c - 227.62 90 82 69 505 187483 1 7555288 77004 1.9 64 33 1 13 31% 292 33275 3242 29%
c - 228.17 90 82 69 506 187492 1 7577760 68306 2.0 64 32 1 13 31% 292 33275 3242 29%
c - 228.80 90 83 69 507 187500 1 7600254 62813 2.0 64 33 1 13 31% 292 33275 3242 29%
c - 229.47 61 85 69 508 187504 1 7622771 59884 2.0 67 34 1 13 32% 292 33275 3242 29%
c - 230.16 63 85 69 509 187516 1 7645309 59983 2.0 67 34 1 13 32% 292 33275 3242 29%
c u 230.65 64 84 69 509 187522 1 7658809 68784 1.9 65 34 1 13 31% 292 33275 3242 29%
c v 230.72 64 84 69 509 187522 1 7658809 65154 1.9 65 34 1 13 31% 292 33275 3242 29%
c w 231.22 68 84 69 509 187522 1 7658809 64570 1.9 65 34 1 13 31% 292 33275 3242 29%
c - 231.46 75 84 69 510 187526 1 7667871 54503 1.9 65 33 1 13 30% 292 33275 3242 29%
c - 232.07 82 85 69 511 187532 1 7690455 55140 2.0 66 34 1 13 31% 292 33275 3242 29%
c - 232.70 86 85 69 512 187533 1 7713060 54281 2.0 67 33 1 13 31% 292 33275 3242 29%
c - 233.22 83 84 69 513 187535 1 7735687 55836 2.1 67 32 1 13 32% 292 33275 3242 29%
c
c seconds    switched       rate           size/glue  tier1    binary        remaining
c         MB   reductions      conflicts         size   tier2     irredundant
c          level      restarts        redundant     glue    trail       variables
c
c - 233.91 90 85 69 514 187547 1 7758336 57304 2.0 68 33 1 13 32% 292 33275 3242 29%
c - 234.55 94 84 69 515 187557 1 7781008 56172 2.0 69 34 1 13 32% 292 33275 3242 29%
c - 235.12 97 83 69 516 187564 1 7803703 57029 2.0 68 33 1 13 31% 292 33275 3242 29%
c - 235.77 102 84 69 517 187571 1 7826421 58258 2.0 69 34 1 13 32% 292 33275 3242 29%
c - 236.39 106 83 69 518 187580 1 7849159 57696 2.0 70 35 1 13 31% 292 33275 3242 29%
c o 236.75 107 83 69 518 187588 1 7862449 70757 2.0 70 35 1 13 31% 292 33275 3242 29%
c W 236.97 110 83 69 518 187592 1 7868622 76805 2.0 70 35 1 13 31% 292 33275 3242 29%
c - 237.08 111 83 69 519 187593 1 7871920 56568 2.0 71 36 1 13 31% 292 33275 3242 29%
c - 237.75 108 82 69 520 187595 1 7894701 57018 2.0 71 36 1 13 32% 292 33275 3242 29%
c ] 238.10 112 82 70 520 187596 1 7908388 70489 2.0 71 35 1 13 32% 292 33275 3242 29%
c { 238.10 112 80 70 520 187596 6 7908388 70489 2.0 30 15 1 4 23% 292 33275 3242 29%
c - 238.38 113 79 70 521 187793 6 7917504 60247 2.0 30 15 1 4 23% 292 33275 3242 29%
c - 239.16 113 79 70 522 188362 6 7940329 68651 2.0 30 14 1 4 23% 292 33275 3242 29%
c u 239.50 113 79 70 522 188548 6 7945787 71712 2.0 29 14 1 4 23% 292 33275 3242 29%
c v 239.58 113 79 70 522 188548 6 7945787 67569 2.0 29 14 1 4 23% 292 33275 3242 29%
c w 239.82 114 79 70 522 188548 6 7945787 66081 2.0 29 14 1 4 23% 292 33275 3242 29%
c - 240.40 85 78 70 523 188957 5 7963176 66929 2.1 29 14 1 4 23% 292 33275 3242 29%
c - 241.24 85 78 70 524 189592 5 7986045 71556 2.1 29 14 1 4 23% 292 33275 3242 29%
c - 242.18 86 77 70 525 190338 5 8008936 75124 2.1 29 14 1 4 24% 292 33275 3242 29%
c - 243.16 86 76 70 526 191136 5 8031848 77846 2.1 29 14 1 4 24% 293 33275 3242 29%
c
c seconds    switched       rate           size/glue  tier1   binary        remaining
c         MB   reductions      conflicts         size   tier2    irredundant
c          level      restarts        redundant     glue   trail       variables
c
c - 244.20 94 76 70 527 191980 5 8054782 80142 2.1 29 14 1 4 24% 293 33275 3242 29%
c - 245.28 102 75 70 528 192857 5 8077739 82162 2.1 29 14 1 4 23% 293 33275 3242 29%
c - 246.42 110 75 70 529 193777 5 8100717 83749 2.1 30 14 1 4 23% 293 33275 3242 29%
c - 247.66 117 75 70 530 194664 5 8123718 85361 2.1 30 14 1 4 23% 293 33275 3242 29%
c - 248.84 127 74 70 531 195640 5 8146739 86927 2.1 30 14 1 4 23% 293 33275 3242 29%
c } 249.69 135 74 71 531 196341 5 8163717 103613 2.1 30 14 1 4 23% 293 33275 3242 29%
c [ 249.69 135 82 71 531 196341 1 8163717 103613 2.0 71 35 1 13 32% 293 33275 3242 29%
c - 249.86 104 82 71 532 196345 1 8169782 86462 2.0 70 35 1 13 32% 293 33275 3242 29%
c - 250.57 107 83 71 533 196355 1 8192847 77743 2.0 70 36 1 13 32% 293 33275 3242 29%
c I 250.85 107 83 71 533 196360 1 8202295 86989 2.0 71 36 1 13 32% 293 33275 3242 29%
c - 251.21 107 82 71 534 196368 1 8215933 66673 2.0 69 35 1 13 31% 293 33275 3242 29%
c u 251.94 107 82 71 534 196371 1 8238541 83660 2.0 68 34 1 13 31% 293 33275 3242 29%
c v 252.05 107 82 71 534 196371 1 8238541 77354 2.0 68 34 1 13 31% 293 33275 3242 29%
c w 252.76 111 82 71 534 196371 1 8238541 76882 2.0 68 34 1 13 31% 293 33275 3242 29%
c - 252.79 111 82 71 535 196371 1 8239042 56400 2.0 68 34 1 13 31% 293 33275 3242 29%
c - 253.40 102 82 71 536 196381 1 8262173 55778 2.0 69 34 1 13 31% 293 33275 3242 29%
c - 254.00 108 82 71 537 196392 1 8285326 55421 2.0 69 34 1 13 31% 293 33275 3242 29%
c o 254.18 108 82 71 537 196395 1 8292313 62262 2.0 68 34 1 13 31% 293 33275 3242 29%
c - 254.62 112 83 71 538 196401 1 8308499 55808 2.0 68 34 1 13 31% 293 33275 3242 29%
c - 255.32 117 82 71 539 196403 1 8331694 56001 2.0 69 35 1 13 31% 293 33275 3242 29%
c
c seconds     switched       rate           size/glue  tier1    binary        remaining
c          MB   reductions      conflicts         size   tier2     irredundant
c           level      restarts        redundant     glue    trail       variables
c
c - 255.96 121 81 71 540 196403 1 8354910 54765 2.0 69 34 1 13 31% 293 33275 3242 29%
c - 256.61 121 80 71 541 196414 1 8378147 54887 2.0 69 35 1 13 31% 293 33275 3242 29%
c - 257.28 128 81 71 542 196424 1 8401406 55506 2.0 70 35 1 13 31% 293 33275 3242 29%
c - 257.89 132 81 71 543 196433 1 8424687 55521 2.0 69 35 1 13 32% 293 33275 3242 29%
c - 258.46 137 82 71 544 196438 1 8447990 58459 2.0 67 34 1 13 31% 293 33275 3242 29%
c - 259.14 141 82 71 545 196449 1 8471315 58895 2.0 69 34 1 13 32% 293 33275 3242 29%
c - 259.77 147 82 71 546 196461 1 8494662 58013 2.0 68 34 1 13 32% 293 33275 3242 29%
c - 260.44 108 81 71 547 196465 1 8518030 58553 2.0 68 34 1 13 32% 293 33275 3242 29%
c u 261.08 113 81 71 547 196466 1 8537068 74333 2.0 68 34 1 13 32% 293 33275 3242 29%
c v 261.15 113 81 71 547 196466 1 8537068 71677 2.0 68 34 1 13 32% 293 33275 3242 29%
c w 261.50 127 81 71 547 196466 1 8537068 71341 2.0 68 34 1 13 32% 293 33275 3242 29%
c - 261.63 128 81 71 548 196466 1 8541418 54720 2.0 67 34 1 13 32% 293 33275 3242 29%
c B 261.73 127 81 71 548 196466 1 8545668 58889 2.0 66 33 1 13 31% 293 33275 3242 29%
c - 262.18 126 81 71 549 196467 1 8564828 56271 2.0 65 32 1 13 31% 293 33275 3242 29%
c - 262.86 131 81 71 550 196467 1 8588258 55059 2.0 63 32 1 13 30% 293 33275 3242 29%
c - 263.54 132 81 71 551 196467 1 8611710 54623 2.0 62 32 1 13 29% 293 33275 3242 29%
c - 264.10 136 81 71 552 196474 1 8635183 57667 2.0 61 31 1 13 29% 293 33275 3242 29%
c ] 264.41 139 82 72 552 196481 1 8648296 70476 1.9 62 32 1 13 30% 293 33275 3242 29%
c { 264.41 139 74 72 552 196481 5 8648296 70476 2.1 30 14 1 4 23% 293 33275 3242 29%
c - 264.80 141 75 72 553 196932 5 8658679 60955 2.1 30 14 1 4 23% 293 33275 3242 29%
c
c seconds     switched       rate           size/glue  tier1   binary        remaining
c          MB   reductions      conflicts         size   tier2    irredundant
c           level      restarts        redundant     glue   trail       variables
c
c - 265.59 141 76 72 554 198010 5 8682195 67189 2.1 30 14 1 4 24% 293 33275 3242 29%
c o 265.94 141 76 72 554 198524 5 8692962 77721 2.1 30 14 1 4 23% 293 33275 3242 29%
c - 266.45 141 76 72 555 199148 5 8705732 73068 2.1 30 14 1 4 23% 294 33275 3242 29%
c - 267.38 141 77 72 556 200352 6 8729290 76616 2.1 29 14 1 4 23% 294 33275 3242 29%
c - 268.39 149 78 72 557 201612 6 8752869 79307 2.0 29 14 1 4 23% 294 33275 3242 29%
c - 269.45 155 78 72 558 202960 6 8776472 81224 2.0 29 14 1 4 23% 294 33275 3242 29%
c - 270.45 111 78 72 559 204177 6 8800094 82883 2.0 30 15 1 4 23% 294 33275 3242 29%
c - 271.51 122 78 72 560 205490 6 8823739 84510 2.0 30 15 1 4 23% 294 33275 3242 29%
c u 272.44 131 78 72 560 206430 6 8841421 97648 2.0 30 15 1 4 23% 294 33275 3242 29%
c v 272.62 131 78 72 560 206430 6 8841421 89392 2.0 30 15 1 4 23% 294 33275 3242 29%
c w 272.96 133 78 72 560 206430 6 8841421 88880 2.0 30 15 1 4 23% 294 33275 3242 29%
c - 273.23 133 78 72 561 206659 6 8847404 74687 2.0 30 15 1 4 23% 294 33275 3242 29%
c - 274.11 133 78 72 562 207642 6 8871089 77737 2.0 30 15 1 4 23% 294 33275 3242 29%
c - 275.06 141 79 72 563 208816 6 8894796 80535 2.0 30 15 1 4 23% 294 33275 3242 29%
c } 276.02 149 79 73 563 210021 6 8917214 102504 2.0 30 15 1 4 23% 294 33275 3242 29%
c [ 276.02 149 82 73 563 210021 1 8917214 102504 1.9 62 32 1 13 30% 294 33275 3242 29%
c W 276.12 149 82 73 563 210021 1 8917214 102504 1.9 62 32 1 13 30% 294 33275 3242 29%
c - 276.15 149 82 73 564 210022 1 8918523 82217 1.9 61 31 1 13 30% 294 33275 3242 29%
c - 276.73 151 82 73 565 210035 1 8942271 77415 2.0 61 31 1 13 30% 294 33275 3242 29%
c - 277.32 151 81 73 566 210045 1 8966040 67396 2.0 61 31 1 13 30% 294 33275 3242 29%
c
c seconds     switched       rate           size/glue  tier1    binary        remaining
c          MB   reductions      conflicts         size   tier2     irredundant
c           level      restarts        redundant     glue    trail       variables
c
c - 277.94 151 81 73 567 210051 1 8989831 65007 2.0 62 31 1 13 29% 294 33275 3242 29%
c - 278.64 151 80 73 568 210060 1 9013642 63836 2.0 64 32 1 13 29% 294 33275 3242 29%
c - 279.27 151 80 73 569 210070 1 9037474 64831 2.0 63 31 1 13 29% 294 33275 3242 29%
c - 279.87 151 80 73 570 210081 1 9061328 64655 2.0 62 31 1 13 29% 294 33275 3242 29%
c - 280.56 92 79 73 571 210083 1 9085202 63956 1.9 61 32 1 13 28% 294 33275 3242 29%
c - 281.25 92 78 73 572 210083 1 9109099 63880 1.9 61 32 1 13 28% 294 33275 3242 29%
c o 281.47 92 78 73 572 210086 1 9116836 71457 1.9 60 31 1 13 27% 294 33275 3242 29%
c - 281.88 92 80 73 573 210095 1 9133015 66937 1.9 59 31 1 13 28% 294 33275 3242 29%
c u 282.47 92 80 73 573 210101 1 9151600 81222 1.9 60 31 1 13 28% 294 33275 3242 29%
c v 282.56 92 80 73 573 210101 1 9151600 77758 1.9 60 31 1 13 28% 294 33275 3242 29%
c w 282.78 98 80 73 573 210101 1 9151600 77492 1.9 60 31 1 13 28% 294 33275 3242 29%
c x 282.83 98 80 73 573 210101 1 9151600 77487 1.9 60 31 1 13 28% 294 33255 3242 29%
c - 283.10 98 80 73 574 210105 1 9156952 61283 1.9 59 31 1 13 28% 294 33255 3242 29%
c - 283.64 98 80 73 575 210114 1 9180910 61086 2.0 59 30 1 13 28% 294 33255 3242 29%
c - 284.23 98 80 73 576 210120 1 9204889 61453 2.0 58 30 1 13 28% 294 33255 3242 29%
c - 284.88 98 81 73 577 210129 1 9228891 61434 2.0 60 30 1 13 29% 294 33255 3242 29%
c s 285.18 98 81 73 577 210136 1 9239270 71622 2.0 60 31 1 13 28% 294 33254 3242 29%
c e 285.18 98 81 73 577 210136 1 9239270 71622 2.0 60 31 1 13 28% 285 33279 3241 29%
c s 285.18 98 81 73 577 210136 1 9239270 71622 2.0 60 31 1 13 28% 285 33276 3241 29%
c - 285.60 98 81 73 578 210143 1 9252911 60780 2.0 61 31 1 13 29% 285 33276 3241 29%
c
c seconds    switched       rate           size/glue  tier1    binary        remaining
c         MB   reductions      conflicts         size   tier2     irredundant
c          level      restarts        redundant     glue    trail       variables
c
c - 286.22 98 81 73 579 210145 1 9276953 60732 2.0 63 31 1 13 30% 285 33276 3241 29%
c O 286.31 98 81 73 579 210146 1 9280285 64001 2.0 63 31 1 13 30% 285 33276 3241 29%
c - 286.75 102 80 73 580 210146 1 9301016 60624 2.0 62 31 1 13 30% 285 33276 3241 29%
c - 287.38 109 79 73 581 210147 1 9325099 57958 2.1 65 31 1 13 31% 285 33276 3241 29%
c - 288.05 106 78 73 582 210147 1 9349203 56050 2.2 67 31 1 13 31% 285 33276 3241 29%
c - 288.76 113 77 73 583 210147 1 9373327 56235 2.2 69 31 1 13 32% 285 33276 3241 29%
c ] 288.90 113 77 74 583 210148 1 9378296 61147 2.2 69 31 1 13 32% 285 33276 3241 29%
c { 288.90 113 79 74 583 210148 6 9378296 61147 2.0 30 15 1 4 23% 285 33276 3241 29%
c - 289.51 114 79 74 584 210925 6 9397472 64662 2.0 30 15 1 4 23% 285 33276 3241 29%
c - 290.34 65 80 74 585 211904 6 9421639 73050 2.0 30 15 1 4 23% 285 33276 3241 29%
c - 291.23 65 80 74 586 212969 6 9445825 77095 2.1 30 15 1 4 24% 285 33276 3241 29%
c u 292.25 66 80 74 586 214000 6 9467647 95507 2.0 30 15 1 4 24% 285 33276 3241 29%
c v 292.38 66 80 74 586 214000 6 9467647 89800 2.0 30 15 1 4 24% 285 33276 3241 29%
c w 292.65 68 80 74 586 214000 6 9467647 89482 2.0 30 15 1 4 24% 285 33276 3241 29%
c - 292.76 68 80 74 587 214103 6 9470032 72161 2.0 30 15 1 4 24% 285 33276 3241 29%
c - 293.66 68 80 74 588 215164 6 9494260 75553 2.0 30 15 1 4 23% 285 33276 3241 29%
c - 294.63 72 80 74 589 216284 6 9518508 78271 2.0 30 15 1 4 23% 285 33276 3241 29%
c o 295.32 72 79 74 589 217059 6 9536867 96301 2.1 31 15 1 4 24% 285 33276 3241 29%
c - 295.58 76 79 74 590 217336 6 9542777 80628 2.1 31 15 1 4 24% 285 33276 3241 29%
c - 296.68 81 79 74 591 218647 6 9567067 82588 2.1 31 15 1 4 24% 285 33276 3241 29%
c
c seconds    switched       rate           size/glue  tier1   binary        remaining
c         MB   reductions      conflicts         size   tier2    irredundant
c          level      restarts        redundant     glue   trail       variables
c
c - 297.74 84 80 74 592 219872 6 9591377 84277 2.1 31 15 1 4 24% 285 33276 3241 29%
c - 298.76 89 80 74 593 221028 6 9615710 86023 2.1 31 15 1 4 24% 285 33276 3241 29%
c - 299.83 90 80 74 594 222232 6 9640062 87395 2.1 31 15 1 4 24% 285 33276 3241 29%
c } 300.76 54 79 75 594 223267 6 9661120 108081 2.1 31 15 1 4 24% 285 33276 3241 29%
c [ 300.76 54 77 75 594 223267 1 9661120 108081 2.2 69 31 1 13 32% 285 33276 3241 29%
c B 300.76 54 77 75 594 223267 1 9661120 108081 2.2 69 31 1 13 32% 285 33276 3241 29%
c - 300.86 55 77 75 595 223269 1 9664434 87728 2.2 69 31 1 13 32% 285 33276 3241 29%
c - 301.52 64 78 75 596 223281 1 9688826 81518 2.2 68 31 1 13 32% 285 33276 3241 29%
c - 302.18 64 79 75 597 223294 1 9713239 71922 2.1 66 31 1 13 32% 285 33276 3241 29%
c - 303.10 64 79 75 598 223297 1 9737672 67857 2.0 67 33 1 13 31% 285 33276 3241 29%
c - 303.95 64 79 75 599 223310 1 9762126 63465 2.0 69 34 1 13 31% 285 33276 3241 29%
c - 304.60 67 79 75 600 223319 1 9786600 65468 2.0 67 34 1 13 31% 285 33276 3241 29%
c u 304.85 67 79 75 600 223320 1 9789537 62855 2.0 67 33 1 13 32% 285 33276 3241 29%
c v 304.92 67 79 75 600 223320 1 9789537 59294 2.0 67 33 1 13 32% 285 33276 3241 29%
c w 305.22 68 79 75 600 223320 1 9789537 56964 2.0 67 33 1 13 32% 285 33276 3241 29%
c - 305.78 74 81 75 601 223328 1 9811094 56578 2.0 68 34 1 13 32% 285 33276 3241 29%
c - 306.50 80 83 75 602 223329 1 9835610 56096 1.9 69 36 1 13 32% 285 33276 3241 29%
c - 307.19 83 83 75 603 223331 1 9860145 55000 1.9 70 36 1 13 32% 285 33276 3241 29%
c - 308.00 87 83 75 604 223344 1 9884701 56238 1.9 72 38 1 13 32% 285 33276 3241 29%
c - 308.65 90 84 75 605 223356 1 9909278 58477 1.9 71 37 1 13 32% 285 33276 3241 29%
c
c seconds    switched       rate           size/glue  tier1    binary        remaining
c         MB   reductions      conflicts         size   tier2     irredundant
c          level      restarts        redundant     glue    trail       variables
c
c - 309.26 92 83 75 606 223360 1 9933875 60780 1.9 68 35 1 13 31% 285 33276 3241 29%
c - 309.93 76 83 75 607 223372 1 9958493 62161 1.9 66 34 1 13 30% 285 33276 3241 29%
c - 310.68 77 82 75 608 223382 1 9983130 62281 1.9 66 34 1 13 30% 285 33276 3241 29%
c ] 311.16 77 83 75 608 223390 1 10000000 78817 1.9 66 35 1 13 30% 285 33276 3241 29%
c ? 311.16 77 79 75 608 223390 6 10000000 78817 2.1 31 15 1 4 24% 285 33276 3241 29%
c
c ---- [ result ] ------------------------------------------------------------
c
s UNKNOWN
c
c ---- [ profiling ] ---------------------------------------------------------
c
c         285.21   91.66 %  search
c         152.06   48.87 %  stable
c         133.15   42.79 %  focused
c          25.89    8.32 %  simplify
c          25.08    8.06 %  probe
c          18.79    6.04 %  vivify
c           5.68    1.82 %  sweep
c           2.12    0.68 %  reduce
c           0.62    0.20 %  walking
c           0.34    0.11 %  substitute
c           0.24    0.08 %  eliminate
c           0.17    0.05 %  factor
c           0.06    0.02 %  congruence
c           0.05    0.01 %  preprocess
c           0.03    0.01 %  subsume
c           0.03    0.01 %  transitive
c           0.01    0.00 %  backbone
c           0.01    0.00 %  parse
c           0.00    0.00 %  lucky
c =============================================
c         311.16  100.00 %  total
c
c ---- [ statistics ] --------------------------------------------------------
c
c chronological:                         5147                0 %  conflicts
c conflicts:                         10000000            32137.54 per second
c congruent:                             1175               10 %  variables
c decisions:                         33891341                3.39 per conflict
c eliminated:                            6232               55 %  variables
c factored:                               260                2 %  variables
c propagations:                    1162146277          3734852    per second
c reductions:                             608            16447    interval
c reordered:                               43           232558    interval
c rephased:                                61           163934    interval
c restarts:                            223390               45    interval
c strengthened:                          4327                0 %  checks
c substituted:                           2030               18 %  variables
c subsumed:                              9137                0 %  checks
c switched:                                75           133333    interval
c vivified:                            741426               26 %  checks
c walks:                                   20           500000    interval
c
c ---- [ glue usage ] --------------------------------------------------------
c
c focused glue 1 used 25172243 clauses 72.00% accumulated 72.00% tier1
c focused glue 2 used  4359985 clauses 12.47% accumulated 84.47%
c focused glue 3 used  1532642 clauses  4.38% accumulated 88.85%
c focused glue 4 used   804299 clauses  2.30% accumulated 91.15% tier2
c
c stable glue 1    used 52260793 clauses 55.65% accumulated 55.65% tier1
c stable glue 2    used 12705363 clauses 13.53% accumulated 69.18%
c stable glue 3-11 used 18375002 clauses 19.57% accumulated 88.75%
c stable glue 12   used   886215 clauses  0.94% accumulated 89.69%
c stable glue 13   used   743648 clauses  0.79% accumulated 90.48% tier2
c
c ---- [ resources ] ---------------------------------------------------------
c
c maximum-resident-set-size:     168426471424 bytes     160624 MB
c process-time:                         5m 11s             311.16 seconds
c
c ---- [ shutting down ] -----------------------------------------------------
c
c exit 0
