c ---- [ banner ] ------------------------------------------------------------
c
c Kissat SAT Solver
c 
c Copyright (c) 2021-2024 Armin Biere University of Freiburg
c Copyright (c) 2019-2021 Armin Biere Johannes Kepler University Linz
c 
c Version 4.0.4 unknown
c Apple clang version 17.0.0 (clang-1700.3.19.1) -W -Wall -O3 -DNDEBUG
c Thu Oct 16 20:09:41 UTC 2025 Darwin Tahoe-arm64.local 25.0.0 arm64
c
c ---- [ parsing ] -----------------------------------------------------------
c
c opened and reading DIMACS file:
c
c   cnfs_n32/sr61_cascade_m51ca0b34_f55555555_bit19.cnf
c
c parsed 'p cnf 11218 47502' header
c closing input after reading 857350 bytes (837 KB)
c finished parsing after 0.01 seconds
c
c ---- [ options ] -----------------------------------------------------------
c
c --seed=5                         (different from default '0')
c
c ---- [ limits ] ------------------------------------------------------------
c
c conflict limit set to 10000000 conflicts
c
c ---- [ solving ] -----------------------------------------------------------
c
c seconds switched rate     size/glue tier1  binary         remaining
c        MB reductions conflicts size  tier2    irredundant
c         level restarts redundant glue  trail         variables
c
c *  0.01  7 0 0 0  0 0   0   0 0.0 0 0 0 0 0% 3778 43659 11217 100%
c (  0.01  7 0 0 0  0 0   0   0 0.0 0 0 0 0 0% 3778 43659 11217 100%
c .  0.01  7 0 0 0  0 0   0   0 0.0 0 0 0 0 0% 3778 43659 11217 100%
c c  0.03 12 0 0 0  0 0   0   0 0.0 0 0 0 0 0% 5530 40491 10022 89%
c d  0.03 12 0 0 0  0 0   0   0 0.0 0 0 0 0 0% 3138 40491 10022 89%
c =  0.05 12 0 0 0  0 0   0   0 0.0 0 0 0 0 0% 3076 40485 9969 89%
c d  0.05 12 0 0 0  0 0   0   0 0.0 0 0 0 0 0% 2970 40485 9969 89%
c f  0.06 12 0 0 0  0 0   0   0 0.0 0 0 0 0 0% 3351 39828 10173 91%
c )  0.06 12 0 0 0  0 0   0   0 0.0 0 0 0 0 0% 3351 39828 10173 91%
c {  0.06 12 0 0 0  0 0   0   0 0.0 0 0 2 6 0% 3351 39828 10173 91%
c -  0.07 13 156 0 1 185 34 1000 726 1.5 5 3 2 5 10% 3434 39828 10173 91%
c }  0.07 13 156 1 1 185 34 1000 726 1.5 5 3 2 5 10% 3434 39828 10173 91%
c [  0.07 13 0 1 1 185 0 1000 726 0.0 0 0 2 6 0% 3434 39828 10173 91%
c B  0.07 13 173 1 1 185 29 1001 727 1.2 7 6 2 6 10% 3434 39828 10173 91%
c ]  0.08 13 281 2 1 185 7 1762 1417 2.7 34 13 7 25 29% 3446 39828 10173 91%
c {  0.08 13 156 2 1 185 34 1762 1417 1.5 5 3 2 5 10% 3446 39828 10173 91%
c -  0.08 13 154 2 2 225 34 2001 1559 1.5 5 3 2 5 11% 3469 39828 10173 91%
c c  0.09 13 143 2 2 291 31 2560 2000 1.5 5 3 2 5 11% 3537 39798 10153 91%
c d  0.09 13 143 2 2 291 31 2560 1995 1.5 5 3 2 5 11% 3448 39798 10127 90%
c u  0.10 13 143 2 2 291 31 2560 1572 1.5 5 3 2 5 11% 3449 39798 10127 90%
c
c seconds   switched   rate       size/glue tier1   binary         remaining
c        MB  reductions conflicts      size  tier2     irredundant
c          level restarts    redundant   glue   trail         variables
c
c v  0.10 13 143 2 2 291 31 2560 1419 1.5 5 3 2 5 11% 3449 39798 10127 90%
c w  0.10 13 143 2 2 291 31 2560 1318 1.5 5 3 2 5 11% 3449 39798 10127 90%
c x  0.10 13 143 2 2 291 31 2560 1318 1.5 5 3 2 5 11% 3449 39606 10127 90%
c =  0.12 13 143 2 2 291 31 2560 1318 1.5 5 3 2 5 11% 3629 39606 10037 89%
c d  0.12 13 143 2 2 291 31 2560 1306 1.5 5 3 2 5 11% 3449 39606 10037 89%
c f  0.12 13 143 2 2 291 31 2560 1306 1.5 5 3 2 5 11% 3453 39600 10039 89%
c c  0.13 14 143 2 2 291 31 2560 1304 1.5 5 3 2 5 11% 3465 39576 10033 89%
c d  0.13 14 143 2 2 291 31 2560 1304 1.5 5 3 2 5 11% 3453 39576 10033 89%
c u  0.13 14 143 2 2 291 31 2560 1258 1.5 5 3 2 5 11% 3454 39576 10033 89%
c v  0.13 14 143 2 2 291 31 2560 1226 1.5 5 3 2 5 11% 3454 39576 10033 89%
c w  0.13 14 143 2 2 291 31 2560 1203 1.5 5 3 2 5 11% 3454 39576 10033 89%
c x  0.14 14 143 2 2 291 31 2560 1203 1.5 5 3 2 5 11% 3589 38765 10033 89%
c =  0.15 14 143 2 2 291 31 2560 1203 1.5 5 3 2 5 11% 3767 38765 9944 89%
c d  0.15 14 143 2 2 291 31 2560 1188 1.5 5 3 2 5 11% 3574 38765 9944 89%
c t  0.15 14 143 2 2 291 31 2560 1188 1.5 5 3 2 5 11% 3571 38765 9944 89%
c }  0.15 14 133 3 2 327 29 2763 1331 1.6 5 3 2 5 11% 3616 38756 9944 89%
c [  0.15 14 281 3 2 327 7 2763 1331 2.7 34 13 7 25 29% 3616 38756 9944 89%
c W  0.16 14 281 3 2 327 7 2763 1331 2.7 34 13 7 25 29% 3616 38756 9944 89%
c -  0.16 14 259 3 3 327 5 3415 1772 2.2 28 13 2 21 26% 3622 38756 9944 89%
c I  0.17 14 225 3 3 329 4 5023 3144 2.0 23 12 2 18 22% 3648 38756 9944 89%
c
c seconds   switched  rate       size/glue  tier1     binary        remaining
c        MB  reductions conflicts      size   tier2      irredundant
c          level restarts   redundant     glue    trail        variables
c
c -  0.17 14 221 3 4 329 4 5147 2884 2.0 22 11 2 16 22% 3655 38756 9944 89%
c ]  0.17 14 210 4 4 329 5 5562 3170 2.0 20 10 2 16 20% 3689 38756 9944 89%
c {  0.17 14 133 4 4 329 29 5562 3170 1.6 5 3 2 5 11% 3689 38756 9944 89%
c -  0.19 14 101 4 5 846 26 7150 4120 1.7 7 4 2 5 10% 3814 38746 9944 89%
c d  0.20 14 94 4 5 1074 26 7891 4696 1.7 7 4 2 5 9% 3817 38743 9922 88%
c u  0.21 14 94 4 5 1074 26 7891 3963 1.7 7 4 2 5 9% 3830 38743 9922 88%
c v  0.21 14 94 4 5 1074 26 7891 3646 1.7 7 4 2 5 9% 3830 38743 9922 88%
c w  0.21 14 94 4 5 1074 26 7891 3611 1.7 7 4 2 5 9% 3830 38743 9922 88%
c x  0.21 14 94 4 5 1074 26 7891 3611 1.7 7 4 2 5 9% 3909 38339 9922 88%
c =  0.23 14 94 4 5 1074 26 7891 3611 1.7 7 4 2 5 9% 4107 38339 9823 88%
c d  0.23 14 94 4 5 1074 26 7891 3512 1.7 7 4 2 5 9% 3897 38339 9821 88%
c t  0.23 14 94 4 5 1074 26 7891 3512 1.7 7 4 2 5 9% 3868 38339 9821 88%
c c  0.24 14 94 4 5 1074 26 7891 3512 1.7 7 4 2 5 9% 3884 38310 9813 87%
c d  0.24 14 94 4 5 1074 26 7891 3488 1.7 7 4 2 5 9% 3868 38310 9813 87%
c u  0.24 14 94 4 5 1074 26 7891 3367 1.7 7 4 2 5 9% 3866 38310 9813 87%
c v  0.24 14 94 4 5 1074 26 7891 3261 1.7 7 4 2 5 9% 3866 38310 9813 87%
c w  0.25 14 94 4 5 1074 26 7891 3196 1.7 7 4 2 5 9% 3866 38310 9813 87%
c x  0.25 14 94 4 5 1074 26 7891 3196 1.7 7 4 2 5 9% 3866 37846 9813 87%
c }  0.27 14 95 5 5 1078 26 7914 3212 1.7 8 4 2 5 9% 3871 37845 9813 87%
c [  0.27 14 210 5 5 1078 5 7914 3212 2.0 20 10 2 16 20% 3871 37845 9813 87%
c
c seconds   switched   rate       size/glue tier1     binary        remaining
c        MB  reductions conflicts       size  tier2      irredundant
c          level  restarts   redundant    glue    trail        variables
c
c B  0.27 14 194 5 5 1078 5 8794 3941 2.0 18 9 2 12 23% 3887 37845 9813 87%
c -  0.28 14 188 5 6 1079 5 9386 3831 2.0 18 9 2 11 23% 3900 37845 9813 87%
c o  0.28 14 177 5 6 1080 5 10160 4527 2.0 20 10 2 11 24% 3905 37845 9813 87%
c ]  0.31 14 160 6 6 1080 4 11502 5807 2.4 29 12 2 11 27% 3914 37845 9813 87%
c {  0.31 14 95 6 6 1080 26 11502 5807 1.7 8 4 2 5 9% 3914 37845 9813 87%
c -  0.31 14 94 6 7 1102 25 11835 4996 1.7 7 4 2 5 9% 3935 37844 9813 87%
c s  0.32 14 89 6 7 1164 22 12799 5819 1.8 8 4 2 5 9% 3991 37353 9813 87%
c e  0.34 17 89 6 7 1164 22 12799 5819 1.8 8 4 2 5 9% 2584 36969 6709 60%
c s  0.34 17 89 6 7 1164 22 12799 5819 1.8 8 4 2 5 9% 2590 36806 6709 60%
c e  0.35 17 89 6 7 1164 22 12799 5819 1.8 8 4 2 5 9% 2482 36908 6675 60%
c ^  0.35 17 89 6 7 1164 22 12799 5819 1.8 8 4 2 5 9% 2482 36908 6675 60%
c -  0.36 17 85 6 8 1382 20 14480 4243 1.7 8 4 2 5 9% 2527 36908 6675 60%
c }  0.38 17 82 7 8 1581 19 15571 5233 1.7 8 5 2 5 9% 2552 36907 6675 60%
c [  0.38 17 160 7 8 1581 4 15571 5233 2.4 29 12 2 11 27% 2552 36907 6675 60%
c W  0.38 17 160 7 8 1581 4 15571 5233 2.4 29 12 2 11 27% 2552 36907 6675 60%
c d  0.39 17 155 7 8 1581 4 16179 5810 2.5 32 13 2 11 28% 2547 36907 6672 59%
c u  0.39 17 155 7 8 1581 4 16179 5178 2.5 32 13 2 11 28% 2553 36907 6672 59%
c v  0.40 17 155 7 8 1581 4 16179 4829 2.5 32 13 2 11 28% 2553 36907 6672 59%
c w  0.40 17 155 7 8 1581 4 16179 4829 2.5 32 13 2 11 28% 2553 36907 6672 59%
c x  0.40 17 155 7 8 1581 4 16179 4828 2.5 32 13 2 11 28% 2561 36813 6672 59%
c
c seconds   switched   rate        size/glue  tier1     binary        remaining
c        MB  reductions  conflicts       size   tier2      irredundant
c          level  restarts    redundant     glue    trail        variables
c
c t  0.40 17 155 7 8 1581 4 16179 4828 2.5 32 13 2 11 28% 2550 36813 6672 59%
c f  0.41 17 155 7 8 1581 4 16179 4828 2.5 32 13 2 11 28% 2557 36797 6676 60%
c u  0.41 17 155 7 8 1581 4 16179 4576 2.5 32 13 2 11 28% 2562 36797 6676 60%
c v  0.41 17 155 7 8 1581 4 16179 4389 2.5 32 13 2 11 28% 2562 36797 6676 60%
c w  0.42 17 155 7 8 1581 4 16179 4387 2.5 32 13 2 11 28% 2562 36797 6676 60%
c x  0.42 17 155 7 8 1581 4 16179 4387 2.5 32 13 2 11 28% 2565 36732 6676 60%
c d  0.43 17 155 7 8 1581 4 16179 4385 2.5 32 13 2 11 28% 2563 36732 6675 60%
c t  0.43 17 155 7 8 1581 4 16179 4385 2.5 32 13 2 11 28% 2561 36732 6675 60%
c f  0.44 17 155 7 8 1581 4 16179 4385 2.5 32 13 2 11 28% 2567 36719 6678 60%
c -  0.46 17 155 7 9 1582 4 17308 4629 2.3 36 16 2 14 28% 2572 36719 6678 60%
c ]  0.48 19 148 8 9 1583 3 19050 6321 2.3 38 16 2 14 27% 2573 36719 6678 60%
c {  0.48 19 82 8 9 1583 19 19050 6321 1.7 8 5 2 5 9% 2573 36719 6678 60%
c o  0.50 20 80 8 9 1778 19 20164 7219 1.7 8 5 2 5 10% 2625 36719 6678 60%
c -  0.50 20 80 8 10 1820 19 20308 6180 1.8 8 5 2 4 10% 2629 36719 6678 60%
c -  0.55 20 77 8 11 2554 20 23470 7494 1.8 9 5 1 4 10% 2711 36719 6678 60%
c }  0.59 20 76 9 11 2994 20 25215 9045 1.8 10 5 1 4 10% 2748 36719 6678 60%
c [  0.59 20 148 9 11 2994 3 25215 9045 2.3 38 16 2 14 27% 2748 36719 6678 60%
c O  0.59 20 148 9 11 2994 3 25215 9045 2.3 38 16 2 14 27% 2748 36719 6678 60%
c s  0.59 20 146 9 11 2994 3 25667 9477 2.3 38 16 2 14 27% 2749 36466 6678 60%
c e  0.60 20 146 9 11 2994 3 25667 9477 2.3 38 16 2 14 27% 2141 37209 6284 56%
c
c seconds   switched    rate        size/glue  tier1     binary        remaining
c        MB   reductions  conflicts       size   tier2      irredundant
c          level   restarts    redundant     glue    trail        variables
c
c 2  0.60 20 146 9 11 2994 3 25667 9477 2.3 38 16 2 14 27% 2140 37209 6284 56%
c s  0.61 20 146 9 11 2994 3 25667 9477 2.3 38 16 2 14 27% 2206 36836 6284 56%
c e  0.61 20 146 9 11 2994 3 25667 9477 2.3 38 16 2 14 27% 2199 36843 6280 56%
c ^  0.61 20 146 9 11 2994 3 25667 9477 2.3 38 16 2 14 27% 2199 36843 6280 56%
c -  0.62 20 142 9 12 2995 3 26788 6069 2.3 38 17 2 13 28% 2202 36843 6280 56%
c c  0.64 20 141 9 12 2996 3 27635 6857 2.3 40 18 2 13 28% 2218 36751 6270 56%
c d  0.64 20 141 9 12 2996 3 27635 6843 2.3 40 18 2 13 28% 2198 36751 6270 56%
c u  0.65 20 141 9 12 2996 3 27635 6349 2.3 40 18 2 13 28% 2203 36751 6270 56%
c v  0.65 20 141 9 12 2996 3 27635 5663 2.3 40 18 2 13 28% 2206 36751 6270 56%
c w  0.66 20 141 9 12 2996 3 27635 5657 2.3 40 18 2 13 28% 2206 36751 6270 56%
c x  0.66 20 141 9 12 2996 3 27635 5655 2.3 40 18 2 13 28% 2214 36614 6270 56%
c d  0.66 20 141 9 12 2996 3 27635 5652 2.3 40 18 2 13 28% 2208 36614 6267 56%
c t  0.66 20 141 9 12 2996 3 27635 5652 2.3 40 18 2 13 28% 2200 36614 6267 56%
c f  0.67 20 141 9 12 2996 3 27635 5652 2.3 40 18 2 13 28% 2271 36408 6305 56%
c u  0.67 20 141 9 12 2996 3 27635 5562 2.3 40 18 2 13 28% 2272 36408 6305 56%
c v  0.68 20 141 9 12 2996 3 27635 5392 2.3 40 18 2 13 28% 2272 36408 6305 56%
c w  0.68 20 141 9 12 2996 3 27635 5353 2.3 40 18 2 13 28% 2272 36408 6305 56%
c x  0.69 20 141 9 12 2996 3 27635 5353 2.3 40 18 2 13 28% 2295 36290 6305 56%
c t  0.69 20 141 9 12 2996 3 27635 5353 2.3 40 18 2 13 28% 2293 36290 6305 56%
c f  0.69 20 141 9 12 2996 3 27635 5353 2.3 40 18 2 13 28% 2295 36285 6306 56%
c
c seconds   switched    rate        size/glue  tier1     binary        remaining
c        MB   reductions  conflicts       size   tier2      irredundant
c          level   restarts    redundant     glue    trail        variables
c
c -  0.72 20 133 9 13 2997 3 30254 6207 2.3 40 17 2 13 28% 2304 36285 6306 56%
c -  0.76 20 125 9 14 3000 3 33860 7360 2.4 43 18 2 14 29% 2309 36285 6306 56%
c B  0.78 20 124 9 14 3000 3 34976 8439 2.4 42 18 2 14 28% 2311 36285 6306 56%
c ]  0.80 20 122 10 14 3000 3 36790 10166 2.4 43 18 2 14 28% 2311 36285 6306 56%
c {  0.80 20 76 10 14 3000 20 36790 10166 1.8 10 5 1 4 10% 2311 36285 6306 56%
c -  0.81 20 76 10 15 3140 20 37602 8355 1.8 10 6 1 4 10% 2322 36285 6306 56%
c o  0.85 20 76 10 15 3702 20 40191 10657 1.8 10 6 1 4 11% 2369 36284 6306 56%
c -  0.87 20 76 10 16 3936 20 41475 9775 1.8 10 6 1 4 11% 2380 36284 6306 56%
c c  0.89 20 77 10 16 4125 20 42401 10637 1.8 11 6 1 4 11% 2400 36163 6283 56%
c d  0.89 20 77 10 16 4125 20 42401 10503 1.8 11 6 1 4 11% 2344 36163 6278 56%
c u  0.90 20 77 10 16 4125 20 42401 9960 1.8 11 6 1 4 11% 2349 36163 6278 56%
c v  0.90 20 77 10 16 4125 20 42401 9242 1.8 11 6 1 4 11% 2351 36163 6278 56%
c w  0.91 20 77 10 16 4125 20 42401 9221 1.8 11 6 1 4 11% 2351 36163 6278 56%
c x  0.91 20 77 10 16 4125 20 42401 9220 1.8 11 6 1 4 11% 2352 36076 6278 56%
c =  0.94 20 77 10 16 4125 20 42401 9220 1.8 11 6 1 4 11% 2400 36076 6254 56%
c d  0.94 20 77 10 16 4125 20 42401 9149 1.8 11 6 1 4 11% 2330 36076 6254 56%
c t  0.94 20 77 10 16 4125 20 42401 9149 1.8 11 6 1 4 11% 2318 36076 6254 56%
c u  0.95 20 77 10 16 4125 20 42401 9046 1.8 11 6 1 4 11% 2319 36076 6254 56%
c v  0.96 20 77 10 16 4125 20 42401 8501 1.8 11 6 1 4 11% 2319 36076 6254 56%
c w  0.96 20 77 10 16 4125 20 42401 8478 1.8 11 6 1 4 11% 2319 36076 6254 56%
c
c seconds   switched     rate        size/glue tier1    binary        remaining
c        MB   reductions   conflicts       size  tier2     irredundant
c         level    restarts     redundant    glue   trail        variables
c
c x  0.97 21 77 10 16 4125 20 42401 8477 1.8 11 6 1 4 11% 2321 35919 6254 56%
c t  0.97 21 77 10 16 4125 20 42401 8477 1.8 11 6 1 4 11% 2319 35919 6254 56%
c }  1.01 21 76 11 16 4586 19 45418 11301 1.8 11 6 1 4 11% 2336 35918 6254 56%
c [  1.01 21 122 11 16 4586 3 45418 11301 2.4 43 18 2 14 28% 2336 35918 6254 56%
c -  1.01 21 122 11 17 4586 3 45475 9525 2.4 43 18 2 13 28% 2336 35918 6254 56%
c W  1.03 21 119 11 17 4587 3 47198 11179 2.4 42 17 2 13 28% 2339 35918 6254 56%
c -  1.07 21 117 11 18 4589 2 49598 10682 2.5 45 18 2 13 28% 2340 35918 6254 56%
c s  1.14 21 114 11 18 4591 2 53580 14522 2.5 47 19 2 13 27% 2342 35817 6254 56%
c e  1.15 21 114 11 18 4591 2 53580 14522 2.5 47 19 2 13 27% 2008 36410 6064 54%
c s  1.15 21 114 11 18 4591 2 53580 14522 2.5 47 19 2 13 27% 2010 36329 6064 54%
c e  1.15 21 114 11 18 4591 2 53580 14522 2.5 47 19 2 13 27% 2003 36342 6060 54%
c ^  1.15 21 114 11 18 4591 2 53580 14522 2.5 47 19 2 13 27% 2003 36342 6060 54%
c -  1.16 21 114 11 19 4592 2 53841 8194 2.4 47 19 2 13 27% 2003 36342 6060 54%
c ]  1.20 21 111 12 19 4592 2 56698 10976 2.4 50 20 2 13 27% 2004 36342 6060 54%
c {  1.20 21 76 12 19 4592 19 56698 10976 1.8 11 6 1 4 11% 2004 36342 6060 54%
c -  1.22 21 74 12 20 4766 18 58200 9525 1.8 11 6 1 4 11% 2009 36341 6060 54%
c u  1.26 21 74 12 20 5282 18 60581 10956 1.8 11 6 1 4 11% 2020 36341 6060 54%
c v  1.27 21 74 12 20 5282 18 60581 10308 1.8 11 6 1 4 11% 2021 36341 6060 54%
c w  1.28 21 74 12 20 5282 18 60581 10247 1.8 11 6 1 4 11% 2021 36341 6060 54%
c x  1.28 21 74 12 20 5282 18 60581 10240 1.8 11 6 1 4 11% 2025 36224 6060 54%
c
c seconds   switched     rate         size/glue tier1    binary        remaining
c        MB   reductions   conflicts        size  tier2     irredundant
c         level    restarts      redundant    glue   trail        variables
c
c =  1.32 21 74 12 20 5282 18 60581 10240 1.8 11 6 1 4 11% 2799 35975 5673 51%
c d  1.32 21 74 12 20 5282 18 60581 10203 1.8 11 6 1 4 11% 2009 35975 5673 51%
c t  1.32 21 74 12 20 5282 18 60581 10203 1.8 11 6 1 4 11% 1987 35975 5673 51%
c f  1.33 21 74 12 20 5282 18 60581 10203 1.8 11 6 1 4 11% 1992 35960 5675 51%
c u  1.34 21 74 12 20 5282 18 60581 10102 1.8 11 6 1 4 11% 1992 35960 5675 51%
c v  1.34 21 74 12 20 5282 18 60581 9488 1.8 11 6 1 4 11% 1992 35960 5675 51%
c w  1.35 21 74 12 20 5282 18 60581 9431 1.8 11 6 1 4 11% 1992 35960 5675 51%
c x  1.35 21 74 12 20 5282 18 60581 9431 1.8 11 6 1 4 11% 1995 34259 5675 51%
c =  1.39 21 74 12 20 5282 18 60581 9431 1.8 11 6 1 4 11% 2181 34259 5582 50%
c d  1.39 21 74 12 20 5282 18 60581 9424 1.8 11 6 1 4 11% 1993 34259 5582 50%
c t  1.39 21 74 12 20 5282 18 60581 9424 1.8 11 6 1 4 11% 1992 34259 5582 50%
c -  1.43 21 74 12 21 5614 18 62672 9841 1.8 11 6 1 4 11% 1996 34259 5582 50%
c -  1.50 21 73 12 22 6448 18 67255 12165 1.8 12 7 1 4 11% 2005 34259 5582 50%
c }  1.52 21 73 13 22 6664 18 68177 13044 1.8 12 7 1 4 11% 2007 34259 5582 50%
c [  1.52 21 111 13 22 6664 2 68177 13044 2.4 50 20 2 13 27% 2007 34259 5582 50%
c I  1.52 21 111 13 22 6664 2 68177 13044 2.4 50 20 2 13 27% 2007 34259 5582 50%
c o  1.54 21 110 13 22 6666 2 70264 15061 2.4 50 20 2 13 27% 2008 34259 5582 50%
c -  1.57 21 109 13 23 6666 2 71946 13480 2.5 50 20 2 13 27% 2008 34259 5582 50%
c -  1.64 21 107 13 24 6670 2 76741 13380 2.4 50 20 2 13 27% 2011 34259 5582 50%
c -  1.70 21 105 13 25 6671 2 81642 13026 2.4 50 21 2 13 27% 2012 34258 5582 50%
c
c seconds    switched    rate         size/glue  tier1     binary        remaining
c        MB    reductions  conflicts        size   tier2      irredundant
c          level    restarts     redundant     glue    trail        variables
c
c u  1.72 21 105 13 25 6672 2 82367 12814 2.4 50 21 2 13 27% 2013 34258 5582 50%
c v  1.73 21 105 13 25 6672 2 82367 12126 2.4 50 21 2 13 27% 2014 34258 5582 50%
c w  1.74 21 105 13 25 6672 2 82367 12122 2.4 50 21 2 13 27% 2014 34258 5582 50%
c x  1.74 21 105 13 25 6672 2 82367 12102 2.4 50 21 2 13 27% 2015 34012 5582 50%
c t  1.79 21 105 13 25 6672 2 82367 12102 2.4 50 21 2 13 27% 2013 34012 5582 50%
c ]  1.83 21 105 14 25 6674 2 84893 14538 2.4 51 21 2 13 27% 2013 34012 5582 50%
c {  1.83 21 73 14 25 6674 18 84893 14538 1.8 12 7 1 4 11% 2013 34012 5582 50%
c -  1.86 21 73 14 26 6911 17 86642 12568 1.8 12 7 1 4 11% 2018 34012 5582 50%
c -  1.94 21 73 14 27 7808 17 91742 14815 1.8 12 7 1 4 12% 2041 34012 5582 50%
c -  2.05 22 73 14 28 8793 17 96938 16671 1.8 13 7 1 4 12% 2052 34012 5582 50%
c s  2.07 22 73 14 28 8982 17 98591 18170 1.8 13 7 1 4 12% 2055 32218 5582 50%
c e  2.09 22 73 14 28 8982 17 98591 18170 1.8 13 7 1 4 12% 975 32510 4554 41%
c s  2.10 22 73 14 28 8982 17 98591 18170 1.8 13 7 1 4 12% 993 32018 4554 41%
c e  2.10 22 73 14 28 8982 17 98591 18170 1.8 13 7 1 4 12% 977 32094 4528 40%
c ^  2.10 22 73 14 28 8982 17 98591 18170 1.8 13 7 1 4 12% 977 32094 4528 40%
c }  2.11 22 73 15 28 9095 17 99609 13418 1.8 13 7 1 4 12% 978 32094 4528 40%
c [  2.11 22 105 15 28 9095 2 99609 13418 2.4 51 21 2 13 27% 978 32094 4528 40%
c B  2.11 22 105 15 28 9095 2 99609 13418 2.4 51 21 2 13 27% 978 32094 4528 40%
c -  2.16 22 105 15 29 9097 2 102230 13243 2.4 52 21 2 13 27% 979 32094 4528 40%
c -  2.25 22 103 15 30 9100 2 107615 14011 2.4 54 22 2 13 28% 980 32094 4528 40%
c
c seconds    switched    rate          size/glue  tier1    binary        remaining
c        MB    reductions  conflicts         size   tier2     irredundant
c          level    restarts      redundant     glue    trail       variables
c
c u  2.26 22 103 15 30 9100 2 107838 13042 2.4 54 22 2 13 28% 983 32094 4528 40%
c v  2.27 22 103 15 30 9100 2 107838 11805 2.4 54 22 2 13 28% 985 32094 4528 40%
c w  2.28 22 103 15 30 9100 2 107838 11794 2.4 54 22 2 13 28% 985 32094 4528 40%
c x  2.29 22 103 15 30 9100 2 107838 11744 2.4 54 22 2 13 28% 994 31782 4528 40%
c t  2.29 22 103 15 30 9100 2 107838 11744 2.4 54 22 2 13 28% 986 31782 4528 40%
c -  2.39 22 100 15 31 9103 2 113092 12006 2.4 55 23 2 13 28% 989 31782 4528 40%
c -  2.49 22 100 15 32 9107 2 118659 12448 2.4 57 24 2 13 28% 989 31782 4528 40%
c ]  2.51 22 99 16 32 9107 2 119534 13306 2.4 57 24 2 13 28% 989 31782 4528 40%
c {  2.51 22 73 16 32 9107 17 119534 13306 1.8 13 7 1 4 12% 989 31782 4528 40%
c o  2.51 22 73 16 32 9113 17 119556 13328 1.8 13 7 1 4 12% 989 31782 4528 40%
c -  2.58 22 72 16 33 9726 16 124315 14759 1.8 13 7 1 4 12% 995 31780 4528 40%
c -  2.68 22 72 16 34 10532 16 130059 17449 1.8 13 7 1 4 12% 1004 31779 4528 40%
c -  2.79 22 72 16 35 11261 15 135889 19190 1.9 13 7 1 4 12% 1012 31778 4528 40%
c u  2.83 22 72 16 35 11428 15 137256 19376 1.9 14 7 1 4 13% 1026 31778 4528 40%
c v  2.84 22 72 16 35 11428 15 137256 18520 1.9 14 7 1 4 13% 1026 31778 4528 40%
c w  2.84 22 72 16 35 11428 15 137256 18478 1.9 14 7 1 4 13% 1026 31778 4528 40%
c x  2.85 22 72 16 35 11428 15 137256 18469 1.9 14 7 1 4 13% 1060 31466 4528 40%
c t  2.92 22 72 16 35 11428 15 137256 18469 1.9 14 7 1 4 13% 1050 31466 4528 40%
c }  2.93 22 72 17 35 11494 15 137871 19047 1.9 14 7 1 4 13% 1050 31466 4528 40%
c [  2.93 22 99 17 35 11494 2 137871 19047 2.4 57 24 2 13 28% 1050 31466 4528 40%
c
c seconds   switched     rate          size/glue  tier1     binary        remaining
c        MB   reductions   conflicts         size   tier2      irredundant
c         level    restarts       redundant     glue    trail        variables
c
c W  2.94 22 99 17 35 11494 2 137871 19047 2.4 57 24 2 13 28% 1050 31466 4528 40%
c -  3.00 22 98 17 36 11496 2 141806 18036 2.4 57 24 2 13 28% 1050 31466 4528 40%
c -  3.09 22 97 17 37 11500 2 147807 17301 2.4 57 24 2 13 28% 1051 31466 4528 40%
c -  3.19 22 96 17 38 11503 2 153889 17154 2.4 56 24 2 13 28% 1053 31466 4528 40%
c -  3.29 22 95 17 39 11507 2 160053 17079 2.4 57 24 2 13 28% 1054 31466 4528 40%
c O  3.33 22 94 17 39 11507 2 162096 19077 2.4 58 24 2 13 29% 1054 31466 4528 40%
c s  3.35 22 94 17 39 11508 2 163192 20122 2.4 58 24 2 13 28% 1056 31445 4528 40%
c e  3.36 22 94 17 39 11508 2 163192 20122 2.4 58 24 2 13 28% 608 34562 4142 37%
c s  3.37 22 94 17 39 11508 2 163192 20122 2.4 58 24 2 13 28% 617 33845 4142 37%
c e  3.37 22 94 17 39 11508 2 163192 20122 2.4 58 24 2 13 28% 597 33920 4132 37%
c ^  3.37 22 94 17 39 11508 2 163192 20122 2.4 58 24 2 13 28% 597 33920 4132 37%
c ]  3.38 22 94 18 39 11508 2 163598 11205 2.4 57 24 2 13 28% 597 33920 4132 37%
c {  3.38 22 72 18 39 11508 15 163598 11205 1.9 14 7 1 4 13% 597 33920 4132 37%
c -  3.41 22 71 18 40 11654 15 166297 11606 1.9 14 7 1 4 13% 603 33919 4132 37%
c o  3.45 22 71 18 40 11878 15 169596 14637 1.9 14 7 1 4 13% 615 33917 4132 37%
c u  3.47 22 71 18 40 11951 14 170575 14454 1.9 14 7 1 4 13% 619 33916 4132 37%
c v  3.48 22 71 18 40 11951 14 170575 13376 1.9 14 7 1 4 13% 619 33916 4132 37%
c w  3.49 22 71 18 40 11951 14 170575 13360 1.9 14 7 1 4 13% 619 33916 4132 37%
c x  3.50 22 71 18 40 11951 14 170575 13312 1.9 14 7 1 4 13% 621 33695 4132 37%
c t  3.50 22 71 18 40 11951 14 170575 13312 1.9 14 7 1 4 13% 615 33695 4132 37%
c
c seconds   switched      rate          size/glue tier1   binary        remaining
c        MB   reductions    conflicts         size  tier2    irredundant
c         level    restarts        redundant    glue   trail       variables
c
c f  3.51 22 71 18 40 11951 14 170575 13312 1.9 14 7 1 4 13% 619 33674 4133 37%
c u  3.52 22 71 18 40 11951 14 170575 13105 1.9 14 7 1 4 13% 619 33674 4133 37%
c v  3.53 22 71 18 40 11951 14 170575 12350 1.9 14 7 1 4 13% 619 33674 4133 37%
c w  3.53 22 71 18 40 11951 14 170575 12294 1.9 14 7 1 4 13% 619 33674 4133 37%
c x  3.54 22 71 18 40 11951 14 170575 12272 1.9 14 7 1 4 13% 632 33358 4133 37%
c t  3.55 22 71 18 40 11951 14 170575 12272 1.9 14 7 1 4 13% 627 33358 4133 37%
c -  3.57 22 71 18 41 12003 14 172622 12707 1.9 14 7 1 4 13% 630 33357 4133 37%
c -  3.64 22 71 18 42 12318 13 179026 16521 1.9 14 7 1 4 13% 639 33356 4133 37%
c -  3.75 22 70 18 43 12913 13 185509 19300 1.9 14 7 1 4 13% 649 33353 4133 37%
c }  3.76 22 70 19 43 12991 13 185943 19700 1.9 14 7 1 4 13% 649 33353 4133 37%
c [  3.76 22 94 19 43 12991 2 185943 19700 2.4 57 24 2 13 28% 649 33353 4133 37%
c B  3.81 22 94 19 43 12993 2 189837 23454 2.4 57 24 2 13 28% 650 33352 4133 37%
c -  3.85 22 94 19 44 12995 2 192067 19599 2.3 57 25 2 13 28% 650 33351 4133 37%
c -  3.96 23 94 19 45 12998 2 198701 18068 2.3 57 24 2 13 28% 650 33351 4133 37%
c -  4.06 23 93 19 46 13003 2 205409 17531 2.3 56 24 2 13 28% 650 33351 4133 37%
c u  4.11 23 93 19 46 13004 2 207765 18716 2.3 56 25 2 13 28% 651 33351 4133 37%
c v  4.12 23 93 19 46 13004 2 207765 17555 2.3 56 25 2 13 28% 651 33351 4133 37%
c w  4.13 23 93 19 46 13004 2 207765 17544 2.3 56 25 2 13 28% 651 33351 4133 37%
c x  4.14 23 93 19 46 13004 2 207765 17538 2.3 56 25 2 13 28% 651 33291 4133 37%
c t  4.21 23 93 19 46 13004 2 207765 17538 2.3 56 25 2 13 28% 647 33291 4133 37%
c
c seconds   switched     rate          size/glue  tier1    binary        remaining
c        MB   reductions   conflicts         size   tier2     irredundant
c         level    restarts       redundant     glue    trail       variables
c
c ]  4.29 23 93 20 46 13005 2 211982 21604 2.3 57 25 2 13 28% 647 33290 4133 37%
c {  4.29 23 70 20 46 13005 13 211982 21604 1.9 14 7 1 4 13% 647 33290 4133 37%
c -  4.30 23 70 20 47 13028 13 212191 15437 1.9 14 7 1 4 13% 647 33290 4133 37%
c -  4.40 23 70 20 48 13810 13 219047 18085 1.9 14 7 1 4 13% 649 33290 4133 37%
c -  4.53 23 70 20 49 14697 13 225975 21275 1.9 14 8 1 4 13% 652 33290 4133 37%
c o  4.60 23 70 20 49 15176 13 229599 24661 1.9 14 8 1 4 13% 654 33290 4133 37%
c -  4.68 23 70 20 50 15622 13 232977 23586 1.9 14 8 1 4 13% 655 33290 4133 37%
c }  4.82 23 70 21 50 16543 13 238722 28954 1.9 14 8 1 4 13% 656 33290 4133 37%
c [  4.82 23 93 21 50 16543 2 238722 28954 2.3 57 25 2 13 28% 656 33290 4133 37%
c W  4.83 23 93 21 50 16543 2 238722 28954 2.3 57 25 2 13 28% 656 33290 4133 37%
c -  4.85 23 93 21 51 16544 2 240048 24917 2.3 57 25 2 13 28% 656 33290 4133 37%
c -  4.97 24 92 21 52 16549 2 247190 23652 2.3 58 26 2 13 28% 656 33290 4133 37%
c s  5.00 24 92 21 52 16549 2 248445 24863 2.2 58 26 2 13 28% 658 33272 4133 37%
c e  5.02 24 92 21 52 16549 2 248445 24863 2.2 58 26 2 13 28% 286 39940 3638 32%
c s  5.03 24 92 21 52 16549 2 248445 24863 2.2 58 26 2 13 28% 289 38282 3638 32%
c e  5.04 24 92 21 52 16549 2 248445 24863 2.2 58 26 2 13 28% 267 38534 3618 32%
c !  5.04 24 92 21 52 16549 2 248445 24863 2.2 58 26 2 13 28% 267 38534 3618 32%
c u  5.06 24 92 21 52 16549 2 248989 13508 2.2 58 26 2 13 28% 268 38534 3618 32%
c v  5.08 24 92 21 52 16549 2 248989 11684 2.2 58 26 2 13 28% 269 38534 3618 32%
c w  5.10 24 92 21 52 16549 2 248989 11169 2.2 58 26 2 13 28% 269 38534 3618 32%
c
c seconds   switched     rate          size/glue  tier1    binary        remaining
c        MB   reductions   conflicts         size   tier2     irredundant
c         level    restarts       redundant     glue    trail       variables
c
c f  5.12 24 92 21 52 16549 2 248989 11169 2.2 58 26 2 13 28% 301 38293 3630 32%
c u  5.13 24 92 21 52 16549 2 248989 10940 2.2 58 26 2 13 28% 301 38293 3630 32%
c v  5.14 24 92 21 52 16549 2 248989 10547 2.2 58 26 2 13 28% 301 38293 3630 32%
c w  5.16 24 92 21 52 16549 2 248989 10276 2.2 58 26 2 13 28% 301 38293 3630 32%
c x  5.18 24 92 21 52 16549 2 248989 10165 2.2 58 26 2 13 28% 307 37489 3630 32%
c -  5.26 24 92 21 53 16552 2 254403 10552 2.2 57 26 2 13 28% 308 37486 3630 32%
c -  5.37 24 92 21 54 16556 2 261684 12703 2.2 58 26 2 13 28% 308 37486 3630 32%
c -  5.51 24 91 21 55 16557 2 269033 13632 2.2 59 27 2 13 28% 308 37486 3630 32%
c I  5.61 24 91 21 55 16560 2 274076 18549 2.2 60 27 2 13 28% 308 37486 3630 32%
c -  5.63 24 90 21 56 16561 2 276449 14274 2.2 59 27 2 14 27% 308 37486 3630 32%
c -  5.76 24 89 21 57 16564 2 283934 15612 2.2 60 27 2 14 27% 308 37486 3630 32%
c ]  5.76 24 89 22 57 16564 2 284134 15803 2.2 60 27 2 14 27% 308 37486 3630 32%
c {  5.76 24 70 22 57 16564 13 284134 15803 1.9 14 8 1 4 13% 308 37486 3630 32%
c -  5.84 24 69 22 58 16854 12 291484 18512 1.9 14 8 1 4 13% 310 37484 3630 32%
c u  5.89 24 69 22 58 17020 12 294018 20053 1.9 14 8 1 4 13% 313 37483 3630 32%
c v  5.91 24 69 22 58 17020 12 294018 19178 1.9 14 8 1 4 13% 313 37483 3630 32%
c w  5.91 24 69 22 58 17020 12 294018 19161 1.9 14 8 1 4 13% 313 37483 3630 32%
c x  5.93 24 69 22 58 17020 12 294018 19159 1.9 14 8 1 4 13% 316 37412 3630 32%
c t  5.93 24 69 22 58 17020 12 294018 19159 1.9 14 8 1 4 13% 312 37412 3630 32%
c -  6.00 24 69 22 59 17268 12 299099 20613 1.9 14 8 1 4 13% 314 37412 3630 32%
c
c seconds   switched      rate          size/glue tier1   binary        remaining
c        MB   reductions    conflicts         size  tier2    irredundant
c         level    restarts        redundant    glue   trail       variables
c
c o  6.02 24 69 22 59 17325 12 299644 21123 1.9 14 8 1 4 13% 314 37412 3630 32%
c -  6.15 24 69 22 60 17916 11 306781 23456 1.9 15 8 1 4 13% 316 37412 3630 32%
c -  6.33 24 68 22 61 18747 11 314526 25696 1.9 15 8 1 4 13% 318 37411 3630 32%
c }  6.36 24 68 23 61 18889 11 315650 26766 1.9 15 8 1 4 13% 318 37411 3630 32%
c [  6.36 24 89 23 61 18889 2 315650 26766 2.2 60 27 2 14 27% 318 37411 3630 32%
c B  6.36 24 89 23 61 18889 2 315650 26766 2.2 60 27 2 14 27% 318 37411 3630 32%
c -  6.48 28 90 23 62 18894 2 322336 25305 2.2 60 28 2 14 27% 318 37411 3630 32%
c -  6.62 29 90 23 63 18898 2 330210 21310 2.2 61 28 2 14 28% 318 37411 3630 32%
c -  6.79 29 90 23 64 18902 2 338149 19075 2.2 63 29 2 14 28% 318 37411 3630 32%
c u  6.90 29 90 23 64 18903 2 343206 22430 2.2 63 29 2 14 28% 318 37411 3630 32%
c v  6.93 29 90 23 64 18903 2 343206 20243 2.2 63 29 2 14 28% 318 37411 3630 32%
c w  6.97 34 90 23 64 18903 2 343206 20190 2.2 63 29 2 14 28% 318 37411 3630 32%
c -  7.15 34 90 23 65 18903 2 346149 16291 2.2 63 29 2 14 28% 318 37411 3630 32%
c -  7.32 34 89 23 66 18908 1 354212 16215 2.2 64 30 2 14 28% 318 37411 3630 32%
c s  7.34 34 89 23 66 18909 1 355326 17291 2.2 64 30 2 14 28% 319 37389 3630 32%
c e  7.35 34 89 23 66 18909 1 355326 17291 2.2 64 30 2 14 28% 274 37764 3603 32%
c s  7.35 34 89 23 66 18909 1 355326 17291 2.2 64 30 2 14 28% 274 37613 3603 32%
c ]  7.37 34 89 24 66 18909 1 356727 18253 2.2 64 30 2 14 28% 274 37613 3603 32%
c {  7.37 34 68 24 66 18909 11 356727 18253 1.9 15 8 1 4 13% 274 37613 3603 32%
c -  7.44 34 68 24 67 19331 11 362338 19280 1.9 15 8 1 4 13% 274 37613 3603 32%
c
c seconds   switched      rate          size/glue tier1   binary        remaining
c        MB   reductions    conflicts         size  tier2    irredundant
c         level    restarts        redundant    glue   trail       variables
c
c -  7.57 34 68 24 68 19967 11 370523 23310 1.9 15 8 1 4 13% 274 37613 3603 32%
c -  7.74 34 68 24 69 21045 11 378770 26013 1.9 15 8 1 4 13% 274 37613 3603 32%
c o  7.77 34 68 24 69 21205 11 379672 26848 1.9 15 8 1 4 13% 274 37613 3603 32%
c -  7.95 34 68 24 70 22340 11 387077 27909 1.9 15 8 1 4 13% 276 37613 3603 32%
c }  8.12 34 69 25 70 23299 11 393404 33792 1.8 15 8 1 4 13% 280 37613 3603 32%
c [  8.12 34 89 25 70 23299 1 393404 33792 2.2 64 30 2 14 28% 280 37613 3603 32%
c W  8.12 34 89 25 70 23299 1 393404 33792 2.2 64 30 2 14 28% 280 37613 3603 32%
c -  8.15 34 89 25 71 23300 2 395445 29333 2.2 63 29 2 14 28% 280 37613 3603 32%
c u  8.19 34 89 25 71 23301 2 396626 28735 2.2 63 29 2 14 28% 280 37613 3603 32%
c v  8.21 34 89 25 71 23301 2 396626 27088 2.2 63 29 2 14 28% 282 37613 3603 32%
c w  8.23 34 89 25 71 23301 2 396626 27085 2.2 63 29 2 14 28% 282 37613 3603 32%
c x  8.25 34 89 25 71 23301 2 396626 27049 2.2 63 29 2 14 28% 283 37482 3603 32%
c t  8.25 34 89 25 71 23301 2 396626 27049 2.2 63 29 2 14 28% 282 37482 3603 32%
c -  8.37 34 89 25 72 23305 1 403873 25107 2.2 63 29 2 14 28% 282 37482 3603 32%
c -  8.51 34 89 25 73 23311 1 412359 22080 2.1 62 29 2 14 28% 282 37482 3603 32%
c -  8.65 34 89 25 74 23313 1 420904 20994 2.1 63 29 2 14 28% 282 37482 3603 32%
c -  8.79 34 89 25 75 23316 1 429507 20716 2.1 62 29 2 14 28% 282 37482 3603 32%
c -  8.96 34 89 25 76 23320 1 438167 21182 2.1 63 30 2 14 28% 282 37482 3603 32%
c O  9.01 34 89 25 76 23323 1 441569 24485 2.1 63 30 2 14 28% 282 37482 3603 32%
c -  9.09 34 88 25 77 23326 1 446884 21850 2.1 62 30 2 14 28% 282 37482 3603 32%
c
c seconds   switched     rate          size/glue  tier1    binary        remaining
c        MB   reductions   conflicts         size   tier2     irredundant
c         level    restarts       redundant     glue    trail       variables
c
c u  9.22 34 88 25 77 23328 1 454325 27953 2.1 62 29 2 14 29% 282 37482 3603 32%
c v  9.23 34 88 25 77 23328 1 454325 26668 2.1 62 29 2 14 29% 282 37482 3603 32%
c w  9.25 34 88 25 77 23328 1 454325 26659 2.1 62 29 2 14 29% 282 37482 3603 32%
c x  9.26 34 88 25 77 23328 1 454325 26659 2.1 62 29 2 14 29% 282 37449 3603 32%
c ]  9.27 34 88 26 77 23328 1 454639 26960 2.1 62 29 2 14 29% 282 37449 3603 32%
c {  9.27 34 69 26 77 23328 11 454639 26960 1.8 15 8 1 4 13% 282 37449 3603 32%
c -  9.29 34 68 26 78 23402 11 455658 21146 1.8 15 8 1 4 13% 282 37449 3603 32%
c -  9.44 34 69 26 79 24289 11 464489 24505 1.8 15 8 1 4 13% 283 37449 3603 32%
c o  9.54 34 69 26 79 24878 11 469679 29364 1.8 15 8 1 4 13% 283 37449 3603 32%
c -  9.62 34 69 26 80 25259 11 473379 27750 1.8 15 8 1 4 14% 284 37449 3603 32%
c -  9.82 34 69 26 81 26265 11 482324 30356 1.8 16 8 1 4 14% 284 37449 3603 32%
c s  9.92 34 69 26 81 26784 11 486231 34036 1.8 16 9 1 4 14% 284 37431 3603 32%
c e  9.92 34 69 26 81 26784 11 486231 34036 1.8 16 9 1 4 14% 282 37485 3599 32%
c s  9.93 34 69 26 81 26784 11 486231 34036 1.8 16 9 1 4 14% 282 37473 3599 32%
c e  9.93 34 69 26 81 26784 11 486231 34036 1.8 16 9 1 4 14% 281 37490 3598 32%
c - 10.07 34 69 26 82 27494 11 491325 32258 1.8 16 9 1 4 14% 283 37490 3598 32%
c } 10.22 34 69 27 82 28230 11 496861 37450 1.8 16 9 1 4 14% 284 37490 3598 32%
c [ 10.22 34 88 27 82 28230 1 496861 37450 2.1 62 29 2 14 29% 284 37490 3598 32%
c B 10.22 34 88 27 82 28230 1 496861 37450 2.1 62 29 2 14 29% 284 37490 3598 32%
c - 10.29 34 89 27 83 28232 1 500380 32837 2.1 62 29 2 14 29% 284 37490 3598 32%
c
c seconds   switched     rate          size/glue  tier1    binary        remaining
c        MB   reductions   conflicts         size   tier2     irredundant
c         level    restarts       redundant     glue    trail       variables
c
c - 10.46 35 89 27 84 28237 1 509491 30313 2.1 61 29 2 14 28% 284 37490 3598 32%
c u 10.62 35 89 27 84 28242 1 516390 34525 2.1 61 29 2 14 28% 285 37490 3598 32%
c v 10.67 35 89 27 84 28242 1 516390 30715 2.1 61 29 2 14 28% 285 37490 3598 32%
c w 10.69 35 89 27 84 28242 1 516390 30663 2.1 61 29 2 14 28% 285 37490 3598 32%
c - 10.73 35 89 27 85 28243 1 518656 22415 2.1 60 29 2 14 28% 285 37490 3598 32%
c - 10.87 35 89 27 86 28244 1 527876 22389 2.1 60 29 2 14 29% 285 37490 3598 32%
c - 11.03 35 88 27 87 28250 1 537149 22692 2.1 59 29 2 14 29% 285 37490 3598 32%
c - 11.21 35 88 27 88 28254 1 546476 22769 2.1 60 29 2 14 29% 285 37490 3598 32%
c W 11.36 35 87 27 88 28258 1 554445 30591 2.1 60 29 2 14 29% 285 37490 3598 32%
c - 11.39 35 87 27 89 28259 1 555857 22713 2.1 60 29 2 14 29% 285 37490 3598 32%
c - 11.54 35 87 27 90 28260 1 565292 23113 2.1 60 29 2 14 29% 285 37490 3598 32%
c ] 11.55 35 87 28 90 28260 1 566149 23946 2.1 60 29 2 14 29% 285 37490 3598 32%
c { 11.55 35 69 28 90 28260 11 566149 23946 1.8 16 9 1 4 14% 285 37490 3598 32%
c o 11.61 35 69 28 90 28648 11 569808 27390 1.8 16 9 1 4 14% 285 37490 3598 32%
c - 11.71 35 69 28 91 29105 11 574779 26487 1.8 16 9 1 4 14% 286 37490 3598 32%
c u 11.91 35 69 28 91 29948 11 582862 32884 1.8 16 9 1 4 14% 286 37490 3598 32%
c v 11.93 35 69 28 91 29948 11 582862 31614 1.8 16 9 1 4 14% 286 37490 3598 32%
c w 11.94 35 69 28 91 29948 11 582862 31576 1.8 16 9 1 4 14% 286 37490 3598 32%
c x 11.96 35 69 28 91 29948 11 582862 31571 1.8 16 9 1 4 14% 286 37455 3598 32%
c - 12.00 35 69 28 92 30087 11 584319 28362 1.8 16 9 1 4 14% 286 37455 3598 32%
c
c seconds   switched      rate          size/glue tier1   binary        remaining
c        MB   reductions    conflicts         size  tier2    irredundant
c         level    restarts        redundant    glue   trail       variables
c
c - 12.24 35 70 28 93 31197 11 593910 31302 1.8 16 9 1 4 14% 286 37455 3598 32%
c - 12.48 35 70 28 94 32270 11 603553 33680 1.8 17 9 1 4 14% 286 37455 3598 32%
c - 12.75 35 70 28 95 33470 11 613249 35579 1.8 17 9 1 4 14% 286 37455 3598 32%
c } 12.78 35 70 29 95 33595 11 614287 36563 1.8 17 9 1 4 14% 286 37455 3598 32%
c [ 12.78 35 87 29 95 33595 1 614287 36563 2.1 60 29 2 14 29% 286 37455 3598 32%
c I 12.82 35 87 29 95 33597 1 616996 39206 2.1 60 29 2 14 29% 286 37455 3598 32%
c - 12.92 35 86 29 96 33601 1 622995 34778 2.1 59 29 2 14 28% 286 37455 3598 32%
c - 13.11 35 86 29 97 33606 1 632792 30379 2.1 59 29 2 14 28% 286 37455 3598 32%
c s 13.29 35 87 29 97 33609 1 642500 39864 2.0 59 29 2 14 28% 286 37442 3598 32%
c - 13.30 35 87 29 98 33609 1 642640 27802 2.0 59 29 2 14 28% 286 37442 3598 32%
c - 13.48 35 88 29 99 33614 1 652539 27033 2.0 59 29 2 14 28% 287 37442 3598 32%
c u 13.54 35 88 29 99 33615 1 653804 25890 2.0 59 29 2 14 28% 287 37442 3598 32%
c v 13.56 35 88 29 99 33615 1 653804 23405 2.0 59 29 2 14 28% 287 37442 3598 32%
c w 13.62 35 88 29 99 33615 1 653804 22847 2.0 59 29 2 14 28% 287 37442 3598 32%
c - 14.00 35 88 29 100 33619 1 662489 22878 2.0 59 29 2 14 28% 287 37442 3598 32%
c - 14.18 35 87 29 101 33624 1 672489 23698 2.0 59 30 2 14 28% 287 37442 3598 32%
c - 14.36 35 87 29 102 33625 1 682538 24717 2.0 58 29 2 14 27% 287 37442 3598 32%
c B 14.40 35 87 29 102 33625 1 684678 26811 2.0 58 29 2 14 28% 287 37442 3598 32%
c o 14.40 35 87 29 102 33625 1 684678 26811 2.0 58 29 2 14 28% 287 37442 3598 32%
c - 14.55 35 87 29 103 33625 1 692637 25778 2.0 59 29 2 14 28% 287 37442 3598 32%
c
c seconds   switched      rate          size/glue  tier1    binary        remaining
c        MB   reductions    conflicts         size   tier2     irredundant
c         level     restarts       redundant     glue    trail       variables
c
c ] 14.61 35 86 30 103 33625 1 695847 28923 2.0 59 29 2 14 28% 287 37442 3598 32%
c { 14.61 35 70 30 103 33625 11 695847 28923 1.8 17 9 1 4 14% 287 37442 3598 32%
c - 14.75 35 71 30 104 34233 11 702785 28683 1.8 17 9 1 4 14% 287 37442 3598 32%
c - 14.97 35 71 30 105 35248 11 712985 32730 1.8 17 9 1 4 15% 287 37442 3598 32%
c - 15.24 35 71 30 106 36316 11 723232 35082 1.8 17 9 1 4 15% 287 37442 3598 32%
c u 15.44 35 71 30 106 37059 11 729261 38913 1.8 17 9 1 4 15% 288 37442 3598 32%
c v 15.49 35 71 30 106 37059 11 729261 35447 1.8 17 9 1 4 15% 288 37442 3598 32%
c w 15.51 35 71 30 106 37059 11 729261 35384 1.8 17 9 1 4 15% 288 37442 3598 32%
c - 15.62 35 71 30 107 37424 11 733530 32582 1.8 17 9 1 4 15% 288 37442 3598 32%
c - 15.88 35 71 30 108 38409 11 743874 35248 1.8 18 10 1 4 15% 288 37442 3598 32%
c } 16.05 35 71 31 108 39132 11 750281 41333 1.9 18 10 1 4 15% 288 37442 3598 32%
c [ 16.05 35 86 31 108 39132 1 750281 41333 2.0 59 29 2 14 28% 288 37442 3598 32%
c - 16.12 35 86 31 109 39134 1 754266 36485 2.0 58 29 2 14 28% 288 37442 3598 32%
c W 16.18 35 86 31 109 39137 1 757654 39806 2.0 58 28 2 14 28% 288 37442 3598 32%
c - 16.31 36 86 31 110 39140 1 764706 34183 2.0 58 29 2 14 28% 288 37442 3598 32%
c - 16.52 36 87 31 111 39146 1 775194 30001 2.0 58 29 2 14 28% 288 37442 3598 32%
c - 16.71 36 87 31 112 39149 1 785730 28595 2.0 57 29 2 14 27% 288 37442 3598 32%
c - 16.92 36 87 31 113 39154 1 796313 28458 2.0 58 29 2 14 27% 288 37442 3598 32%
c - 17.14 36 86 31 114 39160 1 806946 27948 2.0 58 29 2 14 28% 288 37442 3598 32%
c u 17.22 36 86 31 114 39161 1 809286 28161 2.0 58 29 2 14 28% 288 37442 3598 32%
c
c seconds   switched      rate          size/glue  tier1    binary        remaining
c        MB   reductions    conflicts         size   tier2     irredundant
c         level     restarts       redundant     glue    trail       variables
c
c v 17.25 36 86 31 114 39161 1 809286 26044 2.0 58 29 2 14 28% 288 37442 3598 32%
c w 17.27 36 86 31 114 39161 1 809286 25960 2.0 58 29 2 14 28% 288 37442 3598 32%
c x 17.30 36 86 31 114 39161 1 809286 25948 2.0 58 29 2 14 28% 290 37343 3598 32%
c o 17.31 36 86 31 114 39161 1 809286 25948 2.0 58 29 2 14 28% 290 37343 3598 32%
c - 17.47 34 87 31 115 39162 1 817625 24764 2.0 59 30 2 14 28% 290 37343 3598 32%
c s 17.63 36 87 31 115 39162 1 825464 32444 2.0 60 30 2 14 28% 290 37334 3598 32%
c e 17.63 36 87 31 115 39162 1 825464 32444 2.0 60 30 2 14 28% 283 37387 3594 32%
c s 17.63 36 87 31 115 39162 1 825464 32444 2.0 60 30 2 14 28% 283 37357 3594 32%
c - 17.68 36 87 31 116 39162 1 828349 25651 2.0 59 29 2 14 28% 283 37357 3594 32%
c O 17.82 36 87 31 116 39165 1 836083 33156 2.0 59 29 2 14 28% 283 37357 3594 32%
c - 17.87 36 87 31 117 39167 1 839120 26486 2.0 59 29 2 14 28% 283 37357 3594 32%
c ] 17.88 36 87 32 117 39168 1 840307 27640 2.0 59 29 2 14 28% 283 37357 3594 32%
c { 17.88 36 71 32 117 39168 11 840307 27640 1.9 18 10 1 4 15% 283 37357 3594 32%
c - 18.09 36 71 32 118 40027 11 849936 30743 1.9 18 10 1 4 15% 283 37357 3594 32%
c - 18.35 36 72 32 119 41011 11 860799 34699 1.9 18 10 1 4 15% 285 37357 3594 32%
c - 18.63 36 72 32 120 42011 11 871707 37562 1.9 18 10 1 4 15% 286 37357 3594 32%
c - 18.97 36 72 32 121 43278 11 882661 39873 1.9 18 10 1 4 15% 286 37357 3594 32%
c - 19.28 36 72 32 122 44414 11 893661 41635 1.9 19 10 1 4 15% 286 37357 3594 32%
c u 19.33 36 72 32 122 44432 11 893944 39532 1.9 19 10 1 4 15% 286 37357 3594 32%
c v 19.39 36 72 32 122 44432 11 893944 34970 1.9 19 10 1 4 15% 286 37357 3594 32%
c
c seconds   switched       rate          size/glue  tier1   binary        remaining
c        MB   reductions     conflicts         size   tier2    irredundant
c         level     restarts        redundant     glue   trail       variables
c
c w 19.42 36 72 32 122 44432 11 893944 34686 1.9 19 10 1 4 15% 286 37357 3594 32%
c } 19.61 36 72 33 122 45049 11 901412 41835 1.9 19 10 1 4 15% 286 37357 3594 32%
c [ 19.61 36 87 33 122 45049 1 901412 41835 2.0 59 29 2 14 28% 286 37357 3594 32%
c - 19.66 36 87 33 123 45051 1 904706 36561 2.0 58 29 2 14 27% 286 37357 3594 32%
c - 19.89 36 86 33 124 45057 1 915797 34419 2.0 59 29 2 14 28% 286 37357 3594 32%
c B 19.96 36 86 33 124 45061 1 920120 38619 2.0 58 29 2 14 28% 286 37357 3594 32%
c - 20.10 36 87 33 125 45063 1 926932 30289 2.0 59 29 2 14 28% 286 37357 3594 32%
c - 20.30 36 87 33 126 45066 1 938113 29055 2.0 59 29 2 14 27% 286 37357 3594 32%
c o 20.53 36 87 33 126 45073 1 948993 39709 2.0 60 30 2 14 27% 286 37357 3594 32%
c - 20.54 36 87 33 127 45073 1 949339 27937 2.0 60 30 2 14 28% 286 37357 3594 32%
c - 20.77 36 87 33 128 45078 1 960608 28319 2.0 61 30 2 14 28% 286 37357 3594 32%
c - 20.98 36 87 33 129 45079 1 971923 28612 2.0 62 30 2 14 28% 286 37357 3594 32%
c u 21.26 36 86 33 129 45079 1 983272 37833 2.1 63 31 2 14 28% 286 37357 3594 32%
c v 21.29 36 86 33 129 45079 1 983272 35914 2.1 63 31 2 14 28% 286 37357 3594 32%
c w 21.36 40 86 33 129 45079 1 983272 35888 2.1 63 31 2 14 28% 286 37357 3594 32%
c - 21.36 40 86 33 130 45079 1 983280 25003 2.1 63 31 2 14 28% 286 37357 3594 32%
c - 21.57 40 86 33 131 45086 1 994683 26120 2.1 63 30 2 14 28% 286 37357 3594 32%
c - 21.77 44 86 33 132 45093 1 1006129 27177 2.1 62 30 2 14 29% 286 37357 3594 32%
c ] 21.81 44 86 34 132 45093 1 1008432 29378 2.1 62 30 2 14 29% 286 37357 3594 32%
c { 21.81 44 72 34 132 45093 11 1008432 29378 1.9 19 10 1 4 15% 286 37357 3594 32%
c
c seconds   switched       rate           size/glue  tier1   binary        remaining
c        MB   reductions      conflicts         size   tier2    irredundant
c         level     restarts         redundant     glue   trail       variables
c
c - 21.98 44 72 34 133 45404 10 1017618 31568 1.9 19 10 1 4 16% 286 37357 3594 32%
c - 22.27 44 72 34 134 46092 10 1029150 36265 1.9 19 10 1 4 16% 288 37357 3594 32%
c - 22.59 45 71 34 135 46810 9 1040725 39379 1.9 19 10 1 4 16% 289 37357 3594 32%
c - 22.95 45 71 34 136 47679 9 1052343 41916 1.9 19 10 1 4 16% 290 37357 3594 32%
c - 23.34 45 70 34 137 48579 9 1064004 43966 1.9 19 10 1 4 16% 290 37357 3594 32%
c - 23.78 45 70 34 138 49644 9 1075708 45800 1.9 20 10 1 4 17% 292 37357 3594 32%
c } 23.81 45 70 35 138 49700 9 1076579 46644 1.9 20 10 1 4 17% 292 37357 3594 32%
c [ 23.81 45 86 35 138 49700 1 1076579 46644 2.1 62 30 2 14 29% 292 37357 3594 32%
c W 23.82 45 86 35 138 49700 1 1076579 46644 2.1 62 30 2 14 29% 292 37357 3594 32%
c u 23.88 45 86 35 138 49700 1 1077324 45072 2.0 62 30 2 14 28% 292 37357 3594 32%
c v 23.95 45 86 35 138 49700 1 1077324 40239 2.0 62 30 2 14 28% 292 37357 3594 32%
c w 24.01 45 86 35 138 49700 1 1077324 39959 2.0 62 30 2 14 28% 292 37357 3594 32%
c - 24.24 46 86 35 139 49706 1 1087456 37139 2.0 62 31 2 14 29% 292 37357 3594 32%
c o 24.39 46 86 35 139 49712 1 1095155 44660 2.0 62 31 2 14 29% 292 37357 3594 32%
c - 24.49 46 87 35 140 49713 1 1099246 31369 2.0 63 31 2 14 29% 292 37357 3594 32%
c - 24.76 46 87 35 141 49716 1 1111078 29265 2.0 64 31 2 14 29% 292 37357 3594 32%
c - 25.02 46 87 35 142 49722 1 1122952 28969 2.0 64 32 2 14 29% 292 37357 3594 32%
c - 25.26 46 87 35 143 49729 1 1134869 29658 2.0 64 32 2 14 29% 292 37357 3594 32%
c - 25.51 46 86 35 144 49730 1 1146827 29105 2.0 63 32 2 14 29% 292 37357 3594 32%
c - 25.77 46 85 35 145 49730 1 1158827 27994 2.0 63 32 2 14 28% 292 37357 3594 32%
c
c seconds   switched      rate           size/glue  tier1    binary        remaining
c        MB   reductions     conflicts         size   tier2     irredundant
c         level     restarts        redundant     glue    trail       variables
c
c - 26.01 46 85 35 146 49737 1 1170868 29801 2.0 63 32 2 14 28% 292 37357 3594 32%
c I 26.04 46 85 35 146 49738 1 1172294 31194 2.0 63 32 2 14 28% 292 37357 3594 32%
c u 26.13 46 85 35 146 49741 1 1176125 33629 2.0 62 31 2 14 28% 292 37357 3594 32%
c v 26.16 46 85 35 146 49741 1 1176125 32165 2.0 62 31 2 14 28% 292 37357 3594 32%
c w 26.19 46 85 35 146 49741 1 1176125 32099 2.0 62 31 2 14 28% 292 37357 3594 32%
c x 26.22 46 85 35 146 49741 1 1176125 32093 2.0 62 31 2 14 28% 292 37315 3594 32%
c - 26.57 46 85 35 147 49744 1 1182951 29375 2.0 61 31 2 14 28% 292 37315 3594 32%
c - 26.81 46 85 35 148 49748 1 1195075 29096 1.9 60 31 2 14 27% 292 37315 3594 32%
c ] 26.98 46 85 36 148 49752 1 1204163 37904 2.0 60 30 2 14 27% 292 37315 3594 32%
c { 26.98 46 70 36 148 49752 9 1204163 37904 1.9 20 10 1 4 17% 292 37315 3594 32%
c - 27.09 46 70 36 149 49996 9 1207241 30139 1.9 20 10 1 4 17% 292 37315 3594 32%
c - 27.39 46 70 36 150 50944 9 1219447 35687 1.9 20 10 1 4 17% 292 37315 3594 32%
c - 27.73 46 70 36 151 52080 9 1231695 39961 1.9 20 10 1 4 17% 292 37315 3594 32%
c - 28.09 46 71 36 152 53326 9 1243983 42616 1.9 20 10 1 4 17% 292 37315 3594 32%
c o 28.12 46 71 36 152 53445 9 1245157 43756 1.9 20 10 1 4 17% 292 37315 3594 32%
c - 28.47 46 71 36 153 54595 9 1256311 44808 1.9 20 11 1 4 17% 292 37315 3594 32%
c - 28.88 46 71 36 154 55984 9 1268680 46483 1.9 20 11 1 4 17% 292 37315 3594 32%
c s 29.15 46 71 36 154 56876 9 1276749 54216 1.9 21 11 1 4 17% 292 37313 3594 32%
c e 29.15 46 71 36 154 56876 9 1276749 54216 1.9 21 11 1 4 17% 292 37331 3592 32%
c s 29.15 46 71 36 154 56876 9 1276749 54216 1.9 21 11 1 4 17% 292 37319 3592 32%
c
c seconds   switched      rate           size/glue  tier1   binary        remaining
c        MB   reductions     conflicts         size   tier2    irredundant
c         level     restarts        redundant     glue   trail       variables
c
c } 29.26 46 71 37 154 57194 9 1279720 57062 1.9 21 11 1 4 17% 292 37319 3592 32%
c [ 29.26 46 85 37 154 57194 1 1279720 57062 2.0 60 30 2 14 27% 292 37319 3592 32%
c B 29.26 46 85 37 154 57194 1 1279720 57062 2.0 60 30 2 14 27% 292 37319 3592 32%
c u 29.32 46 85 37 154 57194 1 1279732 54588 2.0 60 30 2 14 27% 292 37319 3592 32%
c v 29.40 46 85 37 154 57194 1 1279732 49296 2.0 60 30 2 14 27% 293 37319 3592 32%
c w 29.44 46 85 37 154 57194 1 1279732 49251 2.0 60 30 2 14 27% 293 37319 3592 32%
c - 29.48 46 85 37 155 57195 1 1281090 40625 2.0 60 30 2 14 27% 293 37319 3592 32%
c - 29.74 46 86 37 156 57202 1 1293539 37768 2.0 60 31 2 14 27% 293 37319 3592 32%
c - 29.98 37 86 37 157 57208 1 1306028 32692 1.9 60 31 2 14 27% 293 37319 3592 32%
c - 30.22 37 87 37 158 57213 1 1318557 32171 1.9 60 31 2 14 28% 293 37319 3592 32%
c - 30.46 37 87 37 159 57220 1 1331126 32268 1.9 60 31 2 14 28% 293 37319 3592 32%
c - 30.71 37 86 37 160 57223 1 1343736 32373 1.9 60 31 2 14 28% 293 37319 3592 32%
c - 30.95 37 85 37 161 57224 1 1356386 32089 1.9 59 31 2 14 28% 293 37319 3592 32%
c - 31.20 37 85 37 162 57230 1 1369074 32819 1.9 59 31 2 14 28% 293 37319 3592 32%
c - 31.43 37 85 37 163 57237 1 1381801 34353 1.9 58 30 2 14 28% 293 37319 3592 32%
c W 31.56 37 86 37 163 57239 1 1387706 40068 1.9 58 30 2 14 28% 293 37319 3592 32%
c u 31.62 37 86 37 163 57239 1 1388191 38862 1.9 58 30 2 14 28% 293 37319 3592 32%
c v 31.65 37 86 37 163 57239 1 1388191 36948 1.9 58 30 2 14 28% 293 37319 3592 32%
c w 31.71 38 86 37 163 57239 1 1388191 36847 1.9 58 30 2 14 28% 293 37319 3592 32%
c - 31.86 38 85 37 164 57239 1 1394569 30599 1.9 57 30 2 14 27% 293 37319 3592 32%
c
c seconds   switched      rate           size/glue  tier1    binary        remaining
c        MB   reductions     conflicts         size   tier2     irredundant
c         level     restarts        redundant     glue    trail       variables
c
c - 32.07 38 85 37 165 57246 1 1407375 31103 1.9 56 29 2 14 27% 293 37319 3592 32%
c o 32.09 38 85 37 165 57248 1 1408899 32524 1.9 56 29 2 14 27% 293 37319 3592 32%
c ] 32.20 38 85 38 165 57252 1 1414861 38323 1.9 56 29 2 14 27% 293 37319 3592 32%
c { 32.20 38 71 38 165 57252 9 1414861 38323 1.9 21 11 1 4 17% 293 37319 3592 32%
c - 32.31 38 71 38 166 57427 9 1420222 34385 1.9 21 11 1 4 17% 293 37319 3592 32%
c - 32.64 38 71 38 167 58107 9 1433107 39198 1.9 21 11 1 4 17% 294 37318 3592 32%
c - 33.01 38 70 38 168 58813 8 1446031 42735 1.9 21 11 1 4 17% 294 37318 3592 32%
c - 33.41 38 70 38 169 59630 8 1458992 45529 1.9 21 11 1 4 17% 295 37318 3592 32%
c - 33.87 38 70 38 170 60634 8 1471992 47732 1.9 21 11 1 4 17% 295 37318 3592 32%
c - 34.33 38 69 38 171 61602 8 1485031 49600 1.9 21 11 1 4 17% 295 37318 3592 32%
c - 34.81 38 69 38 172 62553 8 1498107 51279 1.9 21 11 1 4 17% 298 37317 3592 32%
c } 34.82 38 69 39 172 62562 8 1498194 51366 1.9 21 11 1 4 17% 298 37317 3592 32%
c [ 34.82 38 85 39 172 62562 1 1498194 51366 1.9 56 29 2 14 27% 298 37317 3592 32%
c u 34.95 38 85 39 172 62564 1 1501502 52090 1.9 56 29 2 14 27% 298 37317 3592 32%
c v 35.02 38 85 39 172 62564 1 1501502 46804 1.9 56 29 2 14 27% 298 37317 3592 32%
c w 35.11 38 85 39 172 62564 1 1501502 46504 1.9 56 29 2 14 27% 298 37317 3592 32%
c O 35.13 38 85 39 172 62564 1 1502046 47037 1.9 56 29 2 14 27% 298 37317 3592 32%
c - 35.29 38 85 39 173 62569 1 1511221 41691 1.9 56 29 2 14 27% 298 37317 3592 32%
c - 35.52 38 85 39 174 62576 1 1524373 36565 1.9 56 29 2 14 27% 298 37317 3592 32%
c - 35.75 38 84 39 175 62582 1 1537564 33998 1.9 56 29 2 14 28% 298 37317 3592 32%
c
c seconds   switched      rate           size/glue  tier1    binary        remaining
c        MB   reductions     conflicts         size   tier2     irredundant
c         level     restarts        redundant     glue    trail       variables
c
c s 35.93 38 84 39 175 62586 1 1547482 43680 1.9 57 29 2 14 28% 298 37314 3592 32%
c s 35.93 38 84 39 175 62586 1 1547482 43680 1.9 57 29 2 14 28% 298 37312 3592 32%
c - 36.00 38 84 39 176 62589 1 1550792 32682 1.9 57 29 2 14 28% 298 37312 3592 32%
c - 36.24 38 84 39 177 62591 1 1564059 33846 1.9 57 29 2 14 28% 298 37312 3592 32%
c - 36.52 38 84 39 178 62592 1 1577363 34232 2.0 57 29 2 14 28% 298 37312 3592 32%
c o 36.61 38 84 39 178 62594 1 1581906 38689 2.0 58 29 2 14 29% 298 37312 3592 32%
c - 36.80 38 85 39 179 62599 1 1590706 33187 2.0 59 29 2 14 29% 298 37312 3592 32%
c - 37.06 38 84 39 180 62606 1 1604085 33131 2.0 59 29 2 14 29% 298 37312 3592 32%
c - 37.34 38 85 39 181 62610 1 1617501 33364 2.0 60 30 2 14 29% 298 37312 3592 32%
c u 37.44 38 85 39 181 62612 1 1619744 33670 2.0 60 30 2 14 29% 298 37312 3592 32%
c v 37.47 38 85 39 181 62612 1 1619744 31894 2.0 60 30 2 14 29% 298 37312 3592 32%
c w 37.53 38 85 39 181 62612 1 1619744 31582 2.0 60 30 2 14 29% 298 37312 3592 32%
c B 37.60 38 85 39 181 62614 1 1622879 34602 2.0 61 30 2 14 29% 298 37312 3592 32%
c - 37.76 38 85 39 182 62618 1 1630955 30498 2.0 60 30 2 14 29% 298 37312 3592 32%
c - 37.98 38 85 39 183 62622 1 1644445 32697 2.0 58 30 2 14 28% 298 37312 3592 32%
c - 38.21 38 84 39 184 62623 1 1657974 32652 2.0 57 29 2 14 28% 298 37312 3592 32%
c - 38.44 38 84 39 185 62624 1 1671538 32676 2.0 56 29 2 14 28% 298 37312 3592 32%
c ] 38.55 38 84 40 185 62624 1 1677427 38401 1.9 56 29 2 14 28% 298 37312 3592 32%
c { 38.55 38 69 40 185 62624 8 1677427 38401 1.9 21 11 1 4 17% 298 37312 3592 32%
c - 38.72 38 69 40 186 63110 8 1685139 36154 1.9 22 11 1 4 18% 298 37312 3592 32%
c
c seconds   switched      rate           size/glue  tier1   binary        remaining
c        MB   reductions     conflicts         size   tier2    irredundant
c         level     restarts        redundant     glue   trail       variables
c
c - 39.06 38 70 40 187 64149 8 1698777 41432 1.9 22 11 1 4 18% 298 37312 3592 32%
c - 39.45 38 70 40 188 65301 8 1712451 44848 1.9 22 11 1 4 18% 299 37312 3592 32%
c - 39.86 38 70 40 189 66456 8 1726162 47362 1.9 22 11 1 4 18% 299 37312 3592 32%
c - 40.28 34 70 40 190 67675 8 1739911 49523 1.9 22 11 1 4 18% 299 37312 3592 32%
c u 40.41 34 70 40 190 67892 8 1742941 50593 1.9 22 11 1 4 18% 299 37312 3592 32%
c v 40.46 34 70 40 190 67892 8 1742941 47800 1.9 22 11 1 4 18% 299 37312 3592 32%
c w 40.49 34 70 40 190 67892 8 1742941 47750 1.9 22 11 1 4 18% 299 37312 3592 32%
c x 40.52 34 70 40 190 67892 8 1742941 47746 1.9 22 11 1 4 18% 299 37282 3592 32%
c - 40.85 34 71 40 191 68720 8 1753697 47157 1.9 22 11 1 4 18% 299 37282 3592 32%
c o 41.09 34 71 40 191 69433 8 1761939 55072 1.9 22 12 1 4 18% 299 37282 3592 32%
c - 41.29 34 71 40 192 69974 8 1767517 49118 1.9 22 12 1 4 18% 299 37282 3592 32%
c } 41.33 34 71 41 192 70098 8 1768900 50441 1.9 22 12 1 4 18% 299 37282 3592 32%
c [ 41.33 34 84 41 192 70098 1 1768900 50441 1.9 56 29 2 14 28% 299 37282 3592 32%
c W 41.36 34 84 41 192 70098 1 1768900 50441 1.9 56 29 2 14 28% 299 37282 3592 32%
c - 41.61 34 84 41 193 70105 1 1781373 47005 2.0 57 29 2 14 28% 299 37282 3592 32%
c - 41.88 34 84 41 194 70112 1 1795265 41134 1.9 56 29 1 14 28% 299 37282 3592 32%
c - 42.17 34 84 41 195 70118 1 1809193 38966 1.9 55 29 1 14 27% 299 37282 3592 32%
c - 42.46 34 84 41 196 70126 1 1823157 38342 1.9 56 29 1 14 27% 299 37282 3592 32%
c - 42.76 34 84 41 197 70128 1 1837157 37516 1.9 57 29 1 14 27% 299 37282 3592 32%
c s 43.00 34 83 41 197 70128 1 1849810 49836 2.0 58 30 1 14 28% 299 37280 3592 32%
c
c seconds   switched      rate           size/glue  tier1    binary        remaining
c        MB   reductions     conflicts         size   tier2     irredundant
c         level     restarts        redundant     glue    trail       variables
c
c e 43.00 34 83 41 197 70128 1 1849810 49836 2.0 58 30 1 14 28% 298 37292 3591 32%
c s 43.00 34 83 41 197 70128 1 1849810 49836 2.0 58 30 1 14 28% 298 37286 3591 32%
c - 43.04 34 83 41 198 70128 1 1851192 35996 2.0 58 30 1 14 28% 298 37286 3591 32%
c - 43.28 34 84 41 199 70137 1 1865264 37226 1.9 57 29 1 14 28% 298 37286 3591 32%
c u 43.44 34 84 41 199 70141 1 1871126 40305 1.9 57 29 1 14 28% 298 37286 3591 32%
c v 43.47 34 84 41 199 70141 1 1871126 38016 1.9 57 29 1 14 28% 298 37286 3591 32%
c w 43.57 34 84 41 199 70141 1 1871126 37667 1.9 57 29 1 14 28% 298 37286 3591 32%
c - 43.73 34 84 41 200 70143 1 1879371 34531 1.9 56 29 1 14 28% 298 37286 3591 32%
c - 44.02 34 84 41 201 70150 1 1893513 35672 2.0 56 29 1 14 28% 298 37286 3591 32%
c I 44.18 34 84 41 201 70155 1 1903140 45028 1.9 56 29 1 14 28% 298 37286 3591 32%
c - 44.25 34 84 41 202 70157 1 1907691 36625 2.0 56 28 1 14 28% 298 37286 3591 32%
c - 44.49 34 83 41 203 70159 1 1921904 36581 2.0 55 28 1 14 28% 298 37286 3591 32%
c ] 44.65 34 83 42 203 70159 1 1929730 44245 2.0 55 28 1 14 27% 298 37286 3591 32%
c { 44.65 34 71 42 203 70159 8 1929730 44245 1.9 22 12 1 4 18% 298 37286 3591 32%
c - 44.81 34 71 42 204 70543 8 1936153 38069 1.9 22 12 1 4 18% 298 37286 3591 32%
c - 45.18 34 71 42 205 71571 8 1950438 43480 1.9 23 12 1 4 18% 298 37286 3591 32%
c o 45.22 34 71 42 205 71675 8 1951957 44939 1.9 23 12 1 4 18% 298 37286 3591 32%
c - 45.58 34 72 42 206 72592 8 1964757 47109 1.9 23 12 1 4 18% 298 37286 3591 32%
c - 46.01 34 72 42 207 73655 8 1979110 49646 1.9 23 12 1 4 18% 298 37286 3591 32%
c - 46.43 34 73 42 208 74740 8 1993497 51744 1.9 23 12 1 4 19% 298 37286 3591 32%
c
c seconds   switched      rate           size/glue  tier1   binary        remaining
c        MB   reductions     conflicts         size   tier2    irredundant
c         level     restarts        redundant     glue   trail       variables
c
c u 46.87 34 73 42 208 75765 8 2004319 59741 1.9 23 12 1 4 19% 298 37286 3591 32%
c v 46.95 34 73 42 208 75765 8 2004319 54583 1.9 23 12 1 4 19% 298 37286 3591 32%
c w 47.00 34 73 42 208 75765 8 2004319 54549 1.9 23 12 1 4 19% 298 37286 3591 32%
c - 47.57 34 73 42 209 76030 8 2007919 46689 2.0 23 12 1 4 19% 298 37286 3591 32%
c - 48.00 34 73 42 210 77079 8 2022375 48875 2.0 23 12 1 4 19% 299 37286 3591 32%
c } 48.21 34 74 43 210 77636 8 2029703 55997 2.0 23 12 1 4 19% 299 37286 3591 32%
c [ 48.21 34 83 43 210 77636 1 2029703 55997 2.0 55 28 1 14 27% 299 37286 3591 32%
c - 48.36 34 84 43 211 77641 1 2036867 48147 2.0 55 28 1 13 28% 299 37286 3591 32%
c B 48.50 34 83 43 211 77645 1 2044287 55418 2.0 55 28 1 13 28% 299 37286 3591 32%
c - 48.63 34 84 43 212 77649 1 2051393 44434 2.0 55 27 1 13 28% 300 37286 3591 32%
c - 48.92 34 84 43 213 77653 1 2065953 40889 2.0 55 27 1 13 28% 300 37286 3591 32%
c - 49.21 34 84 43 214 77662 1 2080547 39129 2.0 56 27 1 13 28% 300 37286 3591 32%
c - 49.47 34 84 43 215 77665 1 2095175 37985 2.0 55 27 1 13 28% 300 37286 3591 32%
c - 49.72 34 82 43 216 77666 1 2109838 36617 2.0 55 27 1 13 28% 300 37286 3591 32%
c - 50.00 34 82 43 217 77673 1 2124534 37885 2.0 54 27 1 13 28% 300 37286 3591 32%
c - 50.27 34 81 43 218 77681 1 2139264 39297 2.0 54 27 1 13 28% 300 37286 3591 32%
c u 50.38 34 81 43 218 77681 1 2142571 40075 2.0 54 27 1 13 28% 300 37286 3591 32%
c v 50.41 34 81 43 218 77681 1 2142571 37981 2.0 54 27 1 13 28% 300 37286 3591 32%
c w 50.50 34 81 43 218 77681 1 2142571 37580 2.0 54 27 1 13 28% 300 37286 3591 32%
c - 50.73 34 81 43 219 77688 1 2154028 35744 2.0 54 27 1 13 28% 300 37286 3591 32%
c
c seconds   switched      rate           size/glue  tier1    binary        remaining
c        MB   reductions     conflicts         size   tier2     irredundant
c         level     restarts        redundant     glue    trail       variables
c
c o 50.80 34 81 43 219 77689 1 2157795 39414 2.0 54 27 1 13 28% 300 37286 3591 32%
c - 51.01 34 82 43 220 77695 1 2168826 36669 2.0 55 27 1 13 28% 300 37286 3591 32%
c - 51.26 34 81 43 221 77697 1 2183659 35981 2.0 55 27 1 13 28% 300 37286 3591 32%
c W 51.39 34 80 43 221 77697 1 2192476 44581 2.0 54 27 1 13 28% 300 37286 3591 32%
c - 51.50 34 80 43 222 77698 1 2198525 35992 2.0 55 27 1 13 28% 300 37286 3591 32%
c - 51.76 34 80 43 223 77698 1 2213426 36772 2.0 54 27 1 13 28% 300 37286 3591 32%
c ] 51.83 34 79 44 223 77698 1 2217768 40973 2.0 54 27 1 13 28% 300 37286 3591 32%
c { 51.83 34 74 44 223 77698 8 2217768 40973 2.0 23 12 1 4 19% 300 37286 3591 32%
c - 52.10 34 74 44 224 78405 8 2228363 40149 2.0 24 12 1 4 19% 300 37286 3591 32%
c - 52.48 34 74 44 225 79338 8 2243331 45199 2.0 24 12 1 4 19% 300 37286 3591 32%
c - 52.91 34 75 44 226 80368 8 2258331 48384 2.0 24 12 1 4 19% 300 37286 3591 32%
c - 53.35 34 75 44 227 81353 8 2273364 50732 2.0 24 12 1 4 20% 300 37286 3591 32%
c u 53.79 34 75 44 227 82186 8 2285907 60978 2.0 24 12 1 4 20% 300 37286 3591 32%
c v 53.87 34 75 44 227 82186 8 2285907 56458 2.0 24 12 1 4 20% 300 37286 3591 32%
c w 53.91 34 75 44 227 82186 8 2285907 56370 2.0 24 12 1 4 20% 300 37286 3591 32%
c - 54.01 34 75 44 228 82382 8 2288430 46883 2.0 24 12 1 4 20% 300 37286 3591 32%
c - 54.45 34 75 44 229 83403 8 2303529 49356 2.0 24 12 1 4 20% 301 37286 3591 32%
c - 54.90 34 75 44 230 84395 8 2318661 51494 2.0 25 12 1 4 20% 301 37286 3591 32%
c } 55.13 34 75 45 230 84889 8 2326599 59197 2.0 25 12 1 4 20% 301 37286 3591 32%
c [ 55.13 34 79 45 230 84889 1 2326599 59197 2.0 54 27 1 13 28% 301 37286 3591 32%
c
c seconds   switched      rate           size/glue  tier1    binary        remaining
c        MB   reductions     conflicts         size   tier2     irredundant
c         level     restarts        redundant     glue    trail       variables
c
c - 55.27 34 79 45 231 84894 1 2333827 51548 2.0 54 26 1 13 28% 301 37286 3591 32%
c O 55.55 34 79 45 231 84902 1 2347837 65163 2.0 54 26 1 13 28% 301 37286 3591 32%
c - 55.57 34 79 45 232 84902 1 2349025 47784 2.0 54 26 1 13 28% 301 37286 3591 32%
c - 55.86 34 79 45 233 84907 1 2364258 43955 2.0 53 26 1 13 28% 301 37286 3591 32%
c o 56.12 34 79 45 233 84915 1 2377272 56658 2.0 53 26 1 13 28% 301 37286 3591 32%
c - 56.17 34 79 45 234 84916 1 2379523 41872 2.0 54 26 1 13 28% 301 37286 3591 32%
c - 56.48 34 80 45 235 84919 1 2394820 41362 2.1 54 26 1 13 28% 301 37286 3591 32%
c - 56.77 34 80 45 236 84920 1 2410149 41294 2.1 54 26 1 13 28% 301 37286 3591 32%
c - 57.12 34 80 45 237 84929 1 2425513 41940 2.1 55 27 1 13 28% 301 37286 3591 32%
c u 57.38 34 81 45 237 84934 1 2434380 47806 2.0 55 27 1 13 28% 301 37286 3591 32%
c v 57.42 34 81 45 237 84934 1 2434380 45389 2.0 55 27 1 13 28% 301 37286 3591 32%
c w 57.55 36 81 45 237 84934 1 2434380 45135 2.0 55 27 1 13 28% 301 37286 3591 32%
c - 57.71 36 80 45 238 84934 1 2440907 36624 2.0 55 27 1 13 28% 301 37286 3591 32%
c - 58.02 41 81 45 239 84943 1 2456334 37207 2.0 56 27 1 13 29% 301 37286 3591 32%
c - 58.37 41 81 45 240 84949 1 2471793 37974 2.0 56 28 1 13 28% 301 37286 3591 32%
c - 58.71 41 82 45 241 84950 1 2487285 38485 2.0 56 28 1 13 28% 301 37286 3591 32%
c ] 58.92 41 82 46 241 84951 1 2497645 48623 2.0 56 28 1 13 29% 301 37286 3591 32%
c { 58.92 41 75 46 241 84951 8 2497645 48623 2.0 25 12 1 4 20% 301 37286 3591 32%
c - 59.06 42 75 46 242 85209 8 2502809 41308 2.0 25 12 1 4 20% 301 37286 3591 32%
c - 59.46 42 76 46 243 86113 7 2518365 46231 2.0 25 12 1 4 20% 301 37286 3591 32%
c
c seconds   switched      rate           size/glue  tier1   binary        remaining
c        MB   reductions     conflicts         size   tier2    irredundant
c         level     restarts        redundant     glue   trail       variables
c
c - 59.87 42 75 46 244 86970 7 2533953 49453 2.0 25 12 1 4 20% 301 37286 3591 32%
c - 60.32 42 75 46 245 87933 7 2549573 52010 2.0 25 13 1 4 20% 301 37286 3591 32%
c - 60.80 43 75 46 246 88958 7 2565225 53918 2.0 25 13 1 4 20% 301 37286 3591 32%
c - 61.31 43 75 46 247 90065 7 2580909 55445 2.0 25 13 1 4 20% 301 37286 3591 32%
c u 61.60 43 76 46 247 90569 7 2587989 60221 2.0 25 13 1 4 20% 301 37286 3591 32%
c v 61.66 43 76 46 247 90569 7 2587989 56703 2.0 25 13 1 4 20% 301 37286 3591 32%
c w 61.70 43 76 46 247 90569 7 2587989 56631 2.0 25 13 1 4 20% 301 37286 3591 32%
c x 61.74 43 76 46 247 90569 7 2587989 56621 2.0 25 13 1 4 20% 301 37272 3591 32%
c - 62.02 43 76 46 248 91102 7 2596625 52109 2.0 25 13 1 4 20% 301 37272 3591 32%
c o 62.04 43 76 46 248 91138 7 2597289 52754 2.0 26 13 1 4 20% 301 37272 3591 32%
c - 62.48 43 76 46 249 92020 7 2612373 53993 2.0 26 13 1 4 21% 301 37272 3591 32%
c } 62.58 43 76 47 249 92200 7 2615689 57224 2.0 26 13 1 4 21% 301 37272 3591 32%
c [ 62.58 43 82 47 249 92200 1 2615689 57224 2.0 56 28 1 13 29% 301 37272 3591 32%
c B 62.58 43 82 47 249 92200 1 2615689 57224 2.0 56 28 1 13 29% 301 37272 3591 32%
c - 62.85 43 82 47 250 92207 1 2628152 52315 2.0 55 28 1 13 28% 301 37272 3591 32%
c - 63.16 43 82 47 251 92214 1 2643963 46903 2.0 55 28 1 13 28% 301 37272 3591 32%
c - 63.46 43 82 47 252 92221 1 2659805 44249 2.0 55 27 1 13 29% 301 37272 3591 32%
c - 63.81 43 81 47 253 92229 1 2675679 43201 2.0 56 28 1 13 29% 301 37272 3591 32%
c - 64.16 44 80 47 254 92230 1 2691584 41881 2.0 57 28 1 13 29% 301 37272 3591 32%
c - 64.51 44 80 47 255 92237 1 2707522 42585 2.1 58 28 1 13 30% 301 37272 3591 32%
c
c seconds   switched      rate           size/glue  tier1    binary        remaining
c        MB   reductions     conflicts         size   tier2     irredundant
c         level     restarts        redundant     glue    trail       variables
c
c - 64.88 44 79 47 256 92245 1 2723491 42954 2.0 57 28 1 13 29% 301 37272 3591 32%
c - 65.29 44 80 47 257 92252 1 2739492 41905 2.0 58 29 1 13 28% 301 37272 3591 32%
c u 65.51 44 80 47 257 92255 1 2746792 46296 2.0 59 29 1 13 29% 301 37272 3591 32%
c v 65.56 44 80 47 257 92255 1 2746792 43552 2.0 59 29 1 13 29% 301 37272 3591 32%
c w 65.70 44 80 47 257 92255 1 2746792 43219 2.0 59 29 1 13 29% 301 37272 3591 32%
c - 65.89 44 81 47 258 92259 1 2755523 37539 2.0 59 29 1 13 29% 301 37272 3591 32%
c - 66.21 44 81 47 259 92261 1 2771585 39188 2.1 60 29 1 13 29% 301 37272 3591 32%
c W 66.50 44 80 47 259 92262 1 2785783 53103 2.1 59 28 1 13 30% 301 37272 3591 32%
c - 66.53 44 80 47 260 92262 1 2787678 40376 2.1 59 28 1 13 30% 301 37272 3591 32%
c ] 66.81 44 80 48 260 92262 1 2803462 55750 2.1 57 27 1 13 29% 301 37272 3591 32%
c { 66.81 44 76 48 260 92262 7 2803462 55750 2.0 26 13 1 4 21% 301 37272 3591 32%
c - 66.82 44 76 48 261 92301 7 2803802 42769 2.0 26 13 1 4 21% 301 37272 3591 32%
c - 67.24 44 76 48 262 93187 7 2819957 46451 2.0 26 13 1 4 21% 301 37272 3591 32%
c o 67.43 44 77 48 262 93589 7 2827305 53537 2.0 26 13 1 4 21% 301 37272 3591 32%
c - 67.68 44 77 48 263 94066 7 2836143 50606 2.0 26 13 1 4 21% 301 37272 3591 32%
c - 68.16 44 76 48 264 95131 7 2852360 53472 2.0 26 13 1 4 21% 301 37272 3591 32%
c - 68.62 44 76 48 265 95980 7 2868608 55671 2.1 26 13 1 4 21% 301 37272 3591 32%
c - 69.13 44 76 48 266 96967 7 2884888 57367 2.1 26 13 1 4 21% 301 37272 3591 32%
c - 69.65 44 76 48 267 97953 7 2901197 58493 2.1 26 13 1 4 21% 301 37272 3591 32%
c u 70.07 44 76 48 267 98701 7 2910782 65082 2.0 26 13 1 4 21% 301 37272 3591 32%
c
c seconds   switched      rate           size/glue  tier1   binary        remaining
c        MB   reductions     conflicts         size   tier2    irredundant
c         level     restarts        redundant     glue   trail       variables
c
c v 70.17 44 76 48 267 98701 7 2910782 59487 2.0 26 13 1 4 21% 301 37272 3591 32%
c w 70.24 44 76 48 267 98701 7 2910782 59258 2.0 26 13 1 4 21% 301 37272 3591 32%
c - 70.45 49 76 48 268 99073 7 2917537 52474 2.0 26 13 1 4 21% 301 37272 3591 32%
c } 70.83 72 76 49 268 99828 7 2931072 65547 2.0 26 13 1 4 21% 301 37272 3591 32%
c [ 70.83 72 80 49 268 99828 1 2931072 65547 2.1 57 27 1 13 29% 301 37272 3591 32%
c - 70.88 73 80 49 269 99830 1 2933907 54376 2.1 56 27 1 13 29% 301 37272 3591 32%
c - 71.22 74 80 49 270 99840 1 2950310 51933 2.1 57 27 1 13 29% 301 37272 3591 32%
c s 71.34 77 80 49 270 99842 1 2957157 58650 2.1 57 27 1 13 29% 301 37269 3591 32%
c e 71.35 77 80 49 270 99842 1 2957157 58650 2.1 57 27 1 13 29% 301 37297 3589 32%
c s 71.35 77 80 49 270 99842 1 2957157 58650 2.1 57 27 1 13 29% 301 37280 3589 32%
c I 71.47 78 79 49 270 99842 1 2963435 64106 2.1 56 27 1 13 29% 301 37280 3589 32%
c - 71.54 81 80 49 271 99845 1 2966741 46338 2.1 56 27 1 13 29% 301 37280 3589 32%
c - 71.86 86 81 49 272 99855 1 2983204 45558 2.1 55 26 1 13 28% 301 37280 3589 32%
c - 72.19 87 81 49 273 99858 1 2999698 44322 2.1 55 27 1 13 28% 301 37280 3589 32%
c - 72.57 91 82 49 274 99861 1 3016222 44187 2.0 55 27 1 13 27% 301 37280 3589 32%
c - 72.87 92 83 49 275 99871 1 3032775 44675 2.0 55 27 1 13 28% 301 37280 3589 32%
c - 73.23 97 83 49 276 99876 1 3049358 43841 2.0 56 27 1 13 28% 301 37280 3589 32%
c - 73.57 98 82 49 277 99886 1 3065971 43443 2.0 56 27 1 13 28% 301 37280 3589 32%
c u 73.92 103 82 49 277 99889 1 3080012 54474 2.0 55 27 1 13 29% 301 37280 3589 32%
c v 73.97 103 82 49 277 99889 1 3080012 51969 2.0 55 27 1 13 29% 301 37280 3589 32%
c
c seconds    switched      rate           size/glue  tier1    binary        remaining
c         MB   reductions     conflicts         size   tier2     irredundant
c          level     restarts        redundant     glue    trail       variables
c
c w 74.08 108 82 49 277 99889 1 3080012 51713 2.0 55 27 1 13 29% 301 37280 3589 32%
c o 74.09 108 82 49 277 99889 1 3080012 51713 2.0 55 27 1 13 29% 301 37280 3589 32%
c - 74.16 112 82 49 278 99889 1 3082614 39411 2.0 56 27 1 13 29% 301 37280 3589 32%
c - 74.50 113 83 49 279 99890 1 3099289 41371 2.1 56 27 1 13 29% 301 37280 3589 32%
c - 74.85 118 83 49 280 99890 1 3115993 42494 2.2 56 26 1 13 30% 301 37280 3589 32%
c - 75.24 119 82 49 281 99893 1 3132727 43049 2.3 57 25 1 13 31% 301 37280 3589 32%
c ] 75.38 123 82 50 281 99897 1 3139814 49951 2.2 57 25 1 13 31% 301 37280 3589 32%
c { 75.38 123 76 50 281 99897 7 3139814 49951 2.0 26 13 1 4 21% 301 37280 3589 32%
c - 75.61 130 76 50 282 100114 7 3149490 46914 2.1 26 13 1 4 22% 301 37280 3589 32%
c - 76.05 142 75 50 283 100606 6 3166283 50390 2.1 26 13 1 4 22% 301 37280 3589 32%
c - 76.54 160 75 50 284 101140 6 3183106 53988 2.1 26 13 1 4 22% 301 37280 3589 32%
c - 77.06 179 75 50 285 101711 6 3199959 56744 2.1 26 13 1 4 22% 301 37280 3589 32%
c - 77.61 199 75 50 286 102345 6 3216841 59041 2.1 26 13 1 4 22% 301 37280 3589 32%
c - 78.22 225 74 50 287 103033 6 3233752 60851 2.1 26 13 1 4 22% 302 37280 3589 32%
c - 78.82 252 74 50 288 103727 6 3250694 62139 2.1 26 13 1 4 22% 303 37280 3589 32%
c u 79.05 258 73 50 288 103898 6 3254505 63129 2.1 26 13 1 4 22% 303 37280 3589 32%
c v 79.15 258 73 50 288 103898 6 3254505 57219 2.1 26 13 1 4 22% 303 37280 3589 32%
c w 79.27 259 73 50 288 103898 6 3254505 56484 2.1 26 13 1 4 22% 303 37280 3589 32%
c - 80.43 278 73 50 289 104411 5 3267664 55629 2.1 26 13 1 4 22% 303 37280 3589 32%
c } 80.73 288 73 51 289 104776 5 3277339 65055 2.1 26 13 1 4 22% 303 37280 3589 32%
c
c seconds    switched       rate           size/glue  tier1    binary        remaining
c         MB   reductions      conflicts         size   tier2     irredundant
c          level      restarts        redundant     glue    trail       variables
c
c [ 80.73 288 82 51 289 104776 1 3277339 65055 2.2 57 25 1 13 31% 303 37280 3589 32%
c B 80.73 288 82 51 289 104776 1 3277339 65055 2.2 57 25 1 13 31% 303 37280 3589 32%
c - 80.89 289 82 51 290 104781 1 3284665 56059 2.2 56 26 1 13 31% 303 37280 3589 32%
c - 81.25 290 84 51 291 104789 1 3301694 51460 2.2 56 26 1 13 30% 303 37280 3589 32%
c - 81.64 295 84 51 292 104797 1 3318752 45547 2.1 56 26 1 13 29% 303 37280 3589 32%
c - 82.01 300 83 51 293 104805 1 3335840 44834 2.1 55 27 1 13 29% 303 37280 3589 32%
c - 82.35 301 81 51 294 104806 1 3352960 44554 2.0 54 27 1 13 28% 303 37280 3589 32%
c - 82.73 305 80 51 295 104813 1 3370107 43611 2.0 54 27 1 13 28% 303 37280 3589 32%
c o 82.85 306 79 51 295 104817 1 3376399 49718 2.0 54 27 1 13 28% 303 37280 3589 32%
c - 83.10 306 80 51 296 104821 1 3387282 44699 2.0 54 27 1 13 28% 303 37280 3589 32%
c s 83.30 311 80 51 296 104824 1 3396436 53628 2.0 54 28 1 13 28% 303 37278 3589 32%
c - 83.47 311 80 51 297 104828 1 3404486 45477 2.0 54 28 1 13 28% 303 37278 3589 32%
c - 83.84 312 80 51 298 104836 1 3421719 44697 1.9 56 29 1 13 28% 303 37278 3589 32%
c u 84.18 317 80 51 298 104837 1 3434292 54508 1.9 56 29 1 13 28% 303 37278 3589 32%
c v 84.22 317 80 51 298 104837 1 3434292 51923 1.9 56 29 1 13 28% 303 37278 3589 32%
c w 84.38 323 80 51 298 104837 1 3434292 51378 1.9 56 29 1 13 28% 303 37278 3589 32%
c - 84.50 327 79 51 299 104837 1 3438981 39059 1.9 56 29 1 13 28% 303 37278 3589 32%
c - 84.87 328 78 51 300 104838 1 3456273 39585 1.9 55 29 1 13 28% 303 37278 3589 32%
c W 85.15 335 77 51 300 104838 1 3470479 53436 1.9 55 29 1 13 28% 303 37278 3589 32%
c - 85.23 337 77 51 301 104838 1 3473593 41169 1.9 55 29 1 13 28% 303 37278 3589 32%
c
c seconds    switched       rate           size/glue  tier1    binary        remaining
c         MB   reductions      conflicts         size   tier2     irredundant
c          level      restarts        redundant     glue    trail       variables
c
c - 85.59 338 78 51 302 104848 1 3490944 43079 1.9 55 29 1 13 28% 303 37278 3589 32%
c - 85.92 342 78 51 303 104853 1 3508322 43809 1.9 54 28 1 13 28% 303 37278 3589 32%
c ] 86.24 157 79 52 303 104860 1 3520651 55804 1.9 55 29 1 13 28% 303 37278 3589 32%
c { 86.24 157 73 52 303 104860 5 3520651 55804 2.1 26 13 1 4 22% 303 37278 3589 32%
c - 86.38 149 73 52 304 105096 5 3525728 45632 2.1 26 13 1 4 22% 303 37278 3589 32%
c - 86.90 80 74 52 305 105996 6 3543166 50983 2.1 26 13 1 4 22% 303 37278 3589 32%
c - 87.46 111 75 52 306 106940 6 3560632 55045 2.0 26 13 1 4 21% 304 37278 3589 32%
c - 88.04 148 75 52 307 108048 6 3578124 57843 2.0 26 13 1 4 21% 304 37278 3589 32%
c - 88.62 169 76 52 308 109127 6 3595645 59985 2.0 27 13 1 4 21% 304 37278 3589 32%
c - 89.20 170 76 52 309 110079 6 3613195 61789 2.0 27 13 1 4 21% 304 37278 3589 32%
c u 89.48 170 76 52 309 110411 6 3619394 65302 2.0 27 13 1 4 21% 304 37278 3589 32%
c v 89.58 170 76 52 309 110411 6 3619394 59693 2.0 27 13 1 4 21% 304 37278 3589 32%
c w 89.67 170 76 52 309 110411 6 3619394 59257 2.0 27 13 1 4 21% 304 37278 3589 32%
c - 90.02 170 77 52 310 110944 6 3630773 56162 2.0 27 13 1 4 21% 304 37278 3589 32%
c o 90.17 118 76 52 310 111191 6 3636437 61666 2.0 27 13 1 4 21% 304 37278 3589 32%
c - 90.58 146 76 52 311 111877 6 3648379 58527 2.0 27 13 1 4 21% 304 37278 3589 32%
c - 91.14 183 76 52 312 112892 6 3666016 60774 2.0 27 13 1 4 22% 304 37278 3589 32%
c } 91.21 189 77 53 312 113009 6 3668439 63116 2.0 27 13 1 4 22% 304 37278 3589 32%
c [ 91.21 189 79 53 312 113009 1 3668439 63116 1.9 55 29 1 13 28% 304 37278 3589 32%
c O 91.27 189 79 53 312 113011 1 3671547 66167 1.9 54 28 1 13 28% 304 37278 3589 32%
c
c seconds    switched       rate           size/glue  tier1    binary        remaining
c         MB   reductions      conflicts         size   tier2     irredundant
c          level      restarts        redundant     glue    trail       variables
c
c - 91.51 191 80 53 313 113018 1 3683680 58143 1.9 54 28 1 13 29% 304 37278 3589 32%
c - 91.89 201 80 53 314 113023 1 3701372 51490 2.0 55 28 1 13 29% 304 37278 3589 32%
c - 92.27 205 81 53 315 113034 1 3719092 49700 1.9 54 28 1 13 29% 304 37278 3589 32%
c - 92.71 210 80 53 316 113039 1 3736841 48783 1.9 54 28 1 13 28% 304 37278 3589 32%
c - 93.25 216 80 53 317 113042 1 3754618 46890 1.9 53 28 1 13 27% 304 37278 3589 32%
c - 93.63 221 80 53 318 113053 1 3772422 46658 1.9 53 29 1 13 27% 304 37278 3589 32%
c - 93.98 222 80 53 319 113060 1 3790254 47486 1.9 53 28 1 13 27% 304 37278 3589 32%
c - 94.40 227 79 53 320 113068 1 3808115 47861 1.9 54 28 1 13 28% 304 37278 3589 32%
c u 94.51 227 79 53 320 113069 1 3809839 46877 1.9 54 28 1 13 28% 304 37278 3589 32%
c v 94.56 227 79 53 320 113069 1 3809839 44391 1.9 54 28 1 13 28% 304 37278 3589 32%
c w 94.64 229 79 53 320 113069 1 3809839 43766 1.9 54 28 1 13 28% 304 37278 3589 32%
c x 94.68 229 79 53 320 113069 1 3809839 43761 1.9 54 28 1 13 28% 304 37268 3589 32%
c - 95.15 232 79 53 321 113070 1 3826005 41670 2.0 58 29 1 13 29% 304 37268 3589 32%
c - 95.59 233 78 53 322 113071 1 3843922 40507 2.0 61 30 1 13 29% 304 37268 3589 32%
c - 96.09 235 77 53 323 113071 1 3861867 39502 2.1 64 31 1 13 30% 304 37268 3589 32%
c s 96.35 241 78 53 323 113076 1 3872393 49863 2.1 65 31 1 13 30% 304 37264 3589 32%
c e 96.35 241 78 53 323 113076 1 3872393 49863 2.1 65 31 1 13 30% 297 37318 3586 32%
c s 96.35 241 78 53 323 113076 1 3872393 49863 2.1 65 31 1 13 30% 297 37306 3586 32%
c - 96.54 246 78 53 324 113079 1 3879839 41374 2.1 65 31 1 13 30% 297 37306 3586 32%
c B 96.55 246 78 53 324 113080 1 3880665 42170 2.1 65 31 1 13 30% 297 37306 3586 32%
c
c seconds    switched       rate           size/glue  tier1    binary        remaining
c         MB   reductions      conflicts         size   tier2     irredundant
c          level      restarts        redundant     glue    trail       variables
c
c ] 96.66 246 78 54 324 113084 1 3885857 47218 2.1 64 31 1 13 30% 297 37306 3586 32%
c { 96.66 246 77 54 324 113084 6 3885857 47218 2.0 27 13 1 4 22% 297 37306 3586 32%
c - 96.92 253 77 54 325 113324 6 3897839 47431 2.0 27 13 1 4 22% 297 37306 3586 32%
c o 97.11 257 76 54 325 113521 6 3906484 55813 2.0 27 13 1 4 22% 297 37306 3586 32%
c - 97.37 263 76 54 326 113768 6 3915868 53843 2.1 27 13 1 4 22% 297 37306 3586 32%
c - 97.89 282 76 54 327 114270 5 3933923 57741 2.1 27 13 1 4 22% 298 37306 3586 32%
c - 98.47 303 75 54 328 114872 5 3952006 60522 2.1 27 13 1 4 23% 298 37306 3586 32%
c - 99.09 326 75 54 329 115528 5 3970116 62650 2.1 27 13 1 4 23% 298 37306 3586 32%
c - 99.72 352 74 54 330 116190 5 3988256 64411 2.1 27 13 1 4 22% 302 37306 3586 32%
c u 100.46 237 74 54 330 116854 5 4005656 78561 2.1 27 13 1 4 22% 303 37306 3586 32%
c v 100.57 237 74 54 330 116854 5 4005656 72644 2.1 27 13 1 4 22% 303 37306 3586 32%
c w 100.70 239 74 54 330 116854 5 4005656 72251 2.1 27 13 1 4 22% 303 37306 3586 32%
c - 100.74 240 74 54 331 116874 5 4006424 58069 2.1 27 13 1 4 22% 303 37306 3586 32%
c - 101.36 242 74 54 332 117537 5 4024617 60706 2.1 27 13 1 4 22% 305 37306 3586 32%
c - 101.93 244 73 54 333 118055 5 4042838 63102 2.1 28 13 1 4 23% 306 37306 3586 32%
c } 101.98 244 73 55 333 118121 5 4044251 64492 2.1 28 13 1 4 23% 306 37306 3586 32%
c [ 101.98 244 78 55 333 118121 1 4044251 64492 2.1 64 31 1 13 30% 306 37306 3586 32%
c - 102.36 246 80 55 334 118131 1 4061086 59815 2.1 63 30 1 13 30% 306 37306 3586 32%
c - 102.84 247 81 55 335 118138 1 4079362 51437 2.1 63 31 1 13 31% 306 37306 3586 32%
c - 103.29 256 81 55 336 118148 1 4097666 48249 2.0 63 31 1 13 30% 306 37306 3586 32%
c
c seconds     switched       rate           size/glue  tier1    binary        remaining
c          MB   reductions      conflicts         size   tier2     irredundant
c           level      restarts        redundant     glue    trail       variables
c
c W 103.34 259 81 55 336 118149 1 4097949 48526 2.0 63 31 1 13 30% 306 37306 3586 32%
c - 103.76 261 81 55 337 118151 1 4115996 47752 2.0 62 31 1 13 30% 306 37306 3586 32%
c - 104.19 258 81 55 338 118157 1 4134353 46557 2.0 62 31 1 13 30% 306 37306 3586 32%
c - 104.63 267 81 55 339 118166 1 4152737 47628 2.0 62 31 1 13 30% 306 37306 3586 32%
c - 105.15 264 81 55 340 118173 1 4171149 46702 2.0 65 32 1 13 31% 306 37306 3586 32%
c - 105.64 268 81 55 341 118181 1 4189589 43859 2.0 67 33 1 13 31% 306 37306 3586 32%
c u 106.12 274 81 55 341 118182 1 4206855 57256 2.1 68 33 1 13 31% 306 37306 3586 32%
c v 106.17 274 81 55 341 118182 1 4206855 54810 2.1 68 33 1 13 31% 306 37306 3586 32%
c w 106.42 280 81 55 341 118182 1 4206855 54599 2.1 68 33 1 13 31% 306 37306 3586 32%
c t 106.42 280 81 55 341 118182 1 4206855 54599 2.1 68 33 1 13 31% 305 37306 3586 32%
c o 106.42 280 81 55 341 118182 1 4206855 54599 2.1 68 33 1 13 31% 305 37306 3586 32%
c - 106.46 280 81 55 342 118182 1 4208055 38919 2.1 68 33 1 13 31% 305 37306 3586 32%
c - 106.84 285 82 55 343 118183 1 4226548 41365 2.1 67 32 1 13 31% 305 37306 3586 32%
c - 107.26 290 82 55 344 118186 1 4245068 42227 2.1 66 31 1 13 31% 305 37306 3586 32%
c - 107.65 291 83 55 345 118197 1 4263615 43541 2.1 65 31 1 13 31% 305 37306 3586 32%
c - 108.06 292 83 55 346 118204 1 4282190 43811 2.1 65 31 1 13 31% 305 37306 3586 32%
c ] 108.45 293 84 56 346 118213 1 4300501 61696 2.0 63 31 1 13 29% 305 37306 3586 32%
c { 108.45 293 73 56 346 118213 5 4300501 61696 2.1 28 13 1 4 23% 305 37306 3586 32%
c - 108.46 294 73 56 347 118234 5 4300791 44801 2.1 28 13 1 4 23% 305 37306 3586 32%
c - 108.94 304 74 56 348 119116 5 4319418 50774 2.1 27 13 1 4 23% 305 37306 3586 32%
c
c seconds     switched       rate           size/glue  tier1   binary        remaining
c          MB   reductions      conflicts         size   tier2    irredundant
c           level      restarts        redundant     glue   trail       variables
c
c - 109.47 320 74 56 349 120060 5 4338073 56545 2.1 27 13 1 4 22% 305 37306 3586 32%
c - 110.02 321 74 56 350 120987 5 4356755 59981 2.1 28 13 1 4 22% 305 37306 3586 32%
c - 110.61 166 74 56 351 121972 6 4375463 62444 2.1 28 13 1 4 22% 305 37306 3586 32%
c e 110.94 166 74 56 351 122561 6 4385913 72631 2.1 28 13 1 4 22% 299 37317 3585 32%
c s 110.94 166 74 56 351 122561 6 4385913 72631 2.1 28 13 1 4 22% 299 37314 3585 32%
c - 111.22 166 75 56 352 122977 6 4394198 63331 2.1 28 13 1 4 22% 299 37314 3585 32%
c - 111.84 166 75 56 353 124005 6 4412959 65327 2.1 28 13 1 4 22% 299 37314 3585 32%
c u 111.96 166 75 56 353 124016 6 4413474 62980 2.1 28 13 1 4 22% 299 37314 3585 32%
c v 112.06 166 75 56 353 124016 6 4413474 57291 2.1 28 13 1 4 22% 299 37314 3585 32%
c w 112.18 166 75 56 353 124016 6 4413474 56557 2.1 28 13 1 4 22% 299 37314 3585 32%
c - 112.75 166 75 56 354 124972 6 4431747 59405 2.1 28 13 1 4 22% 299 37314 3585 32%
c - 113.36 166 75 56 355 125963 6 4450562 62311 2.1 28 13 1 4 22% 299 37314 3585 32%
c - 114.00 166 76 56 356 126996 6 4469405 64194 2.1 28 13 1 4 22% 300 37314 3585 32%
c } 114.02 166 76 57 356 127030 6 4469846 64625 2.1 28 13 1 4 22% 300 37314 3585 32%
c [ 114.02 166 84 57 356 127030 1 4469846 64625 2.0 63 31 1 13 29% 300 37314 3585 32%
c I 114.02 166 84 57 356 127030 1 4469846 64625 2.0 63 31 1 13 29% 300 37314 3585 32%
c - 114.45 167 82 57 357 127041 1 4488274 60894 2.0 61 30 1 13 29% 300 37314 3585 32%
c - 114.92 167 80 57 358 127048 1 4507168 53671 2.0 59 30 1 13 28% 300 37314 3585 32%
c o 115.15 167 79 57 358 127053 1 4516233 62462 2.0 59 29 1 13 28% 300 37314 3585 32%
c - 115.40 161 79 57 359 127058 1 4526088 51443 2.0 59 29 1 13 28% 300 37314 3585 32%
c
c seconds     switched       rate           size/glue  tier1    binary        remaining
c          MB   reductions      conflicts         size   tier2     irredundant
c           level      restarts        redundant     glue    trail       variables
c
c - 115.87 165 78 57 360 127060 1 4545037 51226 2.0 59 29 1 13 28% 300 37314 3585 32%
c - 116.36 169 77 57 361 127067 1 4564011 50130 2.0 59 29 1 13 28% 300 37314 3585 32%
c - 116.86 173 77 57 362 127075 1 4583012 49814 2.0 59 30 1 13 28% 300 37314 3585 32%
c - 117.29 173 77 57 363 127086 1 4602039 50655 2.0 58 30 1 13 28% 300 37314 3585 32%
c - 117.77 177 76 57 364 127091 1 4621091 51339 2.0 58 30 1 13 28% 300 37314 3585 32%
c u 117.96 178 76 57 364 127091 1 4625538 52468 2.0 58 30 1 13 28% 300 37314 3585 32%
c v 118.01 178 76 57 364 127091 1 4625538 49574 2.0 58 30 1 13 28% 300 37314 3585 32%
c w 118.24 179 76 57 364 127091 1 4625538 47734 2.0 58 30 1 13 28% 300 37314 3585 32%
c - 118.56 182 76 57 365 127092 1 4640170 43961 2.0 58 29 1 13 28% 300 37314 3585 32%
c - 118.99 182 76 57 366 127092 1 4659274 44946 2.0 58 29 1 13 29% 300 37314 3585 32%
c - 119.43 186 76 57 367 127099 1 4678406 46304 2.0 58 29 1 13 29% 300 37314 3585 32%
c - 119.88 190 77 57 368 127107 1 4697563 47502 2.0 58 29 1 13 30% 300 37314 3585 32%
c B 120.04 190 77 57 368 127110 1 4703814 53642 2.0 58 29 1 13 30% 300 37314 3585 32%
c ] 120.22 190 78 58 368 127114 1 4712973 62619 2.0 58 29 1 13 30% 300 37314 3585 32%
c { 120.22 190 76 58 368 127114 6 4712973 62619 2.1 28 13 1 4 22% 300 37314 3585 32%
c - 120.33 57 76 58 369 127281 6 4716748 49557 2.1 28 13 1 4 22% 300 37314 3585 32%
c - 120.83 57 76 58 370 128091 6 4735957 55748 2.1 28 13 1 4 22% 300 37314 3585 32%
c - 121.43 57 76 58 371 129085 6 4755192 60177 2.1 28 13 1 4 22% 300 37314 3585 32%
c - 122.05 57 76 58 372 130150 6 4774453 62808 2.0 28 14 1 4 22% 300 37314 3585 32%
c - 122.66 57 76 58 373 131119 6 4793740 64862 2.1 28 14 1 4 22% 300 37314 3585 32%
c
c seconds    switched       rate           size/glue  tier1   binary        remaining
c         MB   reductions      conflicts         size   tier2    irredundant
c          level      restarts        redundant     glue   trail       variables
c
c - 123.35 57 76 58 374 132282 6 4813054 66625 2.0 28 14 1 4 22% 300 37314 3585 32%
c o 123.46 57 77 58 374 132463 6 4816236 69721 2.0 28 14 1 4 22% 300 37314 3585 32%
c - 124.03 57 76 58 375 133350 6 4832394 68208 2.0 28 14 1 4 22% 300 37314 3585 32%
c u 124.51 57 76 58 375 133946 6 4843075 75658 2.0 28 14 1 4 22% 300 37314 3585 32%
c v 124.63 57 76 58 375 133946 6 4843075 69406 2.0 28 14 1 4 22% 300 37314 3585 32%
c w 124.77 57 76 58 375 133946 6 4843075 68942 2.0 28 14 1 4 22% 300 37314 3585 32%
c - 125.06 57 77 58 376 134359 6 4851759 61470 2.0 28 14 1 4 22% 300 37314 3585 32%
c - 125.65 57 77 58 377 135227 6 4871149 63875 2.0 28 14 1 4 22% 300 37314 3585 32%
c - 126.36 57 77 58 378 136284 6 4890565 65897 2.0 28 14 1 4 22% 300 37314 3585 32%
c } 126.46 57 77 59 378 136428 6 4893602 68869 2.0 28 14 1 4 22% 300 37314 3585 32%
c [ 126.46 57 78 59 378 136428 1 4893602 68869 2.0 58 29 1 13 30% 300 37314 3585 32%
c - 126.82 66 80 59 379 136437 1 4910007 62750 2.0 57 29 1 13 29% 300 37314 3585 32%
c - 127.26 66 80 59 380 136445 1 4929474 55285 1.9 57 29 1 13 28% 300 37314 3585 32%
c W 127.64 66 81 59 380 136455 1 4946295 71737 1.9 56 29 1 13 28% 300 37314 3585 32%
c - 127.71 70 81 59 381 136456 1 4948968 52424 1.9 56 30 1 13 28% 300 37314 3585 32%
c - 128.17 70 81 59 382 136458 1 4968487 50693 1.9 57 30 1 13 28% 300 37314 3585 32%
c - 128.62 74 81 59 383 136465 1 4988031 49021 1.9 58 31 1 13 28% 300 37314 3585 32%
c - 129.09 78 81 59 384 136473 1 5007602 50200 1.9 59 31 1 13 28% 300 37314 3585 32%
c - 129.54 82 83 59 385 136485 1 5027197 51387 1.9 59 31 1 13 28% 300 37314 3585 32%
c - 130.00 86 82 59 386 136489 1 5046819 51750 1.9 59 31 1 13 28% 300 37314 3585 32%
c
c seconds    switched       rate           size/glue  tier1    binary        remaining
c         MB   reductions      conflicts         size   tier2     irredundant
c          level      restarts        redundant     glue    trail       variables
c
c u 130.61 62 83 59 386 136490 1 5066084 67343 2.0 60 31 1 13 29% 300 37314 3585 32%
c v 130.67 62 83 59 386 136490 1 5066084 64377 2.0 60 31 1 13 29% 300 37314 3585 32%
c w 130.92 76 83 59 386 136490 1 5066084 64131 2.0 60 31 1 13 29% 300 37314 3585 32%
c - 131.16 76 83 59 387 136490 1 5066465 45534 2.0 61 31 1 13 29% 300 37314 3585 32%
c - 131.63 72 82 59 388 136490 1 5086138 46376 2.0 61 31 1 13 29% 300 37314 3585 32%
c - 132.11 77 82 59 389 136499 1 5105835 46998 2.0 61 31 1 13 29% 300 37314 3585 32%
c - 132.61 78 83 59 390 136507 1 5125558 48150 1.9 61 31 1 13 28% 300 37314 3585 32%
c - 133.11 86 83 59 391 136519 1 5145308 48125 1.9 61 32 1 13 28% 300 37314 3585 32%
c - 133.65 95 82 59 392 136521 1 5165081 47242 1.9 62 32 1 13 29% 300 37314 3585 32%
c ] 133.65 95 82 60 392 136521 1 5165537 47689 1.9 62 32 1 13 29% 300 37314 3585 32%
c { 133.65 95 77 60 392 136521 6 5165537 47689 2.0 28 14 1 4 22% 300 37314 3585 32%
c o 133.66 95 77 60 392 136527 6 5165568 47720 2.0 28 14 1 4 22% 300 37314 3585 32%
c - 134.15 96 78 60 393 137285 6 5184880 53574 2.0 28 14 1 4 22% 300 37314 3585 32%
c - 134.75 96 78 60 394 138206 6 5204705 60630 2.0 28 14 1 4 22% 300 37314 3585 32%
c - 135.32 97 79 60 395 138996 6 5224556 64163 2.1 29 14 1 4 23% 300 37314 3585 32%
c - 135.97 97 78 60 396 139949 6 5244430 66544 2.1 29 14 1 4 23% 300 37314 3585 32%
c - 136.64 97 78 60 397 140963 6 5264330 68180 2.1 29 14 1 4 23% 300 37314 3585 32%
c - 137.33 97 78 60 398 141938 6 5284254 69560 2.1 29 14 1 4 23% 300 37314 3585 32%
c u 137.78 97 78 60 398 142433 6 5294615 76786 2.1 29 14 1 4 23% 300 37314 3585 32%
c v 137.90 97 78 60 398 142433 6 5294615 70687 2.1 29 14 1 4 23% 300 37314 3585 32%
c
c seconds     switched       rate           size/glue  tier1   binary        remaining
c          MB   reductions      conflicts         size   tier2    irredundant
c           level      restarts        redundant     glue   trail       variables
c
c w 138.05 105 78 60 398 142433 6 5294615 70179 2.1 29 14 1 4 23% 300 37314 3585 32%
c - 138.39 105 78 60 399 142886 6 5304203 62917 2.1 29 14 1 4 23% 300 37314 3585 32%
c - 139.00 105 78 60 400 143732 6 5324179 65486 2.1 29 14 1 4 23% 300 37314 3585 32%
c - 139.66 105 78 60 401 144611 6 5344180 67838 2.1 29 14 1 4 23% 300 37314 3585 32%
c } 140.09 105 78 61 401 145200 6 5357791 81126 2.1 29 14 1 4 23% 300 37314 3585 32%
c [ 140.09 105 82 61 401 145200 1 5357791 81126 1.9 62 32 1 13 29% 300 37314 3585 32%
c O 140.09 105 82 61 401 145200 1 5357791 81126 1.9 62 32 1 13 29% 300 37314 3585 32%
c - 140.23 106 82 61 402 145205 1 5364206 68413 1.9 61 32 1 13 29% 300 37314 3585 32%
c - 140.68 77 82 61 403 145214 1 5384255 63212 1.9 60 32 1 13 28% 300 37314 3585 32%
c - 141.08 77 83 61 404 145223 1 5404329 55553 1.9 59 31 1 13 28% 300 37314 3585 32%
c - 141.50 77 82 61 405 145230 1 5424430 55098 1.9 57 30 1 13 28% 300 37314 3585 32%
c - 141.98 79 81 61 406 145234 1 5444556 53364 1.9 57 30 1 13 27% 300 37314 3585 32%
c - 142.41 86 81 61 407 145244 1 5464705 52837 1.9 56 30 1 13 27% 300 37314 3585 32%
c - 142.88 95 82 61 408 145252 1 5484879 53007 1.9 57 30 1 13 28% 300 37314 3585 32%
c o 143.00 95 82 61 408 145257 1 5490817 58789 1.9 56 30 1 13 28% 300 37314 3585 32%
c - 143.40 104 82 61 409 145260 1 5505078 53350 1.9 57 30 1 13 28% 300 37314 3585 32%
c - 143.89 113 81 61 410 145262 1 5525301 53783 1.9 58 30 1 13 29% 300 37314 3585 32%
c u 144.07 113 81 61 410 145262 1 5528670 53784 1.9 58 30 1 13 29% 300 37314 3585 32%
c v 144.12 113 81 61 410 145262 1 5528670 51033 1.9 58 30 1 13 29% 300 37314 3585 32%
c w 144.24 114 81 61 410 145262 1 5528670 50651 1.9 58 30 1 13 29% 300 37314 3585 32%
c
c seconds     switched       rate           size/glue  tier1    binary        remaining
c          MB   reductions      conflicts         size   tier2     irredundant
c           level      restarts        redundant     glue    trail       variables
c
c x 144.28 114 81 61 410 145262 1 5528670 50647 1.9 58 30 1 13 29% 300 37284 3585 32%
c s 144.30 115 81 61 410 145262 1 5529214 51188 1.9 58 30 1 13 29% 300 37282 3585 32%
c - 144.67 115 81 61 411 145262 1 5545550 49398 1.9 57 29 1 13 28% 300 37282 3585 32%
c - 145.16 116 81 61 412 145269 1 5565825 50907 1.9 57 29 1 13 27% 300 37282 3585 32%
c - 145.59 125 82 61 413 145277 1 5586124 51777 2.0 57 29 1 13 28% 300 37282 3585 32%
c - 146.09 134 82 61 414 145289 1 5606447 50928 2.0 58 29 1 13 29% 300 37282 3585 32%
c B 146.34 134 81 61 414 145292 1 5617642 61825 2.0 58 29 1 13 29% 300 37282 3585 32%
c - 146.60 142 80 61 415 145293 1 5626793 50933 2.0 58 29 1 13 29% 300 37282 3585 32%
c - 147.11 150 78 61 416 145300 1 5647165 51014 2.0 58 29 1 13 30% 300 37282 3585 32%
c ] 147.20 150 78 62 416 145302 1 5651520 55259 2.0 57 29 1 13 29% 300 37282 3585 32%
c { 147.20 150 78 62 416 145302 6 5651520 55259 2.1 29 14 1 4 23% 300 37282 3585 32%
c - 147.63 151 78 62 417 145886 6 5667562 57441 2.1 29 14 1 4 23% 300 37282 3585 32%
c - 148.22 151 78 62 418 146713 6 5687982 63028 2.1 29 14 1 4 23% 300 37282 3585 32%
c - 148.88 151 78 62 419 147646 6 5708427 66128 2.1 29 14 1 4 23% 300 37282 3585 32%
c - 149.58 151 79 62 420 148618 6 5728896 68382 2.1 29 14 1 4 23% 300 37282 3585 32%
c - 150.25 152 78 62 421 149503 6 5749389 70294 2.1 29 14 1 4 23% 300 37282 3585 32%
c u 151.05 108 78 62 421 150391 6 5768287 86026 2.1 29 14 1 4 23% 300 37282 3585 32%
c v 151.18 108 78 62 421 150391 6 5768287 79904 2.1 29 14 1 4 23% 300 37282 3585 32%
c w 151.31 117 78 62 421 150391 6 5768287 79701 2.1 29 14 1 4 23% 300 37282 3585 32%
c - 151.37 117 78 62 422 150442 6 5769907 64001 2.1 29 14 1 4 23% 300 37282 3585 32%
c
c seconds     switched       rate           size/glue  tier1   binary        remaining
c          MB   reductions      conflicts         size   tier2    irredundant
c           level      restarts        redundant     glue   trail       variables
c
c - 152.01 117 78 62 423 151282 6 5790449 66736 2.1 29 14 1 4 23% 300 37282 3585 32%
c - 152.74 117 79 62 424 152319 6 5811015 69195 2.1 29 14 1 4 23% 300 37282 3585 32%
c o 153.04 117 78 62 424 152721 6 5820896 78840 2.1 29 14 1 4 23% 300 37282 3585 32%
c - 153.42 117 78 62 425 153205 6 5831606 71047 2.1 29 14 1 4 23% 300 37282 3585 32%
c - 154.17 117 78 62 426 154225 6 5852222 72827 2.1 29 14 1 4 23% 300 37282 3585 32%
c } 154.28 117 78 63 426 154418 6 5855730 76247 2.1 29 14 1 4 23% 300 37282 3585 32%
c [ 154.28 117 78 63 426 154418 1 5855730 76247 2.0 57 29 1 13 29% 300 37282 3585 32%
c - 154.70 117 80 63 427 154428 1 5872861 69053 1.9 57 29 1 13 29% 300 37282 3585 32%
c W 155.04 117 81 63 427 154432 1 5886344 82211 1.9 56 29 1 13 29% 300 37282 3585 32%
c - 155.21 117 81 63 428 154436 1 5893525 60612 1.9 56 29 1 13 28% 300 37282 3585 32%
c - 155.69 117 82 63 429 154447 1 5914213 59023 1.9 56 29 1 13 28% 300 37282 3585 32%
c - 156.20 117 81 63 430 154448 1 5934926 56802 1.9 56 29 1 13 27% 300 37282 3585 32%
c - 156.68 129 82 63 431 154459 1 5955662 53605 1.9 56 29 1 13 27% 300 37282 3585 32%
c - 157.13 138 80 63 432 154468 1 5976423 55964 1.9 55 29 1 13 27% 300 37282 3585 32%
c - 157.58 147 81 63 433 154478 1 5997208 56536 1.9 55 29 1 13 27% 300 37282 3585 32%
c u 158.08 147 82 63 433 154479 1 6013480 68788 1.9 55 29 1 13 26% 300 37282 3585 32%
c v 158.15 147 82 63 433 154479 1 6013480 65754 1.9 55 29 1 13 26% 300 37282 3585 32%
c w 158.45 160 82 63 433 154479 1 6013480 65594 1.9 55 29 1 13 26% 300 37282 3585 32%
c - 158.55 161 82 63 434 154479 1 6018016 48720 1.9 56 29 1 13 27% 300 37282 3585 32%
c - 159.08 161 83 63 435 154480 1 6038848 46663 1.9 55 30 1 13 25% 300 37282 3585 32%
c
c seconds     switched       rate           size/glue  tier1    binary        remaining
c          MB   reductions      conflicts         size   tier2     irredundant
c           level      restarts        redundant     glue    trail       variables
c
c - 159.62 162 83 63 436 154485 1 6059704 46029 1.8 55 30 1 13 24% 300 37282 3585 32%
c - 160.01 162 83 63 437 154495 1 6080584 49409 1.8 55 30 1 13 25% 300 37282 3585 32%
c - 160.46 163 82 63 438 154505 1 6101488 52031 1.8 54 29 1 13 26% 300 37282 3585 32%
c - 160.98 96 83 63 439 154511 1 6122416 53182 1.8 54 29 1 13 25% 300 37282 3585 32%
c - 161.55 96 82 63 440 154517 1 6143368 52026 1.8 53 29 1 13 24% 300 37282 3585 32%
c ] 162.04 107 81 64 440 154526 1 6161691 69976 1.8 54 31 1 13 24% 300 37282 3585 32%
c { 162.04 107 78 64 440 154526 6 6161691 69976 2.1 29 14 1 4 23% 300 37282 3585 32%
c o 162.04 107 78 64 440 154531 6 6161723 70008 2.1 29 14 1 4 23% 300 37282 3585 32%
c - 162.14 109 78 64 441 154667 6 6164345 52981 2.1 29 14 1 4 23% 300 37282 3585 32%
c - 162.74 111 79 64 442 155614 6 6185346 59817 2.1 29 14 1 4 23% 300 37282 3585 32%
c - 163.39 112 78 64 443 156578 6 6206369 65621 2.1 29 14 1 4 23% 300 37282 3585 32%
c - 164.08 113 78 64 444 157528 6 6227416 69114 2.1 29 14 1 4 23% 301 37282 3585 32%
c - 164.83 113 78 64 445 158518 6 6248489 71489 2.1 29 14 1 4 23% 301 37282 3585 32%
c u 165.51 113 78 64 445 159294 6 6264274 84398 2.1 29 14 1 4 23% 301 37282 3585 32%
c v 165.64 113 78 64 445 159294 6 6264274 78690 2.1 29 14 1 4 23% 301 37282 3585 32%
c w 165.79 114 78 64 445 159294 6 6264274 78298 2.1 29 14 1 4 23% 301 37282 3585 32%
c - 166.00 114 78 64 446 159570 6 6269584 65906 2.1 29 14 1 4 23% 301 37282 3585 32%
c - 166.73 114 78 64 447 160601 6 6290703 68620 2.1 29 14 1 4 23% 301 37282 3585 32%
c - 167.43 114 78 64 448 161545 6 6311845 71060 2.1 29 14 1 4 23% 301 37282 3585 32%
c - 168.19 114 79 64 449 162582 6 6333012 72966 2.1 30 14 1 4 23% 301 37282 3585 32%
c
c seconds     switched       rate           size/glue  tier1   binary        remaining
c          MB   reductions      conflicts         size   tier2    irredundant
c           level      restarts        redundant     glue   trail       variables
c
c - 168.97 114 78 64 450 163660 6 6354201 74288 2.1 30 14 1 4 23% 301 37282 3585 32%
c - 169.73 114 78 64 451 164648 6 6375415 75474 2.1 30 14 1 4 23% 301 37282 3585 32%
c } 169.82 114 78 65 451 164790 6 6378189 78176 2.1 30 14 1 4 23% 301 37282 3585 32%
c [ 169.82 114 81 65 451 164790 1 6378189 78176 1.8 54 31 1 13 24% 301 37282 3585 32%
c I 169.82 114 81 65 451 164790 1 6378189 78176 1.8 54 31 1 13 24% 301 37282 3585 32%
c - 170.27 115 82 65 452 164801 1 6396652 72508 1.8 53 30 1 13 24% 301 37282 3585 32%
c - 170.78 116 82 65 453 164810 1 6417915 64039 1.8 54 30 1 13 25% 301 37282 3585 32%
c - 171.33 46 81 65 454 164819 1 6439198 59042 1.9 55 30 1 13 26% 301 37282 3585 32%
c - 171.90 46 81 65 455 164820 1 6460506 57330 1.9 57 30 1 13 28% 301 37282 3585 32%
c - 172.41 46 80 65 456 164834 1 6481836 57244 1.9 57 30 1 13 28% 301 37282 3585 32%
c - 172.88 46 81 65 457 164842 1 6503190 58540 1.9 56 29 1 13 28% 301 37282 3585 32%
c o 173.08 46 81 65 457 164848 1 6512386 67552 1.9 56 29 1 13 29% 301 37282 3585 32%
c u 173.44 46 81 65 457 164850 1 6520669 71640 1.9 57 29 1 13 29% 301 37282 3585 32%
c v 173.51 46 81 65 457 164850 1 6520669 68554 1.9 57 29 1 13 29% 301 37282 3585 32%
c w 173.87 58 81 65 457 164850 1 6520669 68222 1.9 57 29 1 13 29% 301 37282 3585 32%
c - 173.98 58 80 65 458 164850 1 6524568 53187 1.9 57 29 1 13 29% 301 37282 3585 32%
c - 174.48 56 78 65 459 164852 1 6545968 53410 2.0 57 29 1 13 29% 301 37282 3585 32%
c - 175.03 62 77 65 460 164852 1 6567392 51780 2.0 58 29 1 13 30% 301 37282 3585 32%
c - 175.62 60 77 65 461 164860 1 6588839 52768 2.0 60 30 1 13 31% 301 37282 3585 32%
c - 176.21 63 78 65 462 164869 1 6610309 53676 2.0 59 30 1 13 29% 301 37282 3585 32%
c
c seconds    switched       rate           size/glue  tier1    binary        remaining
c         MB   reductions      conflicts         size   tier2     irredundant
c          level      restarts        redundant     glue    trail       variables
c
c - 176.72 67 79 65 463 164881 1 6631803 54528 1.9 58 30 1 13 29% 301 37282 3585 32%
c - 177.21 71 79 65 464 164883 1 6653320 56414 1.9 57 29 1 13 29% 301 37282 3585 32%
c B 177.46 71 79 65 464 164889 1 6664922 67814 2.0 57 29 1 13 29% 301 37282 3585 32%
c - 177.69 72 80 65 465 164893 1 6674860 57488 2.0 57 29 1 13 29% 301 37282 3585 32%
c - 178.12 72 80 65 466 164902 1 6696424 56819 1.9 56 29 1 13 28% 301 37282 3585 32%
c ] 178.46 72 81 66 466 164911 1 6711467 71528 1.9 56 29 1 13 28% 301 37282 3585 32%
c { 178.46 72 78 66 466 164911 6 6711467 71528 2.1 30 14 1 4 23% 301 37282 3585 32%
c - 178.66 72 78 66 467 165030 6 6718011 56741 2.1 30 14 1 4 24% 301 37282 3585 32%
c - 179.27 74 78 66 468 165492 5 6739621 63159 2.1 30 14 1 4 24% 301 37282 3585 32%
c - 179.96 75 77 66 469 166025 5 6761254 68816 2.1 30 14 1 4 24% 301 37282 3585 32%
c u 180.79 75 77 66 469 166553 5 6782717 87366 2.1 30 14 1 4 24% 301 37282 3585 32%
c v 180.90 75 77 66 469 166553 5 6782717 82562 2.1 30 14 1 4 24% 301 37282 3585 32%
c w 181.06 77 77 66 469 166553 5 6782717 82241 2.1 30 14 1 4 24% 301 37282 3585 32%
c - 181.08 77 77 66 470 166559 5 6782910 65543 2.1 30 14 1 4 24% 301 37282 3585 32%
c - 181.82 77 76 66 471 167148 5 6804590 69019 2.1 30 14 1 4 24% 301 37282 3585 32%
c - 182.55 77 75 66 472 167740 5 6826292 71713 2.1 30 14 1 4 24% 301 37282 3585 32%
c - 183.34 77 75 66 473 168405 4 6848017 74034 2.1 30 14 1 4 24% 301 37282 3585 32%
c - 184.22 78 75 66 474 169217 5 6869765 75909 2.1 29 14 1 4 24% 301 37282 3585 32%
c o 184.32 78 75 66 474 169330 5 6872401 78498 2.1 29 14 1 4 24% 301 37282 3585 32%
c - 185.11 80 74 66 475 170044 5 6891536 77583 2.1 30 14 1 4 24% 301 37282 3585 32%
c
c seconds    switched       rate           size/glue  tier1   binary        remaining
c         MB   reductions      conflicts         size   tier2    irredundant
c          level      restarts        redundant     glue   trail       variables
c
c - 186.02 82 73 66 476 170887 5 6913332 79061 2.1 29 14 1 4 23% 301 37282 3585 32%
c - 186.94 85 73 66 477 171747 5 6935149 80300 2.1 29 14 1 4 23% 301 37282 3585 32%
c } 187.16 88 72 67 477 171957 5 6940582 85624 2.1 29 14 1 4 23% 302 37282 3585 32%
c [ 187.16 88 81 67 477 171957 1 6940582 85624 1.9 56 29 1 13 28% 302 37282 3585 32%
c - 187.60 90 82 67 478 171966 1 6956989 76867 1.9 56 29 1 13 28% 302 37282 3585 32%
c W 187.72 90 82 67 478 171969 1 6960832 80637 1.9 56 29 1 13 28% 302 37282 3585 32%
c - 188.09 90 81 67 479 171976 1 6978855 69570 2.0 55 28 1 13 29% 302 37282 3585 32%
c - 188.56 90 81 67 480 171986 1 7000742 65623 2.0 54 28 1 13 28% 302 37282 3585 32%
c - 189.10 90 82 67 481 171987 1 7022650 62568 2.0 55 28 1 13 29% 302 37282 3585 32%
c - 189.65 90 82 67 482 172001 1 7044582 61484 2.0 56 28 1 13 29% 302 37282 3585 32%
c u 189.94 90 82 67 482 172002 1 7050419 63084 2.0 57 28 1 13 30% 302 37282 3585 32%
c v 190.01 90 82 67 482 172002 1 7050419 59257 2.0 57 28 1 13 30% 302 37282 3585 32%
c w 190.44 91 82 67 482 172002 1 7050419 56600 2.0 57 28 1 13 30% 302 37282 3585 32%
c - 190.82 91 81 67 483 172009 1 7066536 52514 2.0 57 29 1 13 29% 302 37282 3585 32%
c - 191.33 43 81 67 484 172017 1 7088513 54451 2.0 57 29 1 13 30% 302 37282 3585 32%
c - 191.83 46 81 67 485 172019 1 7110513 56431 1.9 55 28 1 13 28% 302 37282 3585 32%
c - 192.33 47 79 67 486 172019 1 7132535 55381 1.9 54 28 1 13 28% 302 37282 3585 32%
c - 192.81 51 80 67 487 172029 1 7154582 57713 1.9 54 28 1 13 28% 302 37282 3585 32%
c - 193.34 52 81 67 488 172038 1 7176651 58418 1.9 54 28 1 13 28% 302 37282 3585 32%
c - 193.86 52 80 67 489 172049 1 7198743 58010 1.9 54 28 1 13 28% 302 37282 3585 32%
c
c seconds    switched       rate           size/glue  tier1    binary        remaining
c         MB   reductions      conflicts         size   tier2     irredundant
c          level      restarts        redundant     glue    trail       variables
c
c - 194.34 52 80 67 490 172050 1 7220857 59086 2.0 54 27 1 13 28% 302 37282 3585 32%
c - 194.83 52 80 67 491 172064 1 7242992 60013 2.0 54 27 1 13 29% 302 37282 3585 32%
c - 195.36 52 79 67 492 172072 1 7265151 60106 2.0 54 27 1 13 29% 302 37282 3585 32%
c O 195.38 52 79 67 492 172072 1 7266028 60950 2.0 54 27 1 13 29% 302 37282 3585 32%
c o 195.38 52 79 67 492 172072 1 7266028 60950 2.0 54 27 1 13 29% 302 37282 3585 32%
c - 195.81 52 80 67 493 172081 1 7287333 60270 2.0 54 27 1 13 29% 302 37282 3585 32%
c - 196.40 53 81 67 494 172082 1 7309537 58154 2.1 56 27 1 13 30% 302 37282 3585 32%
c u 196.93 53 80 67 494 172082 1 7323798 69766 2.0 55 27 1 13 29% 302 37282 3585 32%
c v 197.01 53 80 67 494 172082 1 7323798 66635 2.0 55 27 1 13 29% 302 37282 3585 32%
c w 197.23 58 80 67 494 172082 1 7323798 66378 2.0 55 27 1 13 29% 302 37282 3585 32%
c - 197.41 58 80 67 495 172082 1 7331763 52359 2.1 56 27 1 13 29% 302 37282 3585 32%
c - 197.93 56 80 67 496 172083 1 7354011 53255 2.1 58 28 1 13 30% 302 37282 3585 32%
c ] 197.93 56 80 68 496 172083 1 7354042 53286 2.1 58 28 1 13 30% 302 37282 3585 32%
c { 197.93 56 72 68 496 172083 5 7354042 53286 2.1 29 14 1 4 23% 302 37282 3585 32%
c - 198.57 58 74 68 497 173119 5 7376283 60173 2.1 29 14 1 4 23% 302 37282 3585 32%
c - 199.25 59 75 68 498 174163 5 7398577 67492 2.1 29 14 1 4 23% 302 37282 3585 32%
c - 200.06 59 75 68 499 175378 5 7420894 71196 2.1 29 14 1 4 23% 302 37282 3585 32%
c - 200.85 59 75 68 500 176453 5 7443232 74108 2.1 29 14 1 4 23% 302 37282 3585 32%
c - 201.72 64 76 68 501 177746 6 7465592 76297 2.1 30 14 1 4 23% 302 37282 3585 32%
c - 202.65 83 76 68 502 178988 6 7487975 77800 2.1 29 14 1 4 23% 302 37282 3585 32%
c
c seconds    switched       rate           size/glue  tier1   binary        remaining
c         MB   reductions      conflicts         size   tier2    irredundant
c          level      restarts        redundant     glue   trail       variables
c
c - 203.55 96 76 68 503 180254 6 7510382 79165 2.1 30 14 1 4 23% 302 37282 3585 32%
c - 204.46 112 77 68 504 181455 6 7532810 80193 2.1 30 14 1 4 23% 302 37282 3585 32%
c - 205.38 130 77 68 505 182699 6 7555259 81210 2.1 30 15 1 4 23% 302 37282 3585 32%
c - 206.27 154 77 68 506 183836 6 7577732 82205 2.1 30 15 1 4 23% 302 37282 3585 32%
c } 207.01 129 77 69 506 184642 6 7596103 100171 2.1 30 15 1 4 23% 302 37282 3585 32%
c [ 207.01 129 80 69 506 184642 1 7596103 100171 2.1 58 28 1 13 30% 302 37282 3585 32%
c B 207.01 129 80 69 506 184642 1 7596103 100171 2.1 58 28 1 13 30% 302 37282 3585 32%
c - 207.12 131 81 69 507 184644 1 7600226 82017 2.1 58 28 1 13 30% 302 37282 3585 32%
c u 207.33 131 81 69 507 184647 1 7602857 80422 2.0 58 28 1 13 30% 302 37282 3585 32%
c v 207.47 131 81 69 507 184647 1 7602857 72975 2.0 58 28 1 13 30% 303 37282 3585 32%
c w 207.80 131 81 69 507 184647 1 7602857 71264 2.0 58 28 1 13 30% 303 37282 3585 32%
c - 209.68 132 81 69 508 184656 1 7622742 66431 2.0 57 28 1 13 30% 303 37282 3585 32%
c - 210.19 132 82 69 509 184666 1 7645280 61635 2.0 57 28 1 13 30% 303 37282 3585 32%
c o 210.22 132 82 69 509 184668 1 7646577 62902 2.0 57 28 1 13 30% 303 37282 3585 32%
c - 210.73 132 83 69 510 184672 1 7667843 60462 2.1 57 28 1 13 30% 303 37282 3585 32%
c - 211.32 132 82 69 511 184679 1 7690427 58763 2.0 59 29 1 13 30% 303 37282 3585 32%
c - 211.84 132 82 69 512 184689 1 7713034 57874 2.0 59 29 1 13 30% 303 37282 3585 32%
c - 212.35 135 83 69 513 184701 1 7735662 57836 2.0 60 31 1 13 30% 303 37282 3585 32%
c - 212.91 135 82 69 514 184703 1 7758311 57861 2.0 61 30 1 13 30% 303 37282 3585 32%
c - 213.58 136 80 69 515 184704 1 7780982 56527 2.1 63 31 1 13 31% 303 37282 3585 32%
c
c seconds     switched       rate           size/glue  tier1    binary        remaining
c          MB   reductions      conflicts         size   tier2     irredundant
c           level      restarts        redundant     glue    trail       variables
c
c - 214.08 138 78 69 516 184711 1 7803675 57732 2.1 61 29 1 13 30% 303 37282 3585 32%
c - 214.58 138 77 69 517 184719 1 7826391 61143 2.1 59 29 1 13 29% 303 37282 3585 32%
c - 215.10 139 77 69 518 184733 1 7849130 61370 2.0 57 28 1 13 28% 303 37282 3585 32%
c - 215.68 140 76 69 519 184735 1 7871889 61283 2.1 59 28 1 13 29% 303 37282 3585 32%
c u 216.15 140 77 69 519 184742 1 7887646 74574 2.1 59 28 1 13 30% 303 37282 3585 32%
c v 216.22 140 77 69 519 184742 1 7887646 71431 2.1 59 28 1 13 30% 303 37282 3585 32%
c w 216.35 145 77 69 519 184742 1 7887646 71299 2.1 59 28 1 13 30% 303 37282 3585 32%
c x 216.40 145 77 69 519 184742 1 7887646 71296 2.1 59 28 1 13 30% 303 37258 3585 32%
c - 216.58 145 77 69 520 184747 1 7894670 57142 2.1 59 28 1 13 30% 303 37258 3585 32%
c - 217.08 145 78 69 521 184756 1 7917473 57365 2.1 59 29 1 13 29% 303 37258 3585 32%
c W 217.22 147 78 69 521 184757 1 7920180 60001 2.0 58 29 1 13 29% 303 37258 3585 32%
c - 217.68 147 79 69 522 184765 1 7940302 58526 2.0 57 28 1 13 29% 303 37258 3585 32%
c - 218.27 147 79 69 523 184767 1 7963151 58329 2.0 56 29 1 13 28% 303 37258 3585 32%
c - 219.03 147 80 69 524 184767 1 7986020 55599 1.9 56 30 1 13 26% 303 37258 3585 32%
c ] 219.39 147 80 70 524 184768 1 7999321 68691 1.9 56 30 1 13 25% 303 37258 3585 32%
c { 219.39 147 77 70 524 184768 6 7999321 68691 2.1 30 15 1 4 23% 303 37258 3585 32%
c - 219.66 149 77 70 525 184940 6 8008912 57223 2.1 30 15 1 4 23% 303 37258 3585 32%
c - 220.28 152 77 70 526 185374 5 8031826 66788 2.1 30 14 1 4 24% 303 37258 3585 32%
c o 220.41 152 77 70 526 185482 5 8036585 71407 2.1 30 14 1 4 24% 303 37258 3585 32%
c - 220.99 152 76 70 527 185859 5 8054761 72461 2.1 30 14 1 4 24% 303 37258 3585 32%
c
c seconds     switched       rate           size/glue  tier1   binary        remaining
c          MB   reductions      conflicts         size   tier2    irredundant
c           level      restarts        redundant     glue   trail       variables
c
c - 221.84 106 75 70 528 186497 5 8077717 75832 2.1 30 14 1 4 24% 303 37258 3585 32%
c - 222.73 111 75 70 529 187180 5 8100696 78415 2.1 30 14 1 4 24% 303 37258 3585 32%
c - 223.65 115 75 70 530 187931 5 8123697 80472 2.1 30 14 1 4 24% 303 37258 3585 32%
c - 224.57 119 74 70 531 188651 5 8146720 82140 2.1 30 14 1 4 24% 303 37258 3585 32%
c - 225.57 128 73 70 532 189501 5 8169764 83844 2.1 30 14 1 4 24% 303 37258 3585 32%
c u 226.08 128 73 70 532 189817 5 8178178 88487 2.1 30 14 1 4 24% 303 37258 3585 32%
c v 226.22 128 73 70 532 189817 5 8178178 81395 2.1 30 14 1 4 24% 303 37258 3585 32%
c w 226.51 129 73 70 532 189817 5 8178178 80212 2.1 30 14 1 4 24% 303 37258 3585 32%
c - 227.08 130 73 70 533 190233 4 8192830 75190 2.1 30 14 1 4 24% 303 37258 3585 32%
c - 228.02 136 73 70 534 191050 5 8215918 78027 2.1 30 14 1 4 24% 303 37258 3585 32%
c - 228.97 145 73 70 535 191880 5 8239027 80444 2.1 30 14 1 4 24% 303 37258 3585 32%
c } 229.63 146 73 71 535 192503 5 8254648 95769 2.1 30 14 1 4 24% 303 37258 3585 32%
c [ 229.63 146 80 71 535 192503 1 8254648 95769 1.9 56 30 1 13 25% 303 37258 3585 32%
c I 229.63 146 80 71 535 192503 1 8254648 95769 1.9 56 30 1 13 25% 303 37258 3585 32%
c - 229.80 154 81 71 536 192508 1 8262157 80360 1.9 55 30 1 13 26% 303 37258 3585 32%
c - 230.29 156 79 71 537 192517 1 8285308 74903 1.9 54 29 1 13 25% 303 37258 3585 32%
c e 230.69 156 78 71 537 192528 1 8304151 93330 1.9 54 28 1 13 26% 301 37276 3584 32%
c - 230.81 156 79 71 538 192531 1 8308481 67166 1.9 54 28 1 13 26% 301 37276 3584 32%
c - 231.32 156 79 71 539 192533 1 8331675 64399 1.9 55 29 1 13 26% 301 37276 3584 32%
c - 231.87 87 78 71 540 192545 1 8354895 64077 1.9 54 28 1 13 26% 301 37276 3584 32%
c
c seconds    switched       rate           size/glue  tier1    binary        remaining
c         MB   reductions      conflicts         size   tier2     irredundant
c          level      restarts        redundant     glue    trail       variables
c
c - 232.39 87 78 71 541 192554 1 8378132 65491 2.0 54 28 1 13 26% 301 37276 3584 32%
c - 232.98 87 78 71 542 192563 1 8401391 64917 1.9 54 28 1 13 26% 301 37276 3584 32%
c - 233.56 88 77 71 543 192565 1 8424671 64243 2.0 56 28 1 13 27% 301 37276 3584 32%
c - 234.15 88 75 71 544 192565 1 8447974 62096 2.1 57 28 1 13 28% 301 37276 3584 32%
c o 234.28 88 75 71 544 192567 1 8453410 67406 2.1 57 28 1 13 28% 301 37276 3584 32%
c - 234.75 88 75 71 545 192578 1 8471297 61871 2.1 58 28 1 13 29% 301 37276 3584 32%
c u 234.95 88 75 71 545 192579 1 8474441 61273 2.1 58 28 1 13 29% 301 37276 3584 32%
c v 235.01 88 75 71 545 192579 1 8474441 58279 2.1 58 28 1 13 29% 301 37276 3584 32%
c w 235.30 88 75 71 545 192579 1 8474441 55803 2.1 58 28 1 13 29% 301 37276 3584 32%
c - 235.82 88 76 71 546 192587 1 8494642 54811 2.1 60 29 1 13 29% 301 37276 3584 32%
c - 236.34 88 77 71 547 192595 1 8518008 57676 2.0 58 29 1 13 29% 301 37276 3584 32%
c - 236.91 89 78 71 548 192602 1 8541397 60040 2.0 58 29 1 13 29% 301 37276 3584 32%
c - 237.44 89 79 71 549 192611 1 8564807 60386 2.0 57 29 1 13 29% 301 37276 3584 32%
c - 238.04 89 79 71 550 192624 1 8588237 59539 2.0 58 30 1 13 29% 301 37276 3584 32%
c B 238.28 89 79 71 550 192626 1 8598019 69110 1.9 58 30 1 13 28% 301 37276 3584 32%
c - 238.55 89 80 71 551 192627 1 8611689 60836 2.0 57 29 1 13 28% 301 37276 3584 32%
c - 239.09 89 80 71 552 192628 1 8635163 59510 1.9 57 29 1 13 29% 301 37276 3584 32%
c - 239.67 89 79 71 553 192629 1 8658657 57249 2.0 58 30 1 13 30% 301 37276 3584 32%
c - 240.26 93 78 71 554 192629 1 8682175 56786 2.0 59 30 1 13 30% 301 37276 3584 32%
c - 240.81 93 77 71 555 192629 1 8705714 56687 2.1 60 29 1 13 31% 301 37276 3584 32%
c
c seconds    switched       rate           size/glue  tier1    binary        remaining
c         MB   reductions      conflicts         size   tier2     irredundant
c          level      restarts        redundant     glue    trail       variables
c
c - 241.34 99 76 71 556 192637 1 8729272 58751 2.1 59 28 1 13 31% 301 37276 3584 32%
c ] 241.44 99 76 72 556 192640 1 8733444 62814 2.1 59 28 1 13 31% 301 37276 3584 32%
c { 241.44 99 73 72 556 192640 5 8733444 62814 2.1 30 14 1 4 24% 301 37276 3584 32%
c - 242.02 43 74 72 557 193442 5 8752853 66092 2.1 30 14 1 4 24% 301 37276 3584 32%
c - 242.81 43 74 72 558 194635 5 8776454 72288 2.1 30 14 1 4 24% 301 37276 3584 32%
c u 242.95 43 74 72 558 194635 5 8776476 70372 2.1 30 14 1 4 24% 301 37276 3584 32%
c v 243.02 43 74 72 558 194635 5 8776476 66750 2.1 30 14 1 4 24% 301 37276 3584 32%
c w 243.23 43 74 72 558 194635 5 8776476 65146 2.1 30 14 1 4 24% 301 37276 3584 32%
c - 243.97 43 75 72 559 195580 5 8800077 70418 2.1 29 14 1 4 23% 301 37276 3584 32%
c - 244.81 43 76 72 560 196747 5 8823720 74523 2.1 29 14 1 4 23% 301 37276 3584 32%
c - 245.65 58 76 72 561 197826 5 8847385 77252 2.1 29 14 1 4 23% 301 37276 3584 32%
c o 246.23 59 76 72 561 198555 5 8863573 93085 2.1 29 14 1 4 23% 301 37276 3584 32%
c - 246.53 67 76 72 562 198900 5 8871072 79657 2.1 29 14 1 4 23% 301 37276 3584 32%
c - 247.44 72 75 72 563 200073 6 8894778 81787 2.1 30 14 1 4 23% 301 37276 3584 32%
c - 248.41 81 75 72 564 201394 6 8918505 83393 2.1 30 14 1 4 23% 301 37276 3584 32%
c - 249.39 91 76 72 565 202696 6 8942254 84241 2.1 30 14 1 4 23% 301 37276 3584 32%
c - 250.40 97 76 72 566 204016 6 8966023 85213 2.1 30 14 1 4 23% 301 37276 3584 32%
c - 251.40 107 76 72 567 205331 6 8989814 86457 2.1 30 15 1 4 23% 301 37276 3584 32%
c } 251.94 116 77 73 567 206050 6 9002360 98739 2.1 30 15 1 4 23% 301 37276 3584 32%
c [ 251.94 116 76 73 567 206050 1 9002360 98739 2.1 59 28 1 13 31% 301 37276 3584 32%
c
c seconds     switched       rate           size/glue  tier1    binary        remaining
c          MB   reductions      conflicts         size   tier2     irredundant
c           level      restarts        redundant     glue    trail       variables
c
c W 252.05 116 76 73 567 206050 1 9002360 98739 2.1 59 28 1 13 31% 301 37276 3584 32%
c - 252.35 116 77 73 568 206056 1 9013630 84774 2.0 58 28 1 13 30% 301 37276 3584 32%
c - 252.93 117 79 73 569 206067 1 9037464 77202 2.0 57 28 1 13 30% 301 37276 3584 32%
c - 253.51 117 80 73 570 206079 1 9061317 69542 2.0 56 28 1 13 29% 301 37276 3584 32%
c u 254.17 117 80 73 570 206080 1 9084293 87102 1.9 55 28 1 13 30% 301 37276 3584 32%
c v 254.29 117 80 73 570 206080 1 9084293 81824 1.9 55 28 1 13 30% 301 37276 3584 32%
c w 254.78 124 80 73 570 206080 1 9084293 81533 1.9 55 28 1 13 30% 301 37276 3584 32%
c - 254.81 124 80 73 571 206081 1 9085191 58750 1.9 55 28 1 13 29% 301 37276 3584 32%
c - 255.34 124 81 73 572 206094 1 9109086 58590 1.9 54 29 1 13 29% 301 37276 3584 32%
c - 255.87 124 82 73 573 206105 1 9133002 59355 1.9 55 29 1 13 29% 301 37276 3584 32%
c - 256.41 124 82 73 574 206111 1 9156939 60045 1.9 55 29 1 13 29% 301 37276 3584 32%
c - 256.95 124 81 73 575 206112 1 9180898 60176 1.9 55 29 1 13 28% 301 37276 3584 32%
c - 257.40 124 81 73 576 206116 1 9204878 61673 1.9 55 28 1 13 30% 301 37276 3584 32%
c - 257.95 124 81 73 577 206127 1 9228880 62808 1.9 55 29 1 13 29% 301 37276 3584 32%
c - 258.52 124 81 73 578 206140 1 9252900 61681 1.9 56 29 1 13 29% 301 37276 3584 32%
c - 259.10 124 80 73 579 206143 1 9276943 63012 1.9 55 28 1 13 29% 301 37276 3584 32%
c - 259.72 124 80 73 580 206155 1 9301007 63050 1.9 55 29 1 13 28% 301 37276 3584 32%
c o 259.72 124 80 73 580 206156 1 9301018 63061 1.9 55 29 1 13 28% 301 37276 3584 32%
c - 260.33 124 80 73 581 206165 1 9325091 63998 2.0 57 29 1 13 29% 301 37276 3584 32%
c - 260.85 124 81 73 582 206174 1 9349194 64434 1.9 56 29 1 13 29% 301 37276 3584 32%
c
c seconds     switched       rate           size/glue  tier1    binary        remaining
c          MB   reductions      conflicts         size   tier2     irredundant
c           level      restarts        redundant     glue    trail       variables
c
c O 261.27 124 81 73 582 206175 1 9365433 80367 2.0 56 29 1 13 28% 301 37276 3584 32%
c - 261.44 124 81 73 583 206175 1 9373318 64614 2.0 56 29 1 13 29% 301 37276 3584 32%
c - 262.14 76 80 73 584 206175 1 9397463 61876 2.1 60 29 1 13 29% 301 37276 3584 32%
c u 262.29 77 80 73 584 206176 1 9397917 59688 2.1 60 29 1 13 29% 301 37276 3584 32%
c v 262.36 77 80 73 584 206176 1 9397917 56860 2.1 60 29 1 13 29% 301 37276 3584 32%
c w 262.53 78 80 73 584 206176 1 9397917 54869 2.1 60 29 1 13 29% 301 37276 3584 32%
c - 263.04 78 80 73 585 206176 1 9421629 55247 2.0 60 29 1 13 29% 301 37276 3584 32%
c - 263.57 80 78 73 586 206176 1 9445816 56891 2.1 59 29 1 13 30% 301 37276 3584 32%
c - 264.21 79 78 73 587 206182 1 9470024 58484 2.1 60 29 1 13 31% 301 37276 3584 32%
c ] 264.33 79 78 74 587 206183 1 9475595 63931 2.1 60 28 1 13 31% 301 37276 3584 32%
c { 264.33 79 77 74 587 206183 6 9475595 63931 2.1 30 15 1 4 23% 301 37276 3584 32%
c - 264.89 80 77 74 588 206892 6 9494252 66244 2.1 30 15 1 4 23% 301 37276 3584 32%
c - 265.69 80 77 74 589 207953 6 9518500 72660 2.1 30 15 1 4 23% 301 37276 3584 32%
c - 266.56 82 78 74 590 208950 6 9542769 76668 2.1 30 15 1 4 23% 301 37276 3584 32%
c - 267.47 85 78 74 591 210094 6 9567058 79679 2.1 30 15 1 4 23% 301 37276 3584 32%
c - 268.42 100 78 74 592 211281 6 9591370 81876 2.1 30 15 1 4 23% 301 37276 3584 32%
c - 269.34 105 78 74 593 212407 6 9615702 83703 2.1 31 15 1 4 24% 302 37276 3584 32%
c - 270.32 109 78 74 594 213666 6 9640053 85319 2.1 31 15 1 4 24% 302 37276 3584 32%
c - 271.36 114 78 74 595 214955 6 9664426 86363 2.1 31 15 1 4 24% 302 37276 3584 32%
c - 272.35 78 78 74 596 216156 6 9688818 87538 2.1 31 15 1 4 24% 302 37276 3584 32%
c
c seconds     switched       rate           size/glue  tier1   binary        remaining
c          MB   reductions      conflicts         size   tier2    irredundant
c           level      restarts        redundant     glue   trail       variables
c
c - 273.39 126 78 74 597 217400 6 9713231 88461 2.1 31 15 1 4 23% 302 37276 3584 32%
c u 273.71 133 78 74 597 217609 6 9717349 88537 2.1 31 15 1 4 23% 302 37276 3584 32%
c v 273.87 133 78 74 597 217609 6 9717349 80754 2.1 31 15 1 4 23% 302 37276 3584 32%
c w 274.20 134 78 74 597 217609 6 9717349 79332 2.1 31 15 1 4 23% 302 37276 3584 32%
c o 274.69 134 78 74 597 218167 6 9731032 92769 2.1 31 15 1 4 24% 302 37276 3584 32%
c - 274.97 134 78 74 598 218492 6 9737665 78716 2.1 31 15 1 4 24% 302 37276 3584 32%
c } 275.70 141 79 75 598 219359 6 9758419 99017 2.1 31 15 1 4 24% 302 37276 3584 32%
c [ 275.70 141 78 75 598 219359 1 9758419 99017 2.1 60 28 1 13 31% 302 37276 3584 32%
c B 275.70 141 78 75 598 219359 1 9758419 99017 2.1 60 28 1 13 31% 302 37276 3584 32%
c - 275.79 142 78 75 599 219361 1 9762119 81366 2.1 60 28 1 13 31% 302 37276 3584 32%
c - 276.33 142 78 75 600 219373 1 9786593 77703 2.1 58 28 1 13 31% 302 37276 3584 32%
c - 276.92 143 78 75 601 219386 1 9811087 68802 2.1 58 27 1 13 31% 302 37276 3584 32%
c - 277.50 143 78 75 602 219389 1 9835602 67255 2.1 58 28 1 13 30% 302 37276 3584 32%
c - 278.13 143 78 75 603 219402 1 9860137 65928 2.0 58 28 1 13 30% 302 37276 3584 32%
c - 278.76 143 79 75 604 219411 1 9884694 65675 2.1 59 29 1 13 31% 302 37276 3584 32%
c - 279.30 143 79 75 605 219420 1 9909270 67303 2.0 56 28 1 13 30% 302 37276 3584 32%
c - 279.86 143 79 75 606 219421 1 9933866 67623 2.0 55 27 1 13 29% 302 37276 3584 32%
c - 280.52 143 81 75 607 219424 1 9958484 66518 2.0 54 27 1 13 27% 302 37276 3584 32%
c - 281.09 143 80 75 608 219436 1 9983123 67694 2.0 54 27 1 13 27% 302 37276 3584 32%
c ] 281.53 143 79 75 608 219443 1 10000001 84192 2.0 55 28 1 13 28% 302 37276 3584 32%
c
c seconds     switched       rate            size/glue  tier1   binary        remaining
c          MB   reductions      conflicts          size   tier2    irredundant
c           level      restarts         redundant     glue   trail       variables
c
c ? 281.53 143 79 75 608 219443 6 10000001 84192 2.1 31 15 1 4 24% 302 37276 3584 32%
c
c ---- [ result ] ------------------------------------------------------------
c
s UNKNOWN
c
c ---- [ profiling ] ---------------------------------------------------------
c
c         260.18   92.42 %  search
c         136.36   48.43 %  stable
c         123.82   43.98 %  focused
c          21.29    7.56 %  simplify
c          20.65    7.34 %  probe
c          16.23    5.76 %  vivify
c           3.80    1.35 %  sweep
c           2.14    0.76 %  reduce
c           0.44    0.16 %  walking
c           0.33    0.12 %  substitute
c           0.25    0.09 %  eliminate
c           0.17    0.06 %  factor
c           0.09    0.03 %  congruence
c           0.05    0.02 %  preprocess
c           0.03    0.01 %  subsume
c           0.03    0.01 %  transitive
c           0.01    0.00 %  backbone
c           0.01    0.00 %  parse
c           0.00    0.00 %  lucky
c =============================================
c         281.53  100.00 %  total
c
c ---- [ statistics ] --------------------------------------------------------
c
c chronological:                         6085                0 %  conflicts
c conflicts:                         10000001            35519.55 per second
c congruent:                             1262               11 %  variables
c decisions:                         32888130                3.29 per conflict
c eliminated:                            5741               51 %  variables
c factored:                               267                2 %  variables
c propagations:                    1133723100          4026933    per second
c reductions:                             608            16447    interval
c reordered:                               44           227273    interval
c rephased:                                61           163934    interval
c restarts:                            219443               46    interval
c strengthened:                          4595                0 %  checks
c substituted:                           2159               19 %  variables
c subsumed:                              6377                0 %  checks
c switched:                                75           133333    interval
c vivified:                            709224               25 %  checks
c walks:                                   20           500000    interval
c
c ---- [ glue usage ] --------------------------------------------------------
c
c focused glue 1 used 24579816 clauses 71.17% accumulated 71.17% tier1
c focused glue 2 used  4312586 clauses 12.49% accumulated 83.65%
c focused glue 3 used  1535937 clauses  4.45% accumulated 88.10%
c focused glue 4 used   811742 clauses  2.35% accumulated 90.45% tier2
c
c stable glue 1    used 49442680 clauses 58.00% accumulated 58.00% tier1
c stable glue 2    used 11442524 clauses 13.42% accumulated 71.42%
c stable glue 3-11 used 15062659 clauses 17.67% accumulated 89.09%
c stable glue 12   used   776830 clauses  0.91% accumulated 90.00%
c stable glue 13   used   681302 clauses  0.80% accumulated 90.80% tier2
c
c ---- [ resources ] ---------------------------------------------------------
c
c maximum-resident-set-size:     393476046848 bytes     375248 MB
c process-time:                         4m 42s             281.53 seconds
c
c ---- [ shutting down ] -----------------------------------------------------
c
c exit 0
