c ---- [ banner ] ------------------------------------------------------------
c
c Kissat SAT Solver
c 
c Copyright (c) 2021-2024 Armin Biere University of Freiburg
c Copyright (c) 2019-2021 Armin Biere Johannes Kepler University Linz
c 
c Version 4.0.4 unknown
c Apple clang version 17.0.0 (clang-1700.3.19.1) -W -Wall -O3 -DNDEBUG
c Thu Oct 16 20:09:41 UTC 2025 Darwin Tahoe-arm64.local 25.0.0 arm64
c
c ---- [ parsing ] -----------------------------------------------------------
c
c opened and reading DIMACS file:
c
c   cnfs_n32/sr61_cascade_m09990bd2_f80000000_bit25.cnf
c
c parsed 'p cnf 11234 47530' header
c closing input after reading 857920 bytes (838 KB)
c finished parsing after 0.00 seconds
c
c ---- [ options ] -----------------------------------------------------------
c
c --seed=5                         (different from default '0')
c
c ---- [ limits ] ------------------------------------------------------------
c
c conflict limit set to 10000000 conflicts
c
c ---- [ solving ] -----------------------------------------------------------
c
c seconds switched rate     size/glue tier1  binary         remaining
c        MB reductions conflicts size  tier2    irredundant
c         level restarts redundant glue  trail         variables
c
c *  0.00  8 0 0 0  0 0   0   0 0.0 0 0 0 0 0% 3818 43647 11233 100%
c (  0.00  8 0 0 0  0 0   0   0 0.0 0 0 0 0 0% 3818 43647 11233 100%
c .  0.00  8 0 0 0  0 0   0   0 0.0 0 0 0 0 0% 3818 43647 11233 100%
c c  0.01 13 0 0 0  0 0   0   0 0.0 0 0 0 0 0% 5554 40498 10045 89%
c d  0.01 13 0 0 0  0 0   0   0 0.0 0 0 0 0 0% 3178 40498 10045 89%
c =  0.03 13 0 0 0  0 0   0   0 0.0 0 0 0 0 0% 3196 40498 9955 89%
c d  0.03 13 0 0 0  0 0   0   0 0.0 0 0 0 0 0% 3016 40498 9955 89%
c f  0.04 13 0 0 0  0 0   0   0 0.0 0 0 0 0 0% 3404 39840 10161 90%
c )  0.04 13 0 0 0  0 0   0   0 0.0 0 0 0 0 0% 3404 39840 10161 90%
c {  0.04 13 0 0 0  0 0   0   0 0.0 0 0 2 6 0% 3404 39840 10161 90%
c -  0.04 13 135 0 1 178 28 1001 720 1.6 4 3 2 5 7% 3522 39839 10161 90%
c }  0.04 13 135 1 1 178 28 1001 720 1.6 4 3 2 5 7% 3522 39839 10161 90%
c [  0.04 13 0 1 1 178 0 1001 720 0.0 0 0 2 6 0% 3522 39839 10161 90%
c B  0.04 13 0 1 1 178 0 1001 720 0.0 0 0 2 6 0% 3522 39839 10161 90%
c ]  0.05 13 336 2 1 178 7 1709 1360 1.7 14 8 5 23 27% 3545 39839 10161 90%
c {  0.05 13 135 2 1 178 28 1709 1360 1.6 4 3 2 5 7% 3545 39839 10161 90%
c -  0.05 13 123 2 2 259 28 2001 1567 1.6 4 3 2 5 6% 3562 39839 10161 90%
c c  0.06 13 117 2 2 419 28 2560 1996 1.6 5 3 2 4 6% 3644 39739 10120 90%
c d  0.06 13 117 2 2 419 28 2560 1983 1.6 5 3 2 4 6% 3502 39739 10094 90%
c u  0.07 13 117 2 2 419 28 2560 1545 1.6 5 3 2 4 6% 3500 39739 10094 90%
c
c seconds   switched   rate       size/glue tier1  binary         remaining
c        MB  reductions conflicts      size  tier2    irredundant
c          level restarts    redundant   glue  trail         variables
c
c v  0.07 13 117 2 2 419 28 2560 1425 1.6 5 3 2 4 6% 3500 39739 10094 90%
c w  0.07 13 117 2 2 419 28 2560 1314 1.6 5 3 2 4 6% 3500 39739 10094 90%
c x  0.07 13 117 2 2 419 28 2560 1314 1.6 5 3 2 4 6% 3500 39630 10094 90%
c =  0.09 14 117 2 2 419 28 2560 1314 1.6 5 3 2 4 6% 3638 39630 10025 89%
c d  0.09 14 117 2 2 419 28 2560 1285 1.6 5 3 2 4 6% 3498 39630 10025 89%
c t  0.09 14 117 2 2 419 28 2560 1285 1.6 5 3 2 4 6% 3492 39630 10025 89%
c c  0.10 14 117 2 2 419 28 2560 1285 1.6 5 3 2 4 6% 3508 39598 10017 89%
c d  0.10 14 117 2 2 419 28 2560 1280 1.6 5 3 2 4 6% 3492 39598 10017 89%
c u  0.10 14 117 2 2 419 28 2560 1219 1.6 5 3 2 4 6% 3493 39598 10017 89%
c v  0.10 14 117 2 2 419 28 2560 1188 1.6 5 3 2 4 6% 3494 39598 10017 89%
c w  0.10 14 117 2 2 419 28 2560 1161 1.6 5 3 2 4 6% 3494 39598 10017 89%
c =  0.12 14 117 2 2 419 28 2560 1161 1.6 5 3 2 4 6% 3872 39598 9828 87%
c d  0.12 14 117 2 2 419 28 2560 1028 1.6 5 3 2 4 6% 3479 39598 9828 87%
c t  0.12 14 117 2 2 419 28 2560 1028 1.6 5 3 2 4 6% 3477 39598 9828 87%
c f  0.12 14 117 2 2 419 28 2560 1028 1.6 5 3 2 4 6% 3485 39585 9832 88%
c }  0.12 14 117 3 2 447 28 2709 1168 1.6 5 3 2 4 7% 3491 39585 9832 88%
c [  0.12 14 336 3 2 447 7 2709 1168 1.7 14 8 5 23 27% 3491 39585 9832 88%
c W  0.13 14 336 3 2 447 7 2709 1168 1.7 14 8 5 23 27% 3491 39585 9832 88%
c ]  0.13 14 303 4 2 447 7 2895 1348 2.2 23 10 5 23 28% 3493 39585 9832 88%
c {  0.13 14 117 4 2 447 28 2895 1348 1.6 5 3 2 4 7% 3493 39585 9832 88%
c
c seconds   switched   rate       size/glue tier1  binary        remaining
c        MB  reductions conflicts      size  tier2    irredundant
c          level restarts    redundant   glue  trail        variables
c
c -  0.14 14 106 4 3 623 28 3417 1651 1.6 5 3 2 5 7% 3558 39569 9832 88%
c -  0.16 14 87 4 4 1120 25 5152 2927 1.7 6 4 2 5 7% 3682 39555 9832 88%
c }  0.16 14 86 5 4 1146 25 5248 3004 1.7 6 4 2 5 7% 3683 39555 9832 88%
c [  0.16 14 303 5 4 1146 7 5248 3004 2.2 23 10 5 23 28% 3683 39555 9832 88%
c I  0.16 14 303 5 4 1146 7 5248 3004 2.2 23 10 5 23 28% 3683 39555 9832 88%
c -  0.18 14 151 5 5 1147 5 7152 4062 2.1 18 8 2 11 20% 3769 39547 9832 88%
c u  0.19 14 138 5 5 1148 4 7887 4047 2.2 18 8 2 11 20% 3797 39546 9832 88%
c v  0.19 14 138 5 5 1148 4 7887 3771 2.2 18 8 2 11 20% 3797 39546 9832 88%
c w  0.19 14 138 5 5 1148 4 7887 3747 2.2 18 8 2 11 20% 3797 39546 9832 88%
c x  0.19 14 138 5 5 1148 4 7887 3747 2.2 18 8 2 11 20% 3829 39428 9832 88%
c =  0.21 14 138 5 5 1148 4 7887 3747 2.2 18 8 2 11 20% 3931 39428 9781 87%
c d  0.21 14 138 5 5 1148 4 7887 3742 2.2 18 8 2 11 20% 3808 39428 9780 87%
c t  0.21 14 138 5 5 1148 4 7887 3742 2.2 18 8 2 11 20% 3775 39428 9780 87%
c u  0.22 14 138 5 5 1148 4 7887 3653 2.2 18 8 2 11 20% 3776 39428 9780 87%
c v  0.23 14 138 5 5 1148 4 7887 3473 2.2 18 8 2 11 20% 3776 39428 9780 87%
c w  0.23 14 138 5 5 1148 4 7887 3462 2.2 18 8 2 11 20% 3776 39428 9780 87%
c x  0.23 14 138 5 5 1148 4 7887 3462 2.2 18 8 2 11 20% 3856 38465 9780 87%
c t  0.25 14 138 5 5 1148 4 7887 3462 2.2 18 8 2 11 20% 3854 38465 9780 87%
c B  0.26 14 133 5 5 1148 4 9020 4507 2.3 20 9 2 10 21% 3871 38465 9780 87%
c ]  0.26 14 131 6 5 1148 4 9269 4723 2.3 19 9 2 10 20% 3877 38465 9780 87%
c
c seconds  switched    rate       size/glue tier1  binary        remaining
c        MB reductions  conflicts      size  tier2    irredundant
c         level  restarts    redundant   glue  trail        variables
c
c {  0.26 14 86 6 5 1148 25 9269 4723 1.7 6 4 2 5 7% 3877 38465 9780 87%
c -  0.27 14 86 6 6 1176 25 9390 4043 1.7 7 4 2 5 7% 3890 38464 9780 87%
c o  0.27 14 81 6 6 1272 23 10000 4569 1.7 7 4 2 5 7% 3931 38464 9780 87%
c -  0.30 15 73 6 7 1629 21 11839 5537 1.7 7 4 2 4 8% 4013 38461 9780 87%
c s  0.32 15 71 6 7 1819 20 12798 6396 1.8 8 4 2 4 8% 4055 37241 9780 87%
c e  0.34 17 71 6 7 1819 20 12798 6396 1.8 8 4 2 4 8% 2605 35559 6436 57%
c s  0.34 17 71 6 7 1819 20 12798 6396 1.8 8 4 2 4 8% 2614 35289 6436 57%
c e  0.35 17 71 6 7 1819 20 12798 6396 1.8 8 4 2 4 8% 2469 35433 6388 57%
c ^  0.35 17 71 6 7 1819 20 12798 6396 1.8 8 4 2 4 8% 2469 35433 6388 57%
c }  0.35 17 70 7 7 1925 20 13338 3961 1.8 8 4 2 4 8% 2491 35433 6388 57%
c [  0.35 17 131 7 7 1925 4 13338 3961 2.3 19 9 2 10 20% 2491 35433 6388 57%
c -  0.37 18 122 7 8 1926 4 14486 4467 2.3 21 9 2 11 21% 2499 35433 6388 57%
c W  0.37 18 122 7 8 1926 4 14550 4523 2.3 21 9 2 11 21% 2501 35433 6388 57%
c u  0.39 18 117 7 8 1927 3 16165 5473 2.5 25 10 2 11 22% 2505 35433 6388 57%
c v  0.39 18 117 7 8 1927 3 16165 5194 2.5 25 10 2 11 22% 2505 35433 6388 57%
c w  0.39 18 117 7 8 1927 3 16165 5190 2.5 25 10 2 11 22% 2505 35433 6388 57%
c x  0.40 18 117 7 8 1927 3 16165 5190 2.5 25 10 2 11 22% 2528 35260 6388 57%
c t  0.40 18 117 7 8 1927 3 16165 5190 2.5 25 10 2 11 22% 2496 35260 6388 57%
c f  0.40 18 117 7 8 1927 3 16165 5190 2.5 25 10 2 11 22% 2513 35217 6397 57%
c u  0.41 18 117 7 8 1927 3 16165 4953 2.5 25 10 2 11 22% 2515 35217 6397 57%
c
c seconds   switched   rate        size/glue  tier1     binary        remaining
c        MB  reductions  conflicts       size   tier2      irredundant
c          level  restarts    redundant     glue    trail        variables
c
c v  0.41 18 117 7 8 1927 3 16165 4845 2.5 25 10 2 11 22% 2515 35217 6397 57%
c w  0.41 18 117 7 8 1927 3 16165 4838 2.5 25 10 2 11 22% 2515 35217 6397 57%
c x  0.42 18 117 7 8 1927 3 16165 4837 2.5 25 10 2 11 22% 2521 35160 6397 57%
c =  0.43 18 117 7 8 1927 3 16165 4837 2.5 25 10 2 11 22% 2529 35154 6393 57%
c d  0.43 18 117 7 8 1927 3 16165 4837 2.5 25 10 2 11 22% 2519 35154 6393 57%
c t  0.43 18 117 7 8 1927 3 16165 4837 2.5 25 10 2 11 22% 2511 35154 6393 57%
c f  0.44 18 117 7 8 1927 3 16165 4837 2.5 25 10 2 11 22% 2516 35142 6395 57%
c -  0.45 18 113 7 9 1927 3 17314 4954 2.5 26 10 2 10 21% 2519 35142 6395 57%
c -  0.49 20 113 7 10 1930 3 20314 6243 2.5 30 12 2 11 21% 2539 35142 6395 57%
c ]  0.50 20 116 8 10 1930 3 21370 7262 2.5 32 13 2 11 22% 2542 35142 6395 57%
c {  0.50 20 70 8 10 1930 20 21370 7262 1.8 8 4 2 4 8% 2542 35142 6395 57%
c o  0.50 20 70 8 10 1935 20 21386 7273 1.8 8 4 2 4 8% 2544 35142 6395 57%
c -  0.53 20 69 8 11 2450 20 23476 7270 1.8 8 5 1 4 9% 2574 35140 6395 57%
c s  0.57 20 69 8 11 3017 20 25697 9295 1.8 9 5 1 4 9% 2618 35097 6395 57%
c e  0.58 20 69 8 11 3017 20 25697 9295 1.8 9 5 1 4 9% 2065 35882 6065 54%
c s  0.58 20 69 8 11 3017 20 25697 9295 1.8 9 5 1 4 9% 2116 35631 6065 54%
c e  0.59 20 69 8 11 3017 20 25697 9295 1.8 9 5 1 4 9% 2103 35648 6058 54%
c ^  0.59 20 69 8 11 3017 20 25697 9295 1.8 9 5 1 4 9% 2103 35648 6058 54%
c -  0.60 20 68 8 12 3240 20 26792 6795 1.8 9 5 1 4 9% 2112 35647 6058 54%
c }  0.61 20 68 9 12 3424 20 27530 7465 1.8 9 5 1 4 9% 2119 35647 6058 54%
c
c seconds   switched    rate        size/glue  tier1     binary        remaining
c        MB   reductions  conflicts       size   tier2      irredundant
c          level   restarts    redundant     glue    trail        variables
c
c [  0.61 20 116 9 12 3424 3 27530 7465 2.5 32 13 2 11 22% 2119 35647 6058 54%
c O  0.61 20 116 9 12 3424 3 27530 7465 2.5 32 13 2 11 22% 2119 35647 6058 54%
c u  0.62 20 115 9 12 3424 3 27651 7060 2.5 32 13 2 11 22% 2123 35647 6058 54%
c v  0.63 20 115 9 12 3424 3 27651 6422 2.5 32 13 2 11 22% 2123 35647 6058 54%
c w  0.63 20 115 9 12 3424 3 27651 6397 2.5 32 13 2 11 22% 2123 35647 6058 54%
c x  0.63 20 115 9 12 3424 3 27651 6395 2.5 32 13 2 11 22% 2128 35556 6058 54%
c =  0.66 20 115 9 12 3424 3 27651 6395 2.5 32 13 2 11 22% 2130 35556 6057 54%
c d  0.66 20 115 9 12 3424 3 27651 6395 2.5 32 13 2 11 22% 2128 35556 6057 54%
c t  0.66 20 115 9 12 3424 3 27651 6395 2.5 32 13 2 11 22% 2120 35556 6057 54%
c f  0.67 20 115 9 12 3424 3 27651 6395 2.5 32 13 2 11 22% 2193 35361 6094 54%
c u  0.67 20 115 9 12 3424 3 27651 6298 2.5 32 13 2 11 22% 2193 35361 6094 54%
c v  0.68 20 115 9 12 3424 3 27651 5800 2.5 32 13 2 11 22% 2193 35361 6094 54%
c w  0.68 20 115 9 12 3424 3 27651 5768 2.5 32 13 2 11 22% 2193 35361 6094 54%
c x  0.68 20 115 9 12 3424 3 27651 5768 2.5 32 13 2 11 22% 2216 35246 6094 54%
c t  0.71 20 115 9 12 3424 3 27651 5768 2.5 32 13 2 11 22% 2211 35246 6094 54%
c -  0.74 20 113 9 13 3426 3 30256 6876 2.5 33 13 2 12 22% 2222 35245 6094 54%
c -  0.78 21 108 9 14 3429 3 33861 8037 2.6 36 14 2 11 22% 2222 35245 6094 54%
c ]  0.84 21 108 10 14 3430 2 36614 10700 2.5 37 15 2 11 22% 2223 35245 6094 54%
c {  0.84 21 68 10 14 3430 20 36614 10700 1.8 9 5 1 4 9% 2223 35245 6094 54%
c -  0.85 21 68 10 15 3683 20 37602 8958 1.8 9 5 1 4 9% 2228 35245 6094 54%
c
c seconds   switched     rate         size/glue tier1    binary        remaining
c        MB   reductions   conflicts        size  tier2     irredundant
c         level    restarts      redundant    glue   trail        variables
c
c o  0.92 21 68 10 15 4631 20 41388 12485 1.8 10 6 1 4 10% 2252 35243 6094 54%
c -  0.92 21 68 10 16 4655 20 41474 10315 1.8 10 6 1 4 10% 2252 35243 6094 54%
c u  0.95 21 68 10 16 4904 20 42447 10526 1.8 10 6 1 4 10% 2259 35243 6094 54%
c v  0.96 21 68 10 16 4904 20 42447 10060 1.8 10 6 1 4 10% 2259 35243 6094 54%
c w  0.96 21 68 10 16 4904 20 42447 10024 1.8 10 6 1 4 10% 2259 35243 6094 54%
c x  0.97 21 68 10 16 4904 20 42447 10022 1.8 10 6 1 4 10% 2280 35124 6094 54%
c t  0.97 21 68 10 16 4904 20 42447 10022 1.8 10 6 1 4 10% 2274 35124 6094 54%
c }  1.02 21 69 11 16 5456 20 45241 12624 1.8 11 6 1 4 10% 2285 35123 6094 54%
c [  1.02 21 108 11 16 5456 2 45241 12624 2.5 37 15 2 11 22% 2285 35123 6094 54%
c B  1.02 21 108 11 16 5456 2 45241 12624 2.5 37 15 2 11 22% 2285 35123 6094 54%
c -  1.02 21 107 11 17 5456 2 45474 10644 2.5 37 15 2 10 22% 2285 35123 6094 54%
c -  1.08 21 105 11 18 5459 2 49598 11241 2.5 39 16 2 10 22% 2290 35123 6094 54%
c s  1.13 21 102 11 18 5462 2 53670 15205 2.5 40 16 2 10 22% 2292 35083 6094 54%
c e  1.15 21 102 11 18 5462 2 53670 15205 2.5 40 16 2 10 22% 1977 35679 5926 53%
c s  1.15 21 102 11 18 5462 2 53670 15205 2.5 40 16 2 10 22% 1978 35583 5926 53%
c e  1.15 21 102 11 18 5462 2 53670 15205 2.5 40 16 2 10 22% 1970 35596 5921 53%
c ^  1.15 21 102 11 18 5462 2 53670 15205 2.5 40 16 2 10 22% 1970 35596 5921 53%
c -  1.15 21 101 11 19 5462 2 53840 9038 2.5 40 16 2 10 22% 1970 35596 5921 53%
c W  1.20 21 100 11 19 5462 2 57465 12550 2.5 42 17 2 10 22% 1974 35596 5921 53%
c -  1.21 21 99 11 20 5463 2 58201 9904 2.5 42 16 2 11 22% 1974 35596 5921 53%
c
c seconds   switched    rate         size/glue  tier1     binary        remaining
c        MB   reductions  conflicts        size   tier2      irredundant
c         level    restarts     redundant     glue    trail        variables
c
c u  1.25 21 99 11 20 5465 2 60651 11607 2.5 42 17 2 11 22% 1975 35596 5921 53%
c v  1.26 21 99 11 20 5465 2 60651 11061 2.5 42 17 2 11 22% 1975 35596 5921 53%
c w  1.26 21 99 11 20 5465 2 60651 11053 2.5 42 17 2 11 22% 1975 35596 5921 53%
c x  1.27 21 99 11 20 5465 2 60651 11045 2.5 42 17 2 11 22% 1979 35445 5921 53%
c =  1.30 21 99 11 20 5465 2 60651 11045 2.5 42 17 2 11 22% 2935 35442 5443 48%
c d  1.30 21 99 11 20 5465 2 60651 11024 2.5 42 17 2 11 22% 1978 35442 5443 48%
c t  1.30 21 99 11 20 5465 2 60651 11024 2.5 42 17 2 11 22% 1975 35442 5443 48%
c u  1.32 21 99 11 20 5465 2 60651 10799 2.5 42 17 2 11 22% 1976 35442 5443 48%
c v  1.33 21 99 11 20 5465 2 60651 10082 2.5 42 17 2 11 22% 1977 35442 5443 48%
c w  1.33 21 99 11 20 5465 2 60651 10082 2.5 42 17 2 11 22% 1977 35442 5443 48%
c x  1.34 21 99 11 20 5465 2 60651 10080 2.5 42 17 2 11 22% 1979 35113 5443 48%
c t  1.37 21 99 11 20 5465 2 60651 10080 2.5 42 17 2 11 22% 1978 35113 5443 48%
c ]  1.38 21 99 12 20 5465 2 60973 10392 2.5 42 17 2 11 22% 1978 35113 5443 48%
c {  1.38 21 69 12 20 5465 20 60973 10392 1.8 11 6 1 4 10% 1978 35113 5443 48%
c -  1.40 21 68 12 21 5620 19 62674 9494 1.8 11 6 1 4 10% 1982 35113 5443 48%
c -  1.48 21 69 12 22 6556 19 67258 11755 1.8 11 6 1 4 11% 1994 35113 5443 48%
c o  1.57 21 69 12 22 7499 19 71404 15652 1.8 12 7 1 4 11% 2006 35113 5443 48%
c -  1.58 21 69 12 23 7579 19 71949 13699 1.8 12 7 1 4 11% 2008 35113 5443 48%
c }  1.59 22 69 13 23 7661 19 72454 14181 1.8 12 7 1 4 11% 2008 35113 5443 48%
c [  1.59 22 99 13 23 7661 2 72454 14181 2.5 42 17 2 11 22% 2008 35113 5443 48%
c
c seconds   switched    rate         size/glue  tier1     binary        remaining
c        MB   reductions  conflicts        size   tier2      irredundant
c         level    restarts     redundant     glue    trail        variables
c
c I  1.59 22 99 13 23 7661 2 72454 14181 2.5 42 17 2 11 22% 2008 35113 5443 48%
c -  1.65 22 98 13 24 7664 2 76744 14303 2.5 43 17 2 11 23% 2008 35113 5443 48%
c -  1.73 22 99 13 25 7667 2 81644 13477 2.5 46 19 2 11 24% 2008 35113 5443 48%
c u  1.75 22 100 13 25 7667 2 82406 13113 2.5 47 19 2 11 24% 2010 35113 5443 48%
c v  1.76 22 100 13 25 7667 2 82406 12325 2.5 47 19 2 11 24% 2011 35113 5443 48%
c w  1.77 22 100 13 25 7667 2 82406 12292 2.5 47 19 2 11 24% 2011 35113 5443 48%
c x  1.77 22 100 13 25 7667 2 82406 12281 2.5 47 19 2 11 24% 2020 32335 5443 48%
c t  1.78 22 100 13 25 7667 2 82406 12281 2.5 47 19 2 11 24% 2015 32335 5443 48%
c -  1.85 22 100 13 26 7669 2 86644 11344 2.4 49 20 2 12 25% 2016 32335 5443 48%
c ]  1.90 22 100 14 26 7671 2 89384 14022 2.4 49 20 2 12 25% 2016 32335 5443 48%
c {  1.90 22 69 14 26 7671 19 89384 14022 1.8 12 7 1 4 11% 2016 32335 5443 48%
c -  1.94 22 69 14 27 8009 18 91745 12909 1.8 12 7 1 3 11% 2024 32335 5443 48%
c -  2.03 22 69 14 28 8852 18 96941 15355 1.8 12 7 1 3 11% 2030 32335 5443 48%
c s  2.07 22 69 14 28 9207 18 98739 17022 1.8 12 7 1 3 12% 2030 31321 5443 48%
c e  2.09 22 69 14 28 9207 18 98739 17022 1.8 12 7 1 3 12% 902 29106 4079 36%
c s  2.10 22 69 14 28 9207 18 98739 17022 1.8 12 7 1 3 12% 917 28617 4079 36%
c e  2.10 22 69 14 28 9207 18 98739 17022 1.8 12 7 1 3 12% 889 28688 4066 36%
c ^  2.10 22 69 14 28 9207 18 98739 17022 1.8 12 7 1 3 12% 889 28688 4066 36%
c -  2.15 22 69 14 29 9631 17 102233 11386 1.8 13 7 1 3 12% 897 28688 4066 36%
c }  2.18 22 69 15 29 9956 17 104101 13129 1.8 13 7 1 3 12% 901 28688 4066 36%
c
c seconds    switched    rate          size/glue  tier1    binary        remaining
c        MB    reductions  conflicts         size   tier2     irredundant
c          level    restarts      redundant     glue    trail       variables
c
c [  2.18 22 100 15 29 9956 2 104101 13129 2.4 49 20 2 12 25% 901 28688 4066 36%
c B  2.18 22 100 15 29 9956 2 104101 13129 2.4 49 20 2 12 25% 901 28688 4066 36%
c -  2.23 22 100 15 30 9958 2 107619 13676 2.4 50 21 2 12 25% 901 28688 4066 36%
c u  2.25 22 100 15 30 9958 2 107960 12846 2.4 51 21 2 12 25% 902 28688 4066 36%
c v  2.26 22 100 15 30 9958 2 107960 11546 2.4 51 21 2 12 25% 903 28688 4066 36%
c w  2.26 22 100 15 30 9958 2 107960 11508 2.4 51 21 2 12 25% 903 28688 4066 36%
c x  2.27 22 100 15 30 9958 2 107960 11476 2.4 51 21 2 12 25% 916 28433 4066 36%
c t  2.33 22 100 15 30 9958 2 107960 11476 2.4 51 21 2 12 25% 909 28433 4066 36%
c f  2.34 22 100 15 30 9958 2 107960 11476 2.4 51 21 2 12 25% 912 28421 4067 36%
c u  2.35 22 100 15 30 9958 2 107960 11258 2.4 51 21 2 12 25% 912 28421 4067 36%
c v  2.36 22 100 15 30 9958 2 107960 11007 2.4 51 21 2 12 25% 912 28421 4067 36%
c w  2.37 22 100 15 30 9958 2 107960 10707 2.4 51 21 2 12 25% 912 28421 4067 36%
c x  2.37 22 100 15 30 9958 2 107960 10682 2.4 51 21 2 12 25% 915 28246 4067 36%
c t  2.38 22 100 15 30 9958 2 107960 10682 2.4 51 21 2 12 25% 914 28246 4067 36%
c -  2.45 22 100 15 31 9962 2 113096 11202 2.4 52 21 2 12 26% 916 28246 4067 36%
c -  2.54 22 100 15 32 9964 2 118664 11382 2.4 53 23 2 13 26% 916 28246 4067 36%
c -  2.66 22 98 15 33 9968 2 124320 11586 2.3 55 24 2 13 27% 916 28246 4067 36%
c ]  2.67 22 98 16 33 9969 2 124895 12146 2.3 55 24 2 13 27% 916 28246 4067 36%
c {  2.67 22 69 16 33 9969 17 124895 12146 1.8 13 7 1 3 12% 916 28246 4067 36%
c o  2.67 22 69 16 33 9974 17 124915 12165 1.8 13 7 1 3 12% 916 28246 4067 36%
c
c seconds   switched      rate          size/glue tier1   binary        remaining
c        MB   reductions    conflicts         size  tier2    irredundant
c         level    restarts        redundant    glue   trail       variables
c
c -  2.74 22 70 16 34 10550 16 130064 14157 1.8 13 7 1 4 12% 920 28246 4067 36%
c -  2.83 22 69 16 35 11271 16 135894 16898 1.8 13 7 1 4 13% 926 28245 4067 36%
c u  2.87 22 70 16 35 11528 16 137640 17553 1.8 13 7 1 4 13% 931 28245 4067 36%
c v  2.88 22 70 16 35 11528 16 137640 16746 1.8 13 7 1 4 13% 933 28245 4067 36%
c w  2.89 22 70 16 35 11528 16 137640 16725 1.8 13 7 1 4 13% 933 28245 4067 36%
c x  2.90 22 70 16 35 11528 16 137640 16718 1.8 13 7 1 4 13% 981 27932 4067 36%
c t  2.90 22 70 16 35 11528 16 137640 16718 1.8 13 7 1 4 13% 971 27932 4067 36%
c -  2.98 22 70 16 36 12095 16 141810 17226 1.8 13 7 1 4 13% 973 27932 4067 36%
c }  3.01 22 70 17 36 12263 16 143232 18547 1.8 13 7 1 4 13% 975 27932 4067 36%
c [  3.01 22 98 17 36 12263 2 143232 18547 2.3 55 24 2 13 27% 975 27932 4067 36%
c W  3.02 22 98 17 36 12263 2 143232 18547 2.3 55 24 2 13 27% 975 27932 4067 36%
c -  3.08 22 97 17 37 12266 2 147812 17827 2.3 55 24 2 13 27% 975 27932 4067 36%
c -  3.18 22 97 17 38 12269 2 153895 17130 2.3 55 24 2 13 27% 976 27932 4067 36%
c -  3.30 23 97 17 39 12273 2 160059 16665 2.3 56 25 2 13 28% 977 27932 4067 36%
c s  3.38 23 97 17 39 12275 2 163887 20413 2.3 58 25 2 13 28% 981 27915 4067 36%
c e  3.40 23 97 17 39 12275 2 163887 20413 2.3 58 25 2 13 28% 508 31053 3663 33%
c 2  3.40 23 97 17 39 12275 2 163887 20413 2.3 58 25 2 13 28% 507 31053 3663 33%
c s  3.40 23 97 17 39 12275 2 163887 20413 2.3 58 25 2 13 28% 516 30492 3663 33%
c e  3.40 23 97 17 39 12275 2 163887 20413 2.3 58 25 2 13 28% 501 30535 3657 33%
c ^  3.40 23 97 17 39 12275 2 163887 20413 2.3 58 25 2 13 28% 501 30535 3657 33%
c
c seconds   switched     rate          size/glue  tier1    binary        remaining
c        MB   reductions   conflicts         size   tier2     irredundant
c         level    restarts       redundant     glue    trail       variables
c
c -  3.44 23 96 17 40 12276 2 166303 10486 2.3 58 25 2 13 28% 501 30535 3657 33%
c ]  3.45 23 96 18 40 12276 2 166783 10951 2.3 58 25 2 13 28% 501 30535 3657 33%
c {  3.45 23 70 18 40 12276 16 166783 10951 1.8 13 7 1 4 13% 501 30535 3657 33%
c u  3.51 23 70 18 40 12464 15 171261 13908 1.8 13 7 1 4 13% 514 30531 3657 33%
c v  3.52 23 70 18 40 12464 15 171261 12580 1.8 13 7 1 4 13% 514 30531 3657 33%
c w  3.53 23 70 18 40 12464 15 171261 12559 1.8 13 7 1 4 13% 514 30531 3657 33%
c x  3.54 23 70 18 40 12464 15 171261 12498 1.8 13 7 1 4 13% 515 30238 3657 33%
c t  3.57 23 70 18 40 12464 15 171261 12498 1.8 13 7 1 4 13% 514 30238 3657 33%
c -  3.60 23 70 18 41 12522 15 172628 12116 1.8 13 7 1 4 13% 518 30238 3657 33%
c o  3.62 23 70 18 41 12626 14 174927 14208 1.8 13 7 1 4 13% 520 30237 3657 33%
c -  3.67 23 70 18 42 12872 14 179032 16129 1.9 13 7 1 4 13% 527 30236 3657 33%
c -  3.78 23 70 18 43 13375 13 185513 18868 1.9 14 7 1 4 13% 532 30234 3657 33%
c }  3.84 23 69 19 43 13705 13 189130 22184 1.9 14 7 1 4 13% 535 30234 3657 33%
c [  3.84 23 96 19 43 13705 2 189130 22184 2.3 58 25 2 13 28% 535 30234 3657 33%
c O  3.84 23 96 19 43 13705 2 189130 22184 2.3 58 25 2 13 28% 535 30234 3657 33%
c -  3.89 23 96 19 44 13707 2 192070 20229 2.3 57 25 2 13 28% 535 30234 3657 33%
c -  4.00 23 96 19 45 13711 2 198704 18770 2.3 59 26 2 13 29% 535 30234 3657 33%
c -  4.11 23 96 19 46 13714 2 205413 16473 2.3 59 26 2 13 29% 536 30234 3657 33%
c u  4.18 23 96 19 46 13717 2 208725 18474 2.2 59 27 2 13 29% 538 30234 3657 33%
c v  4.19 23 96 19 46 13717 2 208725 17171 2.2 59 27 2 13 29% 538 30234 3657 33%
c
c seconds   switched     rate          size/glue  tier1    binary        remaining
c        MB   reductions   conflicts         size   tier2     irredundant
c         level    restarts       redundant     glue    trail       variables
c
c w  4.20 23 96 19 46 13717 2 208725 17167 2.2 59 27 2 13 29% 538 30234 3657 33%
c x  4.21 24 96 19 46 13717 2 208725 17147 2.2 59 27 2 13 29% 552 29952 3657 33%
c t  4.21 24 96 19 46 13717 2 208725 17147 2.2 59 27 2 13 29% 545 29952 3657 33%
c -  4.28 24 96 19 47 13718 2 212197 14745 2.2 59 27 2 13 29% 545 29952 3657 33%
c ]  4.34 24 96 20 47 13719 2 216241 18666 2.2 59 27 2 13 29% 545 29952 3657 33%
c {  4.34 24 69 20 47 13719 13 216241 18666 1.9 14 7 1 4 13% 545 29952 3657 33%
c -  4.38 24 70 20 48 13999 13 219052 16791 1.9 14 7 1 4 13% 547 29951 3657 33%
c -  4.48 24 69 20 49 14691 13 225981 19952 1.9 14 7 1 4 13% 550 29950 3657 33%
c -  4.61 24 69 20 50 15571 13 232981 22139 1.9 14 8 1 4 14% 554 29950 3657 33%
c o  4.66 24 69 20 50 15837 13 234928 23961 1.9 14 8 1 4 14% 555 29950 3657 33%
c -  4.76 24 69 20 51 16499 13 240054 23994 1.9 14 8 1 4 14% 556 29950 3657 33%
c }  4.83 24 69 21 51 16866 13 242981 26706 1.9 14 8 1 4 14% 556 29950 3657 33%
c [  4.83 24 96 21 51 16866 2 242981 26706 2.2 59 27 2 13 29% 556 29950 3657 33%
c B  4.83 24 96 21 51 16866 2 242981 26706 2.2 59 27 2 13 29% 556 29950 3657 33%
c -  4.89 24 96 21 52 16869 2 247196 24373 2.2 59 27 2 13 29% 556 29950 3657 33%
c s  4.93 24 95 21 52 16871 2 249802 26892 2.2 59 27 2 13 29% 556 29935 3657 33%
c e  4.95 24 95 21 52 16871 2 249802 26892 2.2 59 27 2 13 29% 299 35203 3257 29%
c s  4.96 24 95 21 52 16871 2 249802 26892 2.2 59 27 2 13 29% 302 33848 3257 29%
c e  4.96 24 95 21 52 16871 2 249802 26892 2.2 59 27 2 13 29% 293 34093 3241 29%
c !  4.96 24 95 21 52 16871 2 249802 26892 2.2 59 27 2 13 29% 293 34093 3241 29%
c
c seconds   switched     rate          size/glue  tier1    binary        remaining
c        MB   reductions   conflicts         size   tier2     irredundant
c         level    restarts       redundant     glue    trail       variables
c
c u  4.98 24 95 21 52 16871 2 250274 14753 2.2 59 27 2 13 29% 296 34093 3241 29%
c v  5.00 24 95 21 52 16871 2 250274 12757 2.2 59 27 2 13 29% 296 34093 3241 29%
c w  5.01 24 95 21 52 16871 2 250274 12677 2.2 59 27 2 13 29% 296 34093 3241 29%
c x  5.03 24 95 21 52 16871 2 250274 12567 2.2 59 27 2 13 29% 298 33568 3241 29%
c t  5.03 24 95 21 52 16871 2 250274 12567 2.2 59 27 2 13 29% 296 33568 3241 29%
c f  5.04 24 95 21 52 16871 2 250274 12567 2.2 59 27 2 13 29% 301 33522 3243 29%
c u  5.05 24 95 21 52 16871 2 250274 12341 2.2 59 27 2 13 29% 301 33522 3243 29%
c v  5.07 24 95 21 52 16871 2 250274 11906 2.2 59 27 2 13 29% 301 33522 3243 29%
c w  5.08 24 95 21 52 16871 2 250274 11430 2.2 59 27 2 13 29% 301 33522 3243 29%
c x  5.10 24 95 21 52 16871 2 250274 11424 2.2 59 27 2 13 29% 305 33203 3243 29%
c t  5.10 24 95 21 52 16871 2 250274 11424 2.2 59 27 2 13 29% 304 33203 3243 29%
c -  5.14 24 95 21 53 16872 2 254407 11126 2.2 58 26 2 13 29% 304 33203 3243 29%
c -  5.24 24 96 21 54 16877 2 261687 12844 2.2 58 26 2 13 28% 304 33203 3243 29%
c -  5.34 24 96 21 55 16880 2 269035 14389 2.2 58 26 2 13 28% 304 33203 3243 29%
c W  5.43 24 95 21 55 16880 2 274432 19651 2.2 57 26 2 13 28% 304 33203 3243 29%
c -  5.46 24 95 21 56 16881 2 276452 15536 2.2 57 26 2 13 28% 304 33203 3243 29%
c -  5.57 24 95 21 57 16886 2 283935 16301 2.2 57 26 2 13 28% 304 33203 3243 29%
c ]  5.67 24 95 22 57 16890 2 291237 23321 2.2 57 26 2 13 28% 304 33203 3243 29%
c {  5.67 24 69 22 57 16890 13 291237 23321 1.9 14 8 1 4 14% 304 33203 3243 29%
c -  5.68 24 69 22 58 16902 13 291485 16297 1.9 14 8 1 4 14% 306 33203 3243 29%
c
c seconds   switched      rate          size/glue tier1   binary        remaining
c        MB   reductions    conflicts         size  tier2    irredundant
c         level    restarts        redundant    glue   trail       variables
c
c u  5.74 24 69 22 58 17081 12 295671 19491 1.9 14 8 1 4 14% 309 33201 3243 29%
c v  5.75 24 69 22 58 17081 12 295671 18723 1.9 14 8 1 4 14% 309 33201 3243 29%
c w  5.76 24 69 22 58 17081 12 295671 18663 1.9 14 8 1 4 14% 309 33201 3243 29%
c x  5.77 24 69 22 58 17081 12 295671 18660 1.9 14 8 1 4 14% 309 33172 3243 29%
c t  5.84 24 69 22 58 17081 12 295671 18660 1.9 14 8 1 4 14% 308 33172 3243 29%
c -  5.89 24 69 22 59 17256 12 299101 18244 1.9 14 8 1 4 14% 308 33172 3243 29%
c o  5.97 24 68 22 59 17551 11 304928 23481 1.9 14 8 1 4 14% 310 33172 3243 29%
c -  6.01 24 68 22 60 17708 11 306782 21612 1.9 14 8 1 4 14% 312 33172 3243 29%
c -  6.17 24 68 22 61 18454 11 314528 24152 1.9 14 8 1 4 14% 315 33172 3243 29%
c -  6.34 24 67 22 62 19123 11 322339 26251 1.9 14 8 1 4 14% 315 33171 3243 29%
c }  6.35 24 67 23 62 19157 11 322753 26640 1.9 14 8 1 4 14% 315 33171 3243 29%
c [  6.35 24 95 23 62 19157 2 322753 26640 2.2 57 26 2 13 28% 315 33171 3243 29%
c I  6.35 24 95 23 62 19157 2 322753 26640 2.2 57 26 2 13 28% 315 33171 3243 29%
c -  6.45 24 95 23 63 19162 2 330213 25607 2.2 56 26 2 13 28% 315 33171 3243 29%
c -  6.61 29 94 23 64 19166 2 338150 21144 2.1 57 27 2 13 29% 315 33171 3243 29%
c u  6.74 29 94 23 64 19170 2 345257 26167 2.1 57 27 2 13 28% 315 33171 3243 29%
c v  6.77 29 94 23 64 19170 2 345257 23244 2.1 57 27 2 13 28% 315 33171 3243 29%
c w  6.79 34 94 23 64 19170 2 345257 23187 2.1 57 27 2 13 28% 315 33171 3243 29%
c -  6.81 36 94 23 65 19170 2 346150 15974 2.1 57 27 2 13 28% 315 33171 3243 29%
c -  6.94 36 93 23 66 19171 1 354213 16500 2.1 58 27 2 14 28% 315 33171 3243 29%
c
c seconds   switched     rate          size/glue  tier1    binary        remaining
c        MB   reductions   conflicts         size   tier2     irredundant
c         level    restarts       redundant     glue    trail       variables
c
c s  7.00 36 92 23 66 19173 1 357540 19743 2.1 59 27 2 14 28% 317 33144 3243 29%
c e  7.01 36 92 23 66 19173 1 357540 19743 2.1 59 27 2 14 28% 272 33487 3217 29%
c s  7.01 36 92 23 66 19173 1 357540 19743 2.1 59 27 2 14 28% 273 33370 3217 29%
c e  7.01 36 92 23 66 19173 1 357540 19743 2.1 59 27 2 14 28% 269 33390 3216 29%
c B  7.08 36 92 23 66 19177 1 362193 22825 2.1 58 27 2 14 28% 269 33390 3216 29%
c -  7.08 36 92 23 67 19177 1 362338 16110 2.1 58 27 2 14 28% 269 33390 3216 29%
c -  7.24 36 93 23 68 19181 1 370523 17112 2.1 60 28 2 14 28% 270 33390 3216 29%
c ]  7.25 36 93 24 68 19181 1 371376 17947 2.1 60 28 2 14 28% 270 33390 3216 29%
c {  7.25 36 67 24 68 19181 11 371376 17947 1.9 14 8 1 4 14% 270 33390 3216 29%
c -  7.36 36 67 24 69 19950 11 378769 20028 1.9 15 8 1 4 14% 270 33390 3216 29%
c o  7.47 36 68 24 69 20708 11 384936 25777 1.9 15 8 1 4 14% 272 33390 3216 29%
c -  7.52 36 68 24 70 21015 11 387075 24454 1.9 15 8 1 4 14% 272 33390 3216 29%
c -  7.70 36 68 24 71 22062 11 395441 27062 1.9 15 8 1 4 14% 272 33390 3216 29%
c u  7.81 36 68 24 71 22555 11 399109 29075 1.9 15 8 1 4 14% 272 33390 3216 29%
c v  7.83 36 68 24 71 22555 11 399109 27937 1.9 15 8 1 4 14% 272 33390 3216 29%
c w  7.84 36 68 24 71 22555 11 399109 27922 1.9 15 8 1 4 14% 272 33390 3216 29%
c x  7.86 36 68 24 71 22555 11 399109 27912 1.9 15 8 1 4 14% 272 33304 3216 29%
c t  7.86 36 68 24 71 22555 11 399109 27912 1.9 15 8 1 4 14% 271 33304 3216 29%
c f  7.86 36 68 24 71 22555 11 399109 27912 1.9 15 8 1 4 14% 277 33260 3218 29%
c u  7.88 36 68 24 71 22555 11 399109 27404 1.9 15 8 1 4 14% 277 33260 3218 29%
c
c seconds   switched      rate          size/glue tier1   binary        remaining
c        MB   reductions    conflicts         size  tier2    irredundant
c         level    restarts        redundant    glue   trail       variables
c
c v  7.92 36 68 24 71 22555 11 399109 25092 1.9 15 8 1 4 14% 278 33260 3218 29%
c w  7.93 36 68 24 71 22555 11 399109 25013 1.9 15 8 1 4 14% 278 33260 3218 29%
c -  8.03 36 68 24 72 23049 11 403867 24503 1.9 15 8 1 4 14% 278 33260 3218 29%
c }  8.11 36 69 25 72 23507 11 408055 28440 1.9 15 8 1 4 14% 278 33260 3218 29%
c [  8.11 36 93 25 72 23507 1 408055 28440 2.1 60 28 2 14 28% 278 33260 3218 29%
c W  8.12 36 93 25 72 23507 1 408055 28440 2.1 60 28 2 14 28% 278 33260 3218 29%
c -  8.19 36 93 25 73 23510 1 412356 25759 2.1 59 28 2 14 28% 278 33260 3218 29%
c -  8.32 36 92 25 74 23514 1 420901 24200 2.1 58 28 2 14 28% 278 33260 3218 29%
c -  8.46 36 92 25 75 23520 1 429503 21879 2.1 57 27 2 14 28% 278 33260 3218 29%
c -  8.60 36 91 25 76 23521 1 438163 21459 2.1 57 27 2 14 28% 278 33260 3218 29%
c -  8.76 36 91 25 77 23526 1 446880 20918 2.0 56 27 2 14 28% 278 33260 3218 29%
c -  8.91 36 90 25 78 23530 1 455654 21022 2.0 56 28 2 14 27% 278 33260 3218 29%
c O  8.92 36 90 25 78 23531 1 456216 21549 2.0 56 28 2 14 27% 278 33260 3218 29%
c u  8.95 36 90 25 78 23531 1 457273 21347 2.0 56 28 2 14 27% 278 33260 3218 29%
c v  8.98 36 90 25 78 23531 1 457273 19597 2.0 56 28 2 14 27% 278 33260 3218 29%
c w  9.00 36 90 25 78 23531 1 457273 19410 2.0 56 28 2 14 27% 278 33260 3218 29%
c -  9.11 36 90 25 79 23535 1 464485 19273 2.0 56 27 2 14 27% 278 33260 3218 29%
c ]  9.12 36 90 26 79 23535 1 465239 20014 2.0 56 27 2 14 27% 278 33260 3218 29%
c {  9.12 36 69 26 79 23535 11 465239 20014 1.9 15 8 1 4 14% 278 33260 3218 29%
c -  9.26 36 69 26 80 24283 11 473373 22871 1.9 15 8 1 4 14% 279 33260 3218 29%
c
c seconds   switched      rate          size/glue tier1   binary        remaining
c        MB   reductions    conflicts         size  tier2    irredundant
c         level    restarts        redundant    glue   trail       variables
c
c o  9.29 36 69 26 80 24451 11 475261 24617 1.9 15 8 1 4 14% 279 33260 3218 29%
c -  9.45 36 69 26 81 25383 11 482319 27043 1.9 15 8 1 4 15% 282 33260 3218 29%
c s  9.60 36 69 26 81 26110 11 489493 33649 1.9 15 8 1 4 15% 282 33238 3218 29%
c e  9.60 36 69 26 81 26110 11 489493 33649 1.9 15 8 1 4 15% 273 33363 3210 29%
c s  9.60 36 69 26 81 26110 11 489493 33649 1.9 15 8 1 4 15% 273 33336 3210 29%
c -  9.65 36 69 26 82 26297 11 491320 29717 1.9 15 8 1 4 15% 273 33336 3210 29%
c -  9.87 36 69 26 83 27338 11 500376 32089 1.9 16 8 1 4 15% 273 33336 3210 29%
c } 10.07 36 69 27 83 28275 11 507457 38644 1.9 16 8 1 4 15% 273 33336 3210 29%
c [ 10.07 36 90 27 83 28275 1 507457 38644 2.0 56 27 2 14 27% 273 33336 3210 29%
c B 10.09 36 90 27 83 28276 1 509005 40140 2.0 56 27 2 14 27% 273 33336 3210 29%
c - 10.10 36 90 27 84 28276 1 509486 33361 2.0 56 27 2 14 27% 273 33336 3210 29%
c - 10.27 37 90 27 85 28281 1 518652 30876 2.0 56 28 2 14 28% 273 33336 3210 29%
c u 10.31 37 91 27 85 28281 1 519833 30297 2.0 57 28 2 14 28% 273 33336 3210 29%
c v 10.34 37 91 27 85 28281 1 519833 28459 2.0 57 28 2 14 28% 273 33336 3210 29%
c w 10.36 37 91 27 85 28281 1 519833 28448 2.0 57 28 2 14 28% 273 33336 3210 29%
c x 10.38 37 91 27 85 28281 1 519833 28416 2.0 57 28 2 14 28% 274 33208 3210 29%
c - 10.72 37 90 27 86 28287 1 527871 23309 2.0 57 28 2 14 28% 274 33208 3210 29%
c - 10.89 37 90 27 87 28289 1 537144 22514 2.0 57 29 2 14 28% 274 33208 3210 29%
c - 11.05 37 89 27 88 28294 1 546471 22668 2.0 57 29 2 14 28% 274 33208 3210 29%
c - 11.25 37 89 27 89 28299 1 555851 23323 2.0 58 29 2 14 28% 274 33208 3210 29%
c
c seconds   switched     rate          size/glue  tier1    binary        remaining
c        MB   reductions   conflicts         size   tier2     irredundant
c         level    restarts       redundant     glue    trail       variables
c
c - 11.40 37 89 27 90 28303 1 565285 23335 2.0 58 29 2 14 29% 274 33208 3210 29%
c W 11.44 37 89 27 90 28304 1 566589 24609 2.0 58 29 2 14 29% 274 33208 3210 29%
c - 11.56 37 88 27 91 28305 1 574771 23848 2.0 58 29 2 14 29% 274 33208 3210 29%
c ] 11.65 37 87 28 91 28305 1 580930 29891 2.0 58 29 2 14 29% 274 33208 3210 29%
c { 11.65 37 69 28 91 28305 11 580930 29891 1.9 16 8 1 4 15% 274 33208 3210 29%
c o 11.65 37 69 28 91 28311 11 580956 29917 1.9 16 8 1 4 15% 274 33208 3210 29%
c - 11.71 37 69 28 92 28547 11 584312 25379 1.9 16 8 1 4 15% 274 33208 3210 29%
c u 11.77 37 69 28 92 28757 11 586851 26115 1.9 16 8 1 4 15% 274 33208 3210 29%
c v 11.80 37 69 28 92 28757 11 586851 23864 1.9 16 8 1 4 15% 274 33208 3210 29%
c w 11.81 37 69 28 92 28757 11 586851 23643 1.9 16 8 1 4 15% 274 33208 3210 29%
c - 11.93 37 69 28 93 29332 11 593903 25986 1.9 16 8 1 4 15% 274 33208 3210 29%
c - 12.13 37 69 28 94 30267 11 603547 29812 1.9 16 9 1 4 15% 274 33208 3210 29%
c - 12.34 37 69 28 95 31143 11 613242 32680 1.9 16 9 1 4 15% 275 33208 3210 29%
c - 12.59 37 69 28 96 32252 11 622988 34743 1.9 16 9 1 4 15% 275 33208 3210 29%
c } 12.76 37 70 29 96 33041 11 629069 40458 1.9 16 9 1 4 15% 275 33208 3210 29%
c [ 12.76 37 87 29 96 33041 1 629069 40458 2.0 58 29 2 14 29% 275 33208 3210 29%
c I 12.76 37 87 29 96 33041 1 629139 40528 2.0 58 28 2 14 29% 275 33208 3210 29%
c - 12.82 37 87 29 97 33043 1 632785 35603 2.0 57 28 2 14 29% 275 33208 3210 29%
c - 12.99 37 87 29 98 33049 1 642633 32554 2.0 58 28 2 14 29% 275 33208 3210 29%
c s 13.06 37 88 29 98 33052 1 647000 36796 2.0 58 29 2 14 29% 275 33200 3210 29%
c
c seconds   switched     rate          size/glue  tier1    binary        remaining
c        MB   reductions   conflicts         size   tier2     irredundant
c         level    restarts       redundant     glue    trail       variables
c
c e 13.06 37 88 29 98 33052 1 647000 36796 2.0 58 29 2 14 29% 274 33217 3209 29%
c s 13.06 37 88 29 98 33052 1 647000 36796 2.0 58 29 2 14 29% 274 33215 3209 29%
c - 13.16 37 87 29 99 33054 1 652533 27846 2.0 58 28 2 14 29% 274 33215 3209 29%
c u 13.30 37 87 29 99 33055 1 658368 30966 2.0 58 28 2 14 29% 274 33215 3209 29%
c v 13.34 37 87 29 99 33055 1 658368 27850 2.0 58 28 2 14 29% 274 33215 3209 29%
c w 13.38 38 87 29 99 33055 1 658368 27740 2.0 58 28 2 14 29% 274 33215 3209 29%
c - 13.46 38 87 29 100 33056 1 662484 22447 2.0 58 29 2 14 29% 274 33215 3209 29%
c - 13.64 38 88 29 101 33062 1 672485 22938 2.0 59 29 2 14 29% 274 33215 3209 29%
c - 13.81 38 88 29 102 33068 1 682534 24145 2.0 59 29 2 14 29% 274 33215 3209 29%
c - 13.97 38 88 29 103 33070 1 692634 24592 2.1 59 29 2 14 29% 274 33215 3209 29%
c B 14.04 38 88 29 103 33071 1 696823 28674 2.1 59 29 2 14 29% 274 33215 3209 29%
c o 14.04 38 88 29 103 33071 1 696823 28674 2.1 59 29 2 14 29% 274 33215 3209 29%
c - 14.18 38 89 29 104 33071 1 702782 24314 2.0 60 29 2 14 29% 274 33215 3209 29%
c ] 14.30 38 89 30 104 33071 1 707389 28845 2.0 61 30 2 14 29% 274 33215 3209 29%
c { 14.30 38 70 30 104 33071 11 707389 28845 1.9 16 9 1 4 15% 274 33215 3209 29%
c - 14.40 38 70 30 105 33479 11 712980 26456 1.9 16 9 1 4 15% 274 33215 3209 29%
c - 14.61 38 70 30 106 34403 11 723227 31309 1.9 16 9 1 4 15% 274 33215 3209 29%
c - 14.86 38 70 30 107 35476 11 733522 34907 1.9 17 9 1 4 15% 274 33215 3209 29%
c u 14.92 38 70 30 107 35562 11 734438 33812 1.9 17 9 1 4 15% 274 33215 3209 29%
c v 14.96 38 70 30 107 35562 11 734438 30827 1.9 17 9 1 4 15% 274 33215 3209 29%
c
c seconds   switched       rate          size/glue tier1   binary        remaining
c        MB   reductions     conflicts         size  tier2    irredundant
c         level     restarts        redundant    glue   trail       variables
c
c w 14.98 38 70 30 107 35562 11 734438 30642 1.9 17 9 1 4 15% 274 33215 3209 29%
c - 15.18 38 70 30 108 36366 10 743866 33015 1.9 17 9 1 4 15% 274 33215 3209 29%
c - 15.42 38 70 30 109 37309 10 754259 35669 1.9 17 9 1 4 16% 274 33215 3209 29%
c } 15.62 38 70 31 109 38088 10 761824 42789 1.9 17 9 1 4 16% 274 33215 3209 29%
c [ 15.62 38 89 31 109 38088 1 761824 42789 2.0 61 30 2 14 29% 274 33215 3209 29%
c - 15.66 38 89 31 110 38090 1 764699 37076 2.0 61 30 2 14 29% 274 33215 3209 29%
c W 15.76 38 90 31 110 38093 1 769799 42072 2.0 60 30 2 14 29% 274 33215 3209 29%
c - 15.86 38 90 31 111 38095 1 775187 34371 2.0 61 30 2 14 29% 274 33215 3209 29%
c - 16.04 38 89 31 112 38101 1 785723 29772 2.0 60 29 2 14 29% 274 33215 3209 29%
c - 16.22 38 88 31 113 38104 1 796306 28107 2.0 59 29 2 14 29% 274 33215 3209 29%
c - 16.41 38 87 31 114 38109 1 806937 27907 2.0 59 29 2 14 29% 274 33215 3209 29%
c u 16.59 38 87 31 114 38115 1 815112 34061 2.0 59 29 2 14 29% 274 33215 3209 29%
c v 16.61 38 87 31 114 38115 1 815112 31974 2.0 59 29 2 14 29% 274 33215 3209 29%
c w 16.64 38 87 31 114 38115 1 815112 31926 2.0 59 29 2 14 29% 274 33215 3209 29%
c x 16.67 38 87 31 114 38115 1 815112 31918 2.0 59 29 2 14 29% 274 33129 3209 29%
c - 16.72 38 88 31 115 38116 1 817614 25095 2.0 58 29 2 14 28% 274 33129 3209 29%
c - 16.90 38 88 31 116 38118 1 828337 25301 2.0 58 29 2 14 29% 274 33129 3209 29%
c s 16.95 38 88 31 116 38118 1 831447 28336 2.0 58 29 2 14 29% 274 33128 3209 29%
c e 16.95 38 88 31 116 38118 1 831447 28336 2.0 58 29 2 14 29% 265 33216 3203 29%
c s 16.95 38 88 31 116 38118 1 831447 28336 2.0 58 29 2 14 29% 265 33185 3203 29%
c
c seconds   switched      rate          size/glue  tier1    binary        remaining
c        MB   reductions    conflicts         size   tier2     irredundant
c         level     restarts       redundant     glue    trail       variables
c
c e 16.95 38 88 31 116 38118 1 831447 28336 2.0 58 29 2 14 29% 265 33201 3202 29%
c o 16.95 38 88 31 116 38118 1 831447 27586 2.0 58 29 2 14 29% 265 33201 3202 29%
c - 17.15 38 89 31 117 38118 1 839107 24070 2.0 60 30 2 14 29% 265 33201 3202 29%
c O 17.35 38 89 31 117 38121 1 848229 33010 2.0 61 31 2 14 28% 265 33201 3202 29%
c ] 17.37 38 89 32 117 38122 1 849421 34166 2.0 61 31 2 14 28% 265 33201 3202 29%
c { 17.37 38 70 32 117 38122 10 849421 34166 1.9 17 9 1 4 16% 265 33201 3202 29%
c - 17.38 38 70 32 118 38143 10 849923 24870 1.9 17 9 1 4 16% 265 33201 3202 29%
c - 17.57 38 70 32 119 38894 10 860785 30457 1.9 17 9 1 4 16% 266 33200 3202 29%
c - 17.83 38 70 32 120 39891 10 871694 34973 1.9 17 9 1 4 16% 266 33200 3202 29%
c - 18.11 38 70 32 121 40959 10 882650 38000 1.9 17 9 1 4 16% 266 33200 3202 29%
c - 18.43 38 70 32 122 42184 10 893653 40244 1.9 17 9 1 4 16% 266 33200 3202 29%
c u 18.67 38 70 32 122 42958 10 900460 44318 1.9 18 9 1 4 16% 266 33200 3202 29%
c v 18.73 38 70 32 122 42958 10 900460 40326 1.9 18 9 1 4 16% 266 33200 3202 29%
c w 18.75 38 70 32 122 42958 10 900460 40221 1.9 18 9 1 4 16% 266 33200 3202 29%
c - 18.86 38 71 32 123 43291 10 904698 36442 1.9 18 9 1 4 16% 266 33200 3202 29%
c } 19.01 38 71 33 123 43857 10 910526 41926 1.9 18 9 1 4 16% 266 33200 3202 29%
c [ 19.01 38 89 33 123 43857 1 910526 41926 2.0 61 31 2 14 28% 266 33200 3202 29%
c - 19.11 38 89 33 124 43861 1 915789 37393 2.0 61 30 2 14 29% 266 33200 3202 29%
c - 19.31 38 87 33 125 43866 1 926925 34483 2.0 60 30 2 14 29% 266 33200 3202 29%
c B 19.41 38 87 33 125 43870 1 932266 39727 2.0 60 30 2 14 29% 266 33200 3202 29%
c
c seconds   switched      rate          size/glue  tier1    binary        remaining
c        MB   reductions    conflicts         size   tier2     irredundant
c         level     restarts       redundant     glue    trail       variables
c
c - 19.53 38 87 33 126 43871 1 938106 30347 2.0 60 30 2 14 29% 266 33200 3202 29%
c - 19.80 38 86 33 127 43876 1 949330 28554 2.0 60 30 2 14 29% 266 33200 3202 29%
c - 20.03 38 86 33 128 43882 1 960603 28404 2.0 60 30 2 14 29% 266 33200 3202 29%
c o 20.09 38 85 33 128 43885 1 964239 31937 2.0 60 30 2 14 29% 266 33200 3202 29%
c - 20.26 38 86 33 129 43886 1 971916 28673 2.0 60 30 2 14 29% 266 33200 3202 29%
c - 20.52 38 86 33 130 43887 1 983274 28561 2.0 62 31 2 14 29% 266 33200 3202 29%
c u 20.71 38 86 33 130 43887 1 990503 33347 2.0 63 31 2 14 29% 266 33200 3202 29%
c v 20.73 38 86 33 130 43887 1 990503 31132 2.0 63 31 2 14 29% 266 33200 3202 29%
c w 20.81 40 86 33 130 43887 1 990503 31015 2.0 63 31 2 14 29% 266 33200 3202 29%
c - 21.16 40 86 33 131 43889 1 994676 24356 2.0 64 31 2 14 29% 266 33200 3202 29%
c ] 21.35 40 86 34 131 43894 1 1004998 34459 2.0 63 31 2 14 29% 266 33200 3202 29%
c { 21.35 40 71 34 131 43894 10 1004998 34459 1.9 18 9 1 4 16% 266 33200 3202 29%
c - 21.37 40 71 34 132 43918 10 1006122 26163 1.9 18 9 1 4 16% 266 33200 3202 29%
c - 21.60 40 71 34 133 44476 10 1017611 31602 1.9 18 9 1 4 16% 267 33200 3202 29%
c - 21.85 40 70 34 134 45022 9 1029144 36397 1.9 18 9 1 4 16% 267 33200 3202 29%
c - 22.16 40 69 34 135 45784 9 1040720 39882 1.9 18 9 1 4 16% 267 33200 3202 29%
c s 22.26 40 69 34 135 46004 9 1044159 43114 1.9 18 9 1 4 16% 267 33188 3202 29%
c - 22.52 40 69 34 136 46622 9 1052340 42511 1.9 18 9 1 4 16% 268 33188 3202 29%
c - 22.90 40 68 34 137 47535 9 1064003 44547 1.9 18 9 1 4 16% 268 33188 3202 29%
c } 23.25 40 68 35 137 48495 9 1073144 53190 1.9 18 10 1 4 16% 268 33188 3202 29%
c
c seconds   switched      rate           size/glue  tier1    binary        remaining
c        MB   reductions     conflicts         size   tier2     irredundant
c         level     restarts        redundant     glue    trail       variables
c
c [ 23.25 40 86 35 137 48495 1 1073144 53190 2.0 63 31 2 14 29% 268 33188 3202 29%
c W 23.26 40 86 35 137 48495 1 1073144 53190 2.0 63 31 2 14 29% 268 33188 3202 29%
c - 23.31 40 86 35 138 48497 1 1075708 45485 2.0 63 31 2 14 29% 268 33188 3202 29%
c u 23.58 40 85 35 138 48501 1 1085307 52173 2.0 63 31 2 14 29% 269 33188 3202 29%
c v 23.66 40 85 35 138 48501 1 1085307 46869 2.0 63 31 2 14 29% 269 33188 3202 29%
c w 23.71 41 85 35 138 48501 1 1085307 46785 2.0 63 31 2 14 29% 269 33188 3202 29%
c - 23.76 41 85 35 139 48503 1 1087456 35207 2.0 63 31 2 14 29% 269 33188 3202 29%
c - 23.97 41 85 35 140 48509 1 1099246 30667 2.0 62 31 2 14 29% 269 33188 3202 29%
c o 24.14 45 85 35 140 48512 1 1108213 39401 2.0 62 31 2 14 30% 269 33188 3202 29%
c - 24.20 45 85 35 141 48513 1 1111078 29661 2.0 62 31 2 14 30% 269 33188 3202 29%
c - 24.43 45 84 35 142 48520 1 1122953 28973 2.0 62 31 2 14 30% 269 33188 3202 29%
c - 24.69 45 83 35 143 48524 1 1134870 28342 2.0 62 31 2 14 29% 269 33188 3202 29%
c - 24.95 45 83 35 144 48525 1 1146828 28030 2.0 63 32 2 14 30% 269 33188 3202 29%
c - 25.19 45 82 35 145 48528 1 1158828 28564 2.0 62 31 2 14 30% 269 33188 3202 29%
c I 25.39 45 82 35 145 48533 1 1168859 38335 2.0 63 32 2 14 30% 269 33188 3202 29%
c - 25.43 45 83 35 146 48535 1 1170870 29117 2.0 63 32 2 14 30% 269 33188 3202 29%
c - 25.65 45 83 35 147 48540 1 1182956 29089 2.0 62 32 2 14 30% 269 33188 3202 29%
c u 25.72 45 83 35 147 48540 1 1184900 29263 2.0 63 32 2 14 30% 269 33188 3202 29%
c v 25.75 45 83 35 147 48540 1 1184900 27297 2.0 63 32 2 14 30% 269 33188 3202 29%
c w 25.81 45 83 35 147 48540 1 1184900 27005 2.0 63 32 2 14 30% 269 33188 3202 29%
c
c seconds   switched      rate           size/glue  tier1    binary        remaining
c        MB   reductions     conflicts         size   tier2     irredundant
c         level     restarts        redundant     glue    trail       variables
c
c - 25.98 45 84 35 148 48546 1 1195080 26070 2.0 62 31 2 14 30% 269 33188 3202 29%
c ] 26.13 45 85 36 148 48549 1 1202582 33437 2.0 62 31 2 14 30% 269 33188 3202 29%
c { 26.13 45 68 36 148 48549 9 1202582 33437 1.9 18 10 1 4 16% 269 33188 3202 29%
c - 26.22 45 67 36 149 48895 9 1207245 29238 1.9 18 10 1 4 16% 270 33188 3202 29%
c - 26.48 45 68 36 150 49807 9 1219453 34736 1.9 18 10 1 4 17% 270 33188 3202 29%
c - 26.77 46 68 36 151 50847 9 1231701 39341 1.9 18 10 1 4 17% 270 33188 3202 29%
c - 27.11 46 68 36 152 52057 9 1243990 42418 1.9 19 10 1 4 17% 270 33188 3202 29%
c - 27.48 46 68 36 153 53238 9 1256319 44673 1.9 19 10 1 4 17% 270 33188 3202 29%
c o 27.53 46 68 36 153 53426 9 1258214 46461 1.9 19 10 1 4 17% 270 33188 3202 29%
c - 27.86 46 68 36 154 54579 9 1268690 46531 1.9 19 10 1 4 17% 270 33188 3202 29%
c } 28.16 46 68 37 154 55657 9 1278138 55485 1.9 19 10 1 4 17% 270 33188 3202 29%
c [ 28.16 46 85 37 154 55657 1 1278138 55485 2.0 62 31 2 14 30% 270 33188 3202 29%
c B 28.16 46 85 37 154 55657 1 1278138 55485 2.0 62 31 2 14 30% 270 33188 3202 29%
c - 28.22 46 85 37 155 55659 1 1281100 47158 2.0 62 31 2 14 30% 270 33188 3202 29%
c s 28.33 46 85 37 155 55662 1 1286351 52304 2.0 62 31 2 14 30% 270 33186 3202 29%
c u 28.44 46 85 37 155 55663 1 1289333 53173 2.0 62 31 2 14 30% 270 33186 3202 29%
c v 28.49 46 85 37 155 55663 1 1289333 50351 2.0 62 31 2 14 30% 270 33186 3202 29%
c w 28.53 49 85 37 155 55663 1 1289333 50321 2.0 62 31 2 14 30% 270 33186 3202 29%
c x 28.56 49 85 37 155 55663 1 1289333 50315 2.0 62 31 2 14 30% 270 33137 3202 29%
c - 28.67 49 85 37 156 55666 1 1293551 38742 2.0 62 31 2 14 30% 270 33137 3202 29%
c
c seconds   switched      rate           size/glue  tier1    binary        remaining
c        MB   reductions     conflicts         size   tier2     irredundant
c         level     restarts        redundant     glue    trail       variables
c
c - 28.91 49 85 37 157 55671 1 1306040 32978 2.0 62 31 2 14 30% 270 33137 3202 29%
c - 29.14 49 84 37 158 55677 1 1318569 32135 2.0 61 31 2 14 30% 270 33137 3202 29%
c - 29.41 49 84 37 159 55684 1 1331138 32263 2.0 62 31 2 14 30% 270 33137 3202 29%
c - 29.67 49 83 37 160 55686 1 1343749 32981 2.0 60 31 2 14 29% 270 33137 3202 29%
c - 29.96 49 83 37 161 55687 1 1356399 32691 2.0 63 31 2 14 30% 270 33137 3202 29%
c - 30.21 49 83 37 162 55694 1 1369089 31875 2.0 63 31 2 14 30% 270 33137 3202 29%
c - 30.47 41 82 37 163 55701 1 1381817 33562 2.0 62 31 2 14 30% 270 33137 3202 29%
c W 30.57 41 82 37 163 55702 1 1386124 37769 2.0 62 31 2 14 30% 270 33137 3202 29%
c - 30.74 41 82 37 164 55703 1 1394584 34090 2.0 61 30 2 14 30% 270 33137 3202 29%
c ] 30.80 41 82 38 164 55706 1 1397765 37193 2.0 61 30 2 14 30% 270 33137 3202 29%
c { 30.80 41 68 38 164 55706 9 1397765 37193 1.9 19 10 1 4 17% 270 33137 3202 29%
c u 30.87 41 68 38 164 55751 9 1398668 35984 1.9 19 10 1 4 17% 270 33137 3202 29%
c v 30.90 41 68 38 164 55751 9 1398668 33523 1.9 19 10 1 4 17% 270 33137 3202 29%
c w 30.96 41 68 38 164 55751 9 1398668 33244 1.9 19 10 1 4 17% 270 33137 3202 29%
c - 31.15 41 69 38 165 56098 9 1407394 34386 1.9 19 10 1 4 17% 273 33137 3202 29%
c o 31.41 41 69 38 165 56702 9 1418221 44722 1.9 19 10 1 4 17% 274 33137 3202 29%
c - 31.46 41 69 38 166 56796 9 1420239 39893 1.9 19 10 1 4 17% 274 33137 3202 29%
c - 31.85 41 68 38 167 57625 8 1433123 43675 1.9 19 10 1 4 17% 276 33137 3202 29%
c - 32.26 41 68 38 168 58502 8 1446047 46596 1.9 19 10 1 4 17% 277 33137 3202 29%
c - 32.73 41 68 38 169 59447 8 1459010 49043 1.9 19 10 1 4 17% 279 33137 3202 29%
c
c seconds   switched      rate           size/glue  tier1   binary        remaining
c        MB   reductions     conflicts         size   tier2    irredundant
c         level     restarts        redundant     glue   trail       variables
c
c - 33.23 41 67 38 170 60495 8 1472011 51182 1.9 20 10 1 4 18% 281 33137 3202 29%
c } 33.57 41 67 39 170 61216 8 1481099 59907 1.9 20 10 1 4 18% 281 33137 3202 29%
c [ 33.57 41 82 39 170 61216 1 1481099 59907 2.0 61 30 2 14 30% 281 33137 3202 29%
c - 33.66 41 82 39 171 61218 1 1485049 51544 2.0 61 30 2 14 29% 281 33137 3202 29%
c - 33.95 41 82 39 172 61226 1 1498125 47296 2.0 61 30 2 14 29% 281 33137 3202 29%
c O 33.99 41 82 39 172 61228 1 1500464 49590 2.0 60 30 2 14 29% 281 33137 3202 29%
c - 34.20 41 81 39 173 61230 1 1511240 40514 2.0 61 30 2 14 29% 281 33137 3202 29%
c u 34.29 41 81 39 173 61230 1 1512895 38862 2.0 61 30 2 14 30% 281 33137 3202 29%
c v 34.34 41 81 39 173 61230 1 1512895 34691 2.0 61 30 2 14 30% 281 33137 3202 29%
c w 34.46 41 81 39 173 61230 1 1512895 33198 2.0 61 30 2 14 30% 281 33137 3202 29%
c - 34.71 41 82 39 174 61237 1 1524393 30586 2.0 61 30 2 14 29% 281 33137 3202 29%
c - 34.98 41 82 39 175 61244 1 1537584 30517 2.0 61 31 2 14 29% 281 33137 3202 29%
c - 35.26 41 82 39 176 61246 1 1550812 30807 2.0 62 31 2 14 29% 281 33137 3202 29%
c s 35.42 41 82 39 176 61246 1 1559243 39058 2.0 61 31 2 14 29% 281 33130 3202 29%
c e 35.42 41 82 39 176 61246 1 1559243 39058 2.0 61 31 2 14 29% 279 33159 3200 28%
c s 35.42 41 82 39 176 61246 1 1559243 39058 2.0 61 31 2 14 29% 279 33151 3200 28%
c - 35.54 41 82 39 177 61247 1 1564079 31351 1.9 61 31 2 14 29% 279 33151 3200 28%
c - 35.80 41 83 39 178 61255 1 1577384 33056 1.9 61 32 2 14 29% 279 33151 3200 28%
c - 36.09 41 82 39 179 61261 1 1590726 33320 1.9 61 32 2 14 29% 279 33151 3200 28%
c o 36.20 41 82 39 179 61262 1 1596536 39003 2.0 62 32 2 14 29% 279 33151 3200 28%
c
c seconds   switched      rate           size/glue  tier1    binary        remaining
c        MB   reductions     conflicts         size   tier2     irredundant
c         level     restarts        redundant     glue    trail       variables
c
c - 36.35 41 82 39 180 61267 1 1604106 33105 2.0 62 32 2 14 29% 279 33151 3200 28%
c - 36.63 41 82 39 181 61275 1 1617522 33611 2.0 62 32 2 14 29% 279 33151 3200 28%
c B 36.72 41 82 39 181 61276 1 1621297 37296 2.0 62 32 2 14 29% 279 33151 3200 28%
c - 36.94 41 82 39 182 61277 1 1630975 33724 1.9 63 32 2 14 29% 279 33151 3200 28%
c u 37.01 41 82 39 182 61277 1 1632089 32909 1.9 63 32 2 14 29% 279 33151 3200 28%
c v 37.04 41 82 39 182 61277 1 1632089 30923 1.9 63 32 2 14 29% 279 33151 3200 28%
c w 37.11 41 82 39 182 61277 1 1632089 30103 1.9 63 32 2 14 29% 279 33151 3200 28%
c - 37.35 41 82 39 183 61277 1 1644466 30382 2.0 62 32 2 14 29% 279 33151 3200 28%
c ] 37.43 41 82 40 183 61278 1 1648638 34503 2.0 62 32 2 14 29% 279 33151 3200 28%
c { 37.43 41 67 40 183 61278 8 1648638 34503 1.9 20 10 1 4 18% 279 33151 3200 28%
c - 37.64 41 67 40 184 61894 8 1657993 35269 1.9 20 10 1 4 18% 279 33151 3200 28%
c - 37.97 41 68 40 185 63021 8 1671559 41158 1.9 20 10 1 4 18% 279 33151 3200 28%
c - 38.37 41 68 40 186 64296 8 1685160 44946 1.9 20 10 1 4 18% 279 33151 3200 28%
c - 38.79 41 69 40 187 65614 8 1698799 47728 1.9 20 11 1 4 18% 279 33151 3200 28%
c - 39.22 41 69 40 188 66867 9 1712474 50253 1.9 21 11 1 4 18% 279 33151 3200 28%
c - 39.66 41 70 40 189 68163 9 1726185 52199 1.9 21 11 1 4 18% 279 33151 3200 28%
c - 40.14 41 70 40 190 69569 9 1739932 53580 1.9 21 11 1 4 18% 279 33151 3200 28%
c } 40.15 41 70 41 190 69591 9 1740111 53754 1.9 21 11 1 4 18% 279 33151 3200 28%
c [ 40.15 41 82 41 190 69591 1 1740111 53754 2.0 62 32 2 14 29% 279 33151 3200 28%
c W 40.33 41 82 41 190 69597 1 1748766 62250 2.0 62 31 2 14 29% 279 33151 3200 28%
c
c seconds   switched      rate           size/glue  tier1    binary        remaining
c        MB   reductions     conflicts         size   tier2     irredundant
c         level     restarts        redundant     glue    trail       variables
c
c - 40.44 37 82 41 191 69599 1 1753716 50749 2.0 61 31 2 14 29% 279 33151 3200 28%
c u 40.55 37 83 41 191 69600 1 1756277 50392 2.0 61 31 2 14 29% 280 33151 3200 28%
c v 40.63 37 83 41 191 69600 1 1756277 44676 2.0 61 31 2 14 29% 280 33151 3200 28%
c w 40.71 37 83 41 191 69600 1 1756277 44339 2.0 61 31 2 14 29% 280 33151 3200 28%
c - 41.43 37 83 41 192 69605 1 1767536 36879 2.0 61 31 2 14 29% 280 33151 3200 28%
c o 41.72 37 83 41 192 69612 1 1781374 50413 2.0 61 31 2 14 29% 280 33151 3200 28%
c - 41.72 37 83 41 193 69612 1 1781392 33819 2.0 61 31 2 14 29% 280 33151 3200 28%
c - 42.01 37 83 41 194 69619 1 1795284 33993 2.0 62 31 2 14 29% 280 33151 3200 28%
c - 42.32 37 83 41 195 69621 1 1809212 33771 2.0 63 32 2 14 29% 280 33151 3200 28%
c - 42.67 38 83 41 196 69622 1 1823176 33184 2.0 64 33 2 14 30% 280 33151 3200 28%
c - 42.92 38 83 41 197 69631 1 1837177 34328 2.0 63 32 2 14 30% 280 33151 3200 28%
c - 43.25 38 82 41 198 69636 1 1851212 35373 1.9 63 32 2 14 30% 280 33151 3200 28%
c s 43.55 38 82 41 198 69643 1 1863999 47920 2.0 64 33 2 14 30% 280 33148 3200 28%
c - 43.58 38 82 41 199 69643 1 1865283 34537 2.0 64 33 2 14 30% 280 33148 3200 28%
c - 43.91 38 82 41 200 69650 1 1879390 34785 1.9 65 33 2 14 30% 280 33148 3200 28%
c I 43.98 38 83 41 200 69651 1 1883005 38360 1.9 65 33 2 14 30% 280 33148 3200 28%
c u 44.08 38 83 41 200 69651 1 1885485 38996 2.0 65 33 2 14 30% 280 33148 3200 28%
c v 44.12 38 83 41 200 69651 1 1885485 37206 2.0 65 33 2 14 30% 280 33148 3200 28%
c w 44.21 38 83 41 200 69651 1 1885485 37075 2.0 65 33 2 14 30% 280 33148 3200 28%
c - 44.35 38 83 41 201 69652 1 1893533 32530 2.0 64 33 2 14 30% 280 33148 3200 28%
c
c seconds   switched      rate           size/glue  tier1    binary        remaining
c        MB   reductions     conflicts         size   tier2     irredundant
c         level     restarts        redundant     glue    trail       variables
c
c ] 44.45 38 83 42 201 69652 1 1899663 38534 2.0 64 32 2 14 30% 280 33148 3200 28%
c { 44.45 38 70 42 201 69652 9 1899663 38534 1.9 21 11 1 4 18% 280 33148 3200 28%
c - 44.61 38 70 42 202 70085 9 1907710 36397 1.9 21 11 1 4 18% 280 33148 3200 28%
c - 44.96 40 71 42 203 71047 9 1921922 42313 1.9 21 11 1 4 19% 280 33148 3200 28%
c - 45.35 40 71 42 204 72156 9 1936169 46643 1.9 21 11 1 4 19% 280 33148 3200 28%
c - 45.76 40 71 42 205 73229 8 1950451 49704 1.9 21 11 1 4 19% 280 33148 3200 28%
c - 46.22 40 72 42 206 74548 9 1964770 51999 1.9 21 11 1 4 19% 280 33148 3200 28%
c o 46.39 40 72 42 206 75011 9 1971427 58336 1.9 21 11 1 4 19% 280 33148 3200 28%
c - 46.67 40 72 42 207 75698 9 1979122 53606 1.9 22 11 1 4 19% 280 33148 3200 28%
c - 47.14 40 72 42 208 76907 9 1993512 55242 1.9 22 11 1 4 19% 280 33148 3200 28%
c } 47.35 40 72 43 208 77461 9 1999636 61166 1.9 22 11 1 4 19% 280 33148 3200 28%
c [ 47.35 40 83 43 208 77461 1 1999636 61166 2.0 64 32 2 14 30% 280 33148 3200 28%
c - 47.51 40 83 43 209 77467 1 2007935 54029 2.0 64 32 2 14 30% 280 33148 3200 28%
c u 47.81 40 83 43 209 77473 1 2019741 63035 2.0 62 31 2 14 30% 280 33148 3200 28%
c v 47.87 40 83 43 209 77473 1 2019741 59513 2.0 62 31 2 14 30% 280 33148 3200 28%
c w 47.92 40 83 43 209 77473 1 2019741 59436 2.0 62 31 2 14 30% 280 33148 3200 28%
c x 47.96 41 83 43 209 77473 1 2019741 59430 2.0 62 31 2 14 30% 280 33110 3200 28%
c - 48.02 45 83 43 210 77474 1 2022393 43648 2.0 62 31 2 14 30% 280 33110 3200 28%
c B 48.06 45 83 43 210 77474 1 2024152 45385 2.0 62 31 2 14 30% 280 33110 3200 28%
c - 48.29 45 83 43 211 77479 1 2036886 40469 2.0 61 31 2 14 30% 280 33110 3200 28%
c
c seconds   switched      rate           size/glue  tier1    binary        remaining
c        MB   reductions     conflicts         size   tier2     irredundant
c         level     restarts        redundant     glue    trail       variables
c
c - 48.58 45 84 43 212 77488 1 2051412 40144 2.0 61 30 2 14 30% 280 33110 3200 28%
c - 48.89 46 84 43 213 77491 1 2065973 38327 2.0 62 31 2 14 30% 280 33110 3200 28%
c - 49.24 46 83 43 214 77491 1 2080569 35433 2.1 65 31 2 14 31% 280 33110 3200 28%
c - 49.54 46 84 43 215 77499 1 2095198 36256 2.1 64 31 2 14 30% 280 33110 3200 28%
c - 49.87 46 84 43 216 77506 1 2109860 37930 2.1 65 31 2 14 30% 280 33110 3200 28%
c - 50.24 46 84 43 217 77513 1 2124556 37286 2.1 66 32 2 14 31% 280 33110 3200 28%
c - 50.56 46 84 43 218 77520 1 2139286 37536 2.1 66 32 2 14 31% 280 33110 3200 28%
c - 50.86 46 83 43 219 77522 1 2154050 39132 2.1 64 31 2 14 30% 280 33110 3200 28%
c u 51.03 46 83 43 219 77522 1 2159108 41137 2.1 64 31 2 14 30% 280 33110 3200 28%
c v 51.06 46 83 43 219 77522 1 2159108 38767 2.1 64 31 2 14 30% 280 33110 3200 28%
c w 51.15 48 83 43 219 77522 1 2159108 38455 2.1 64 31 2 14 30% 280 33110 3200 28%
c ] 51.19 48 82 44 219 77522 1 2161040 40347 2.1 64 31 2 14 30% 280 33110 3200 28%
c { 51.19 48 72 44 219 77522 9 2161040 40347 1.9 22 11 1 4 19% 280 33110 3200 28%
c - 51.37 48 72 44 220 77924 8 2168848 38046 1.9 22 11 1 4 19% 281 33110 3200 28%
c o 51.43 48 72 44 220 78081 8 2171427 40530 1.9 22 11 1 4 19% 281 33110 3200 28%
c - 51.72 48 73 44 221 78756 8 2183680 43916 1.9 22 11 1 4 19% 281 33110 3200 28%
c - 52.12 48 73 44 222 79764 8 2198547 48047 1.9 22 11 1 4 19% 281 33110 3200 28%
c e 52.21 48 73 44 222 79974 8 2201719 51111 1.9 22 11 1 4 19% 279 33140 3198 28%
c s 52.21 48 73 44 222 79974 8 2201719 51111 1.9 22 11 1 4 19% 279 33118 3198 28%
c - 52.58 48 73 44 223 80946 8 2213448 50993 1.9 22 11 1 4 19% 279 33118 3198 28%
c
c seconds   switched      rate           size/glue  tier1   binary        remaining
c        MB   reductions     conflicts         size   tier2    irredundant
c         level     restarts        redundant     glue   trail       variables
c
c - 53.05 48 73 44 224 82064 8 2228381 53365 1.9 22 12 1 4 19% 279 33118 3198 28%
c - 53.57 48 73 44 225 83340 8 2243347 55292 1.9 23 12 1 4 19% 279 33118 3198 28%
c - 54.08 48 73 44 226 84476 8 2258347 57013 1.9 23 12 1 4 20% 279 33118 3198 28%
c } 54.48 48 73 45 226 85453 8 2269872 68163 1.9 23 12 1 4 20% 279 33118 3198 28%
c [ 54.48 48 82 45 226 85453 1 2269872 68163 2.1 64 31 2 14 30% 279 33118 3198 28%
c W 54.50 48 82 45 226 85453 1 2269872 68163 2.1 64 31 2 14 30% 279 33118 3198 28%
c - 54.58 48 83 45 227 85455 1 2273381 57461 2.1 64 31 2 14 30% 279 33118 3198 28%
c - 54.88 48 82 45 228 85464 1 2288447 53404 2.1 62 30 2 14 30% 279 33118 3198 28%
c - 55.20 48 82 45 229 85468 1 2303547 45646 2.0 63 31 2 14 30% 279 33118 3198 28%
c u 55.26 48 82 45 229 85468 1 2303601 41898 2.0 63 31 2 14 30% 279 33118 3198 28%
c v 55.32 48 82 45 229 85468 1 2303601 37496 2.0 63 31 2 14 30% 279 33118 3198 28%
c w 55.42 48 82 45 229 85468 1 2303601 36027 2.0 63 31 2 14 30% 279 33118 3198 28%
c - 55.77 48 82 45 230 85477 1 2318679 35035 2.0 63 31 2 14 30% 279 33118 3198 28%
c - 56.07 48 82 45 231 85482 1 2333846 35578 2.0 63 31 2 14 30% 279 33118 3198 28%
c - 56.37 48 81 45 232 85483 1 2349044 35842 2.0 63 32 2 14 30% 279 33118 3198 28%
c - 56.73 48 81 45 233 85490 1 2364276 36092 2.0 63 32 2 14 30% 279 33118 3198 28%
c - 57.08 48 81 45 234 85498 1 2379541 37259 1.9 62 32 2 14 30% 279 33118 3198 28%
c - 57.42 48 81 45 235 85505 1 2394838 37436 1.9 62 32 2 14 30% 279 33118 3198 28%
c o 57.50 48 81 45 235 85507 1 2398601 41117 1.9 62 32 2 14 30% 279 33118 3198 28%
c - 57.76 48 82 45 236 85513 1 2410169 38021 1.9 62 32 2 14 29% 279 33118 3198 28%
c
c seconds   switched      rate           size/glue  tier1    binary        remaining
c        MB   reductions     conflicts         size   tier2     irredundant
c         level     restarts        redundant     glue    trail       variables
c
c O 58.15 48 81 45 236 85514 1 2425236 52798 1.9 64 33 2 14 30% 279 33118 3198 28%
c - 58.16 48 81 45 237 85514 1 2425532 37493 1.9 64 33 2 14 30% 279 33118 3198 28%
c - 58.46 48 80 45 238 85515 1 2440926 37269 2.0 64 32 2 14 30% 279 33118 3198 28%
c ] 58.65 48 80 46 238 85515 1 2451153 47207 2.0 64 32 2 14 30% 279 33118 3198 28%
c { 58.65 48 73 46 238 85515 8 2451153 47207 1.9 23 12 1 4 20% 279 33118 3198 28%
c u 58.77 48 73 46 238 85634 8 2453273 47249 1.9 23 12 1 4 20% 279 33118 3198 28%
c v 58.80 48 73 46 238 85634 8 2453273 45112 1.9 23 12 1 4 20% 279 33118 3198 28%
c w 58.92 49 73 46 238 85634 8 2453273 44949 1.9 23 12 1 4 20% 279 33118 3198 28%
c - 59.00 54 74 46 239 85792 8 2456353 35619 1.9 23 12 1 4 20% 279 33118 3198 28%
c - 59.33 55 75 46 240 86513 8 2471813 42620 1.9 23 12 1 4 20% 279 33118 3198 28%
c - 59.75 55 75 46 241 87505 8 2487304 48147 1.9 23 12 1 4 20% 279 33118 3198 28%
c - 60.21 55 75 46 242 88554 8 2502829 51639 2.0 23 12 1 4 20% 279 33118 3198 28%
c - 60.68 47 75 46 243 89599 8 2518386 54349 2.0 23 12 1 4 20% 279 33118 3198 28%
c - 61.18 47 75 46 244 90651 8 2533974 56375 2.0 23 12 1 4 20% 281 33118 3198 28%
c - 61.73 48 74 46 245 91943 8 2549594 57992 2.0 24 12 1 4 20% 281 33118 3198 28%
c - 62.28 48 74 46 246 93109 8 2565248 59451 2.0 24 12 1 4 20% 281 33118 3198 28%
c } 62.42 48 75 47 246 93455 8 2569197 63256 2.0 24 12 1 4 20% 281 33118 3198 28%
c [ 62.42 48 80 47 246 93455 1 2569197 63256 2.0 64 32 2 14 30% 281 33118 3198 28%
c - 62.67 48 80 47 247 93461 1 2580932 57664 2.0 63 31 2 14 30% 281 33118 3198 28%
c B 62.83 48 80 47 247 93467 1 2587901 64419 2.0 63 32 2 14 30% 281 33118 3198 28%
c
c seconds   switched      rate           size/glue  tier1    binary        remaining
c        MB   reductions     conflicts         size   tier2     irredundant
c         level     restarts        redundant     glue    trail       variables
c
c - 63.01 48 80 47 248 93469 1 2596648 50975 2.0 62 31 2 14 30% 281 33118 3198 28%
c u 63.33 48 80 47 248 93474 1 2608120 58576 2.0 62 31 2 14 30% 281 33118 3198 28%
c v 63.41 48 80 47 248 93474 1 2608120 53014 2.0 62 31 2 14 30% 281 33118 3198 28%
c w 63.57 51 80 47 248 93474 1 2608120 52766 2.0 62 31 2 14 30% 281 33118 3198 28%
c - 63.65 51 80 47 249 93476 1 2612396 39589 2.0 62 31 2 14 30% 281 33118 3198 28%
c - 63.97 56 80 47 250 93484 1 2628176 39145 2.0 61 31 2 14 29% 281 33118 3198 28%
c - 64.29 56 80 47 251 93485 1 2643987 38910 2.0 60 30 2 14 30% 281 33118 3198 28%
c o 64.43 56 80 47 251 93486 1 2651602 46404 2.0 60 30 2 14 30% 281 33118 3198 28%
c - 64.62 56 81 47 252 93491 1 2659829 39583 2.0 60 30 2 14 30% 281 33118 3198 28%
c - 64.94 56 82 47 253 93499 1 2675703 40002 2.0 60 30 2 14 30% 281 33118 3198 28%
c - 65.29 56 81 47 254 93506 1 2691608 40359 2.0 61 30 2 14 31% 281 33118 3198 28%
c - 65.67 56 82 47 255 93514 1 2707546 40194 2.0 62 30 2 14 31% 281 33118 3198 28%
c - 66.07 56 82 47 256 93516 1 2723514 38900 2.0 64 31 2 14 32% 281 33118 3198 28%
c - 66.50 56 81 47 257 93517 1 2739515 37852 2.0 65 32 2 14 32% 281 33118 3198 28%
c ] 66.92 56 81 48 257 93517 1 2755240 53251 2.0 66 33 2 14 32% 281 33118 3198 28%
c { 66.92 56 75 48 257 93517 8 2755240 53251 2.0 24 12 1 4 20% 281 33118 3198 28%
c - 66.94 56 75 48 258 93552 8 2755546 37979 2.0 24 12 1 4 20% 281 33118 3198 28%
c u 67.29 56 75 48 258 94205 8 2768197 48447 2.0 24 12 1 4 20% 281 33118 3198 28%
c v 67.33 56 75 48 258 94205 8 2768197 46223 2.0 24 12 1 4 20% 281 33118 3198 28%
c w 67.43 57 75 48 258 94205 8 2768197 45284 2.0 24 12 1 4 20% 281 33118 3198 28%
c
c seconds   switched      rate           size/glue  tier1   binary        remaining
c        MB   reductions     conflicts         size   tier2    irredundant
c         level     restarts        redundant     glue   trail       variables
c
c - 67.51 57 75 48 259 94361 8 2771609 41134 2.0 24 12 1 4 20% 281 33118 3198 28%
c - 67.92 57 76 48 260 95327 8 2787703 47259 2.0 24 12 1 4 21% 281 33118 3198 28%
c - 68.39 57 76 48 261 96319 8 2803827 51315 2.0 24 12 1 4 21% 281 33118 3198 28%
c - 68.86 57 76 48 262 97260 8 2819982 54327 2.0 24 12 1 4 21% 281 33118 3198 28%
c - 69.36 57 75 48 263 98264 8 2836168 56591 2.0 24 12 1 4 21% 281 33118 3198 28%
c - 69.89 57 75 48 264 99340 8 2852387 58586 2.0 25 12 1 4 21% 281 33118 3198 28%
c - 70.42 57 75 48 265 100343 7 2868635 60193 2.0 25 12 1 4 21% 281 33118 3198 28%
c o 70.84 48 75 48 265 101156 7 2881629 72793 2.0 25 13 1 4 21% 281 33118 3198 28%
c } 70.89 48 75 49 265 101236 7 2882850 73965 2.0 25 13 1 4 21% 281 33118 3198 28%
c [ 70.89 48 81 49 265 101236 1 2882850 73965 2.0 66 33 2 14 32% 281 33118 3198 28%
c W 70.93 48 81 49 265 101236 1 2882850 73965 2.0 66 33 2 14 32% 281 33118 3198 28%
c - 70.99 48 81 49 266 101238 1 2884913 61036 2.0 66 33 2 14 32% 281 33118 3198 28%
c - 71.35 48 81 49 267 101247 1 2901223 56227 2.0 65 33 2 14 32% 281 33118 3198 28%
c - 71.72 57 80 49 268 101252 1 2917563 47596 2.0 65 32 2 14 32% 281 33118 3198 28%
c u 72.15 57 81 49 268 101262 1 2933504 59575 2.0 64 32 2 14 31% 281 33118 3198 28%
c v 72.22 57 81 49 268 101262 1 2933504 55180 2.0 64 32 2 14 31% 281 33118 3198 28%
c w 72.41 66 81 49 268 101262 1 2933504 55044 2.0 64 32 2 14 31% 281 33118 3198 28%
c = 73.06 66 81 49 268 101262 1 2933504 55044 2.0 64 32 2 14 31% 283 33118 3197 28%
c d 73.07 66 81 49 268 101262 1 2933504 55044 2.0 64 32 2 14 31% 281 33118 3197 28%
c u 73.14 66 81 49 268 101262 1 2933504 54522 2.0 64 32 2 14 31% 281 33118 3197 28%
c
c seconds   switched       rate           size/glue  tier1    binary        remaining
c        MB   reductions      conflicts         size   tier2     irredundant
c         level      restarts        redundant     glue    trail       variables
c
c v 73.19 66 81 49 268 101262 1 2933504 53748 2.0 64 32 2 14 31% 281 33118 3197 28%
c w 73.29 67 81 49 268 101262 1 2933504 53620 2.0 64 32 2 14 31% 281 33118 3197 28%
c x 73.33 67 81 49 268 101262 1 2933504 53616 2.0 64 32 2 14 31% 281 33095 3197 28%
c - 73.35 68 81 49 269 101262 1 2933933 38991 2.0 64 32 2 14 31% 281 33095 3197 28%
c - 73.67 68 81 49 270 101266 1 2950334 40371 2.0 63 31 2 14 31% 281 33095 3197 28%
c - 74.04 68 81 49 271 101268 1 2966766 40920 2.0 62 31 2 14 31% 281 33095 3197 28%
c s 74.33 68 81 49 271 101276 1 2980246 54172 2.0 62 31 2 14 31% 281 33093 3197 28%
c e 74.33 68 81 49 271 101276 1 2980246 54172 2.0 62 31 2 14 31% 279 33127 3195 28%
c s 74.33 68 81 49 271 101276 1 2980246 54172 2.0 62 31 2 14 31% 279 33111 3195 28%
c - 74.41 68 81 49 272 101278 1 2983229 41236 2.0 62 31 2 14 31% 279 33111 3195 28%
c - 74.76 68 82 49 273 101283 1 2999721 41555 2.0 62 31 2 14 31% 279 33111 3195 28%
c - 75.08 68 82 49 274 101293 1 3016244 42608 2.0 60 30 2 14 31% 279 33111 3195 28%
c - 75.45 68 82 49 275 101297 1 3032797 42764 2.0 62 31 2 14 31% 279 33111 3195 28%
c - 75.83 69 82 49 276 101298 1 3049381 41261 2.0 64 31 2 14 31% 279 33111 3195 28%
c I 76.04 69 82 49 276 101298 1 3060503 52203 2.0 64 31 2 14 32% 279 33111 3195 28%
c - 76.14 69 81 49 277 101298 1 3065995 41344 2.0 63 31 2 14 31% 279 33111 3195 28%
c - 76.50 69 79 49 278 101301 1 3082639 41553 2.0 60 30 2 14 30% 279 33111 3195 28%
c ] 76.59 69 79 50 278 101304 1 3087280 46087 2.0 60 30 2 14 30% 279 33111 3195 28%
c { 76.59 69 75 50 278 101304 7 3087280 46087 2.0 25 13 1 4 21% 279 33111 3195 28%
c - 76.89 69 75 50 279 101614 7 3099312 46194 2.0 25 12 1 4 21% 279 33111 3195 28%
c
c seconds   switched       rate           size/glue  tier1   binary        remaining
c        MB   reductions      conflicts         size   tier2    irredundant
c         level      restarts        redundant     glue   trail       variables
c
c u 77.08 69 75 50 279 101773 7 3104102 49143 2.0 25 12 1 4 21% 279 33111 3195 28%
c v 77.13 69 75 50 279 101773 7 3104102 46638 2.0 25 12 1 4 21% 279 33111 3195 28%
c w 77.22 69 75 50 279 101773 7 3104102 46211 2.0 25 12 1 4 21% 279 33111 3195 28%
c - 77.53 69 75 50 280 102065 7 3116015 48183 2.0 25 12 1 4 21% 279 33111 3195 28%
c o 77.68 69 75 50 280 102260 7 3121630 53621 2.0 25 12 1 4 21% 279 33111 3195 28%
c - 78.04 69 75 50 281 102693 6 3132748 52990 2.0 25 12 1 4 21% 279 33111 3195 28%
c - 78.63 69 75 50 282 103385 6 3149511 56432 2.0 25 12 1 4 21% 281 33111 3195 28%
c - 79.22 69 75 50 283 104055 6 3166304 59253 2.0 25 12 1 4 21% 282 33111 3195 28%
c - 79.86 69 74 50 284 104830 6 3183127 61646 2.0 25 12 1 4 21% 282 33111 3195 28%
c - 80.53 69 74 50 285 105620 6 3199979 63489 2.0 25 12 1 4 21% 282 33111 3195 28%
c - 81.24 67 74 50 286 106451 6 3216861 65117 2.0 25 12 1 4 21% 282 33111 3195 28%
c } 81.56 67 73 51 286 106862 6 3224806 72849 2.0 25 13 1 4 21% 282 33111 3195 28%
c [ 81.56 67 79 51 286 106862 1 3224806 72849 2.0 60 30 2 14 30% 282 33111 3195 28%
c - 81.77 67 80 51 287 106868 1 3233772 63734 2.0 60 30 2 14 29% 282 33111 3195 28%
c B 82.01 67 80 51 287 106875 1 3245837 75481 2.0 59 30 2 14 29% 282 33111 3195 28%
c - 82.10 75 81 51 288 106876 1 3250713 57085 2.0 59 30 2 14 29% 282 33111 3195 28%
c - 82.49 75 82 51 289 106883 1 3267683 49894 2.0 58 30 2 14 29% 282 33111 3195 28%
c u 82.82 75 83 51 289 106890 1 3280002 58394 2.0 58 30 2 14 29% 282 33111 3195 28%
c v 82.89 75 83 51 289 106890 1 3280002 54030 2.0 58 30 2 14 29% 282 33111 3195 28%
c w 83.15 78 83 51 289 106890 1 3280002 53440 2.0 58 30 2 14 29% 282 33111 3195 28%
c
c seconds   switched       rate           size/glue  tier1    binary        remaining
c        MB   reductions      conflicts         size   tier2     irredundant
c         level      restarts        redundant     glue    trail       variables
c
c - 83.26 78 83 51 290 106891 1 3284684 40581 2.0 58 30 2 14 29% 282 33111 3195 28%
c - 83.63 78 83 51 291 106892 1 3301713 41615 2.0 60 30 2 14 30% 282 33111 3195 28%
c - 84.00 78 83 51 292 106899 1 3318772 41951 2.0 60 30 1 14 30% 282 33111 3195 28%
c - 84.35 78 84 51 293 106907 1 3335860 42702 2.0 59 30 1 14 29% 282 33111 3195 28%
c - 84.66 78 84 51 294 106915 1 3352977 43582 2.0 59 30 1 14 29% 282 33111 3195 28%
c - 85.08 78 85 51 295 106922 1 3370124 42699 2.0 61 31 1 14 29% 282 33111 3195 28%
c - 85.60 87 85 51 296 106923 1 3387300 39732 2.0 65 33 1 14 30% 282 33111 3195 28%
c - 86.07 95 85 51 297 106924 1 3404505 39253 2.0 67 34 1 14 31% 282 33111 3195 28%
c - 86.54 104 84 51 298 106924 1 3421739 40272 2.0 69 35 1 14 31% 282 33111 3195 28%
c o 86.58 104 84 51 298 106925 1 3423066 41586 2.0 69 35 1 14 31% 282 33111 3195 28%
c W 86.98 112 84 51 298 106934 1 3438978 57211 2.0 70 35 1 14 31% 282 33111 3195 28%
c - 86.98 112 84 51 299 106934 1 3439001 41767 2.0 70 35 1 14 31% 282 33111 3195 28%
c - 87.29 112 84 51 300 106940 1 3456293 42975 2.0 67 34 1 14 30% 282 33111 3195 28%
c u 87.46 112 84 51 300 106944 1 3461235 45576 2.0 66 34 1 14 30% 282 33111 3195 28%
c v 87.50 112 84 51 300 106944 1 3461235 43485 2.0 66 34 1 14 30% 282 33111 3195 28%
c w 87.65 112 84 51 300 106944 1 3461235 42856 2.0 66 34 1 14 30% 282 33111 3195 28%
c - 87.93 112 84 51 301 106951 1 3473613 38550 1.9 66 34 1 14 30% 282 33111 3195 28%
c ] 88.13 112 84 52 301 106954 1 3484136 48902 1.9 65 33 1 14 30% 282 33111 3195 28%
c { 88.13 112 73 52 301 106954 6 3484136 48902 2.0 25 13 1 4 21% 282 33111 3195 28%
c - 88.31 112 74 52 302 107244 6 3490963 42097 2.0 25 13 1 4 21% 282 33111 3195 28%
c
c seconds    switched       rate           size/glue  tier1   binary        remaining
c         MB   reductions      conflicts         size   tier2    irredundant
c          level      restarts        redundant     glue   trail       variables
c
c - 88.75 112 74 52 303 108093 6 3508341 49425 2.0 25 13 1 4 22% 282 33111 3195 28%
c - 89.27 112 75 52 304 109072 6 3525749 54761 2.0 25 13 1 4 21% 282 33111 3195 28%
c - 89.84 112 75 52 305 110154 6 3543184 57913 2.0 25 13 1 4 21% 283 33111 3195 28%
c - 90.38 112 75 52 306 111072 6 3560648 60343 2.0 26 13 1 4 21% 284 33111 3195 28%
c - 90.97 97 76 52 307 112111 7 3578140 62384 2.0 26 13 1 4 21% 284 33111 3195 28%
c - 91.61 97 76 52 308 113254 7 3595661 63839 2.0 26 13 1 4 21% 284 33111 3195 28%
c - 92.24 97 76 52 309 114261 7 3613211 65423 2.0 26 13 1 4 21% 284 33111 3195 28%
c - 92.87 97 77 52 310 115244 7 3630790 66946 2.0 26 13 1 4 22% 284 33111 3195 28%
c } 92.91 97 77 53 310 115316 7 3631924 68060 2.0 26 13 1 4 22% 284 33111 3195 28%
c [ 92.91 97 84 53 310 115316 1 3631924 68060 1.9 65 33 1 14 30% 284 33111 3195 28%
c O 93.07 97 84 53 310 115321 1 3640047 75993 1.9 64 33 1 14 30% 284 33111 3195 28%
c u 93.36 105 85 53 310 115325 1 3647830 79871 1.9 64 33 1 14 30% 284 33111 3195 28%
c v 93.48 105 85 53 310 115325 1 3647830 73062 1.9 64 33 1 14 30% 284 33111 3195 28%
c w 93.63 115 85 53 310 115325 1 3647830 73003 1.9 64 33 1 14 30% 284 33111 3195 28%
c - 93.66 116 85 53 311 115325 1 3648396 54130 1.9 64 33 1 14 30% 284 33111 3195 28%
c - 94.04 116 85 53 312 115332 1 3666032 48147 1.9 62 32 1 14 29% 284 33111 3195 28%
c - 94.44 116 85 53 313 115343 1 3683695 46108 1.9 61 32 1 14 30% 284 33111 3195 28%
c - 94.91 116 85 53 314 115346 1 3701386 44659 1.9 61 32 1 14 29% 284 33111 3195 28%
c - 95.45 116 84 53 315 115350 1 3719108 42496 1.9 61 33 1 14 29% 284 33111 3195 28%
c o 95.55 116 84 53 315 115353 1 3722619 45921 1.9 61 33 1 14 29% 284 33111 3195 28%
c
c seconds    switched       rate           size/glue  tier1    binary        remaining
c         MB   reductions      conflicts         size   tier2     irredundant
c          level      restarts        redundant     glue    trail       variables
c
c - 95.94 116 84 53 316 115360 1 3736857 43194 1.9 63 33 1 14 29% 284 33111 3195 28%
c - 96.36 116 83 53 317 115367 1 3754634 44635 1.9 63 33 1 14 29% 284 33111 3195 28%
c - 96.81 125 84 53 318 115376 1 3772438 44011 1.9 65 34 1 14 30% 284 33111 3195 28%
c - 97.31 133 84 53 319 115377 1 3790272 42055 1.9 67 35 1 14 30% 284 33111 3195 28%
c - 97.72 133 84 53 320 115378 1 3808133 43882 1.9 65 34 1 14 29% 284 33111 3195 28%
c - 98.16 133 84 53 321 115378 1 3826023 45220 1.9 65 34 1 14 30% 284 33111 3195 28%
c u 98.64 133 83 53 321 115385 1 3839810 55686 1.9 66 35 1 14 30% 284 33111 3195 28%
c v 98.68 133 83 53 321 115385 1 3839810 53365 1.9 66 35 1 14 30% 284 33111 3195 28%
c w 98.90 144 83 53 321 115385 1 3839810 53045 1.9 66 35 1 14 30% 284 33111 3195 28%
c - 99.04 146 83 53 322 115387 1 3843939 39428 1.9 67 35 1 14 30% 284 33111 3195 28%
c ] 99.13 146 83 54 322 115390 1 3847832 43279 1.9 67 36 1 14 30% 284 33111 3195 28%
c { 99.13 146 77 54 322 115390 7 3847832 43279 2.0 26 13 1 4 22% 284 33111 3195 28%
c - 99.44 146 77 54 323 115690 6 3861884 45397 2.0 26 13 1 4 22% 284 33111 3195 28%
c - 99.90 146 77 54 324 116144 6 3879857 52900 2.0 26 13 1 4 22% 285 33111 3195 28%
c - 100.44 146 76 54 325 116669 6 3897860 57454 2.0 26 13 1 4 22% 285 33111 3195 28%
c - 101.08 120 75 54 326 117258 6 3915888 60909 2.0 26 13 1 4 22% 285 33111 3195 28%
c - 101.72 120 75 54 327 117853 5 3933943 63424 2.1 26 13 1 4 22% 285 33111 3195 28%
c - 102.40 120 74 54 328 118548 5 3952027 65645 2.0 26 13 1 4 22% 285 33111 3195 28%
c - 103.12 120 74 54 329 119291 5 3970137 67631 2.0 26 13 1 4 22% 285 33111 3195 28%
c - 103.86 120 74 54 330 120138 5 3988275 69387 2.0 26 13 1 4 22% 285 33111 3195 28%
c
c seconds     switched       rate           size/glue  tier1   binary        remaining
c          MB   reductions      conflicts         size   tier2    irredundant
c           level      restarts        redundant     glue   trail       variables
c
c o 104.03 120 73 54 330 120356 5 3992687 73700 2.0 26 13 1 4 22% 285 33111 3195 28%
c } 104.65 120 73 55 330 121024 5 4006227 86920 2.0 26 13 1 4 22% 285 33111 3195 28%
c [ 104.65 120 83 55 330 121024 1 4006227 86920 1.9 67 36 1 14 30% 285 33111 3195 28%
c B 104.65 120 83 55 330 121024 1 4006227 86920 1.9 67 36 1 14 30% 285 33111 3195 28%
c - 104.67 120 83 55 331 121024 1 4006440 70888 1.9 67 36 1 14 30% 285 33111 3195 28%
c - 105.13 130 84 55 332 121035 1 4024633 65416 1.9 68 35 1 14 30% 285 33111 3195 28%
c u 105.55 130 85 55 332 121038 1 4037202 73883 2.0 68 35 1 14 31% 285 33111 3195 28%
c v 105.67 130 85 55 332 121038 1 4037202 66784 2.0 68 35 1 14 31% 285 33111 3195 28%
c w 105.93 140 85 55 332 121038 1 4037202 66611 2.0 68 35 1 14 31% 285 33111 3195 28%
c - 106.08 140 85 55 333 121041 1 4042853 46532 2.0 68 34 1 14 31% 285 33111 3195 28%
c - 106.53 140 85 55 334 121052 1 4061101 45232 2.0 68 34 1 14 31% 285 33111 3195 28%
c - 107.01 149 85 55 335 121054 1 4079379 44631 2.0 69 34 1 14 31% 285 33111 3195 28%
c - 107.49 158 84 55 336 121061 1 4097682 44591 2.0 69 34 1 14 31% 285 33111 3195 28%
c - 107.98 166 84 55 337 121069 1 4116012 45562 2.0 69 34 1 14 31% 285 33111 3195 28%
c - 108.48 175 84 55 338 121077 1 4134369 45207 2.0 70 35 1 14 32% 285 33111 3195 28%
c - 108.97 184 83 55 339 121084 1 4152753 44152 2.0 71 35 1 14 32% 285 33111 3195 28%
c - 109.42 192 81 55 340 121086 1 4171166 43200 2.0 70 35 1 14 32% 285 33111 3195 28%
c - 109.91 200 79 55 341 121086 1 4189607 43585 2.0 70 35 1 14 32% 285 33111 3195 28%
c - 110.35 208 78 55 342 121090 1 4208073 44834 2.0 70 34 1 14 32% 285 33111 3195 28%
c W 110.77 176 79 55 342 121099 1 4223510 59904 2.0 69 34 1 14 32% 285 33111 3195 28%
c
c seconds     switched       rate           size/glue  tier1    binary        remaining
c          MB   reductions      conflicts         size   tier2     irredundant
c           level      restarts        redundant     glue    trail       variables
c
c - 110.84 184 79 55 343 121100 1 4226569 46038 2.0 68 34 1 14 31% 285 33111 3195 28%
c u 111.22 184 79 55 343 121104 1 4240031 56813 2.0 68 34 1 14 32% 285 33111 3195 28%
c v 111.26 184 79 55 343 121104 1 4240031 54323 2.0 68 34 1 14 32% 285 33111 3195 28%
c w 111.48 194 79 55 343 121104 1 4240031 53988 2.0 68 34 1 14 32% 285 33111 3195 28%
c - 111.60 196 80 55 344 121108 1 4245090 42071 2.0 68 34 1 14 32% 285 33111 3195 28%
c - 112.02 196 80 55 345 121116 1 4263637 42541 2.0 67 33 1 14 31% 285 33111 3195 28%
c ] 112.40 196 80 56 345 121117 1 4280973 59573 2.0 66 33 1 14 31% 285 33111 3195 28%
c { 112.40 196 73 56 345 121117 5 4280973 59573 2.0 26 13 1 4 22% 285 33111 3195 28%
c o 112.40 196 73 56 345 121122 5 4281003 59603 2.0 26 13 1 4 22% 285 33111 3195 28%
c - 112.43 196 73 56 346 121169 5 4282211 44412 2.0 26 13 1 4 22% 285 33111 3195 28%
c - 112.90 196 74 56 347 121942 6 4300812 50929 2.0 26 13 1 4 22% 285 33111 3195 28%
c - 113.43 196 75 56 348 122781 6 4319439 56824 2.0 26 13 1 4 22% 285 33111 3195 28%
c - 114.05 196 76 56 349 123836 6 4338093 60543 2.0 26 13 1 4 22% 286 33111 3195 28%
c - 114.68 196 75 56 350 124839 6 4356775 63268 2.0 26 13 1 4 22% 287 33111 3195 28%
c - 115.37 196 76 56 351 125948 6 4375483 65520 2.0 26 13 1 4 22% 287 33111 3195 28%
c - 115.96 196 77 56 352 126837 6 4394219 67760 2.0 26 13 1 4 22% 287 33111 3195 28%
c - 116.66 196 77 56 353 127948 6 4412981 69597 2.0 26 13 1 4 22% 287 33111 3195 28%
c - 117.36 196 77 56 354 128993 6 4431769 70769 2.0 26 13 1 4 22% 287 33111 3195 28%
c u 118.14 196 77 56 354 130079 7 4448324 83279 2.0 27 13 1 4 22% 287 33111 3195 28%
c v 118.25 196 77 56 354 130079 7 4448324 77785 2.0 27 13 1 4 22% 287 33111 3195 28%
c
c seconds     switched       rate           size/glue  tier1   binary        remaining
c          MB   reductions      conflicts         size   tier2    irredundant
c           level      restarts        redundant     glue   trail       variables
c
c w 118.31 205 77 56 354 130079 7 4448324 77719 2.0 27 13 1 4 22% 287 33111 3195 28%
c x 118.35 205 77 56 354 130079 7 4448324 77709 2.0 27 13 1 4 22% 287 33085 3195 28%
c } 118.59 205 77 57 354 130162 7 4450316 79655 2.0 27 13 1 4 22% 287 33085 3195 28%
c [ 118.59 205 80 57 354 130162 1 4450316 79655 2.0 66 33 1 14 31% 287 33085 3195 28%
c I 118.59 205 80 57 354 130162 1 4450316 79655 2.0 66 33 1 14 31% 287 33085 3195 28%
c - 118.61 205 80 57 355 130162 1 4450583 63424 2.0 66 33 1 14 31% 287 33085 3195 28%
c - 119.04 205 82 57 356 130174 1 4469427 59941 2.0 65 32 1 14 31% 287 33085 3195 28%
c - 119.50 205 82 57 357 130180 1 4488294 52805 2.0 62 32 1 14 30% 287 33085 3195 28%
c - 119.96 213 82 57 358 130190 1 4507189 50439 2.0 63 32 1 14 30% 287 33085 3195 28%
c - 120.42 222 81 57 359 130192 1 4526109 48698 2.0 63 32 1 14 30% 287 33085 3195 28%
c - 120.95 151 81 57 360 130199 1 4545056 46633 2.0 64 32 1 14 30% 287 33085 3195 28%
c - 121.42 160 82 57 361 130207 1 4564029 48151 2.0 64 33 1 14 31% 287 33085 3195 28%
c o 121.78 161 82 57 361 130215 1 4578045 61827 1.9 64 33 1 14 31% 287 33085 3195 28%
c - 121.91 170 83 57 362 130218 1 4583030 47989 1.9 64 33 1 14 31% 287 33085 3195 28%
c - 122.37 174 83 57 363 130223 1 4602058 49192 1.9 64 33 1 14 30% 287 33085 3195 28%
c - 122.87 174 83 57 364 130224 1 4621113 49251 2.0 64 33 1 14 31% 287 33085 3195 28%
c - 123.36 178 82 57 365 130224 1 4640193 49245 2.0 64 33 1 14 31% 287 33085 3195 28%
c - 123.89 178 82 57 366 130231 1 4659298 49014 2.0 66 33 1 14 31% 287 33085 3195 28%
c u 124.06 178 82 57 366 130233 1 4662120 48533 2.0 66 33 1 14 31% 287 33085 3195 28%
c v 124.10 178 82 57 366 130233 1 4662120 45424 2.0 66 33 1 14 31% 287 33085 3195 28%
c
c seconds     switched       rate           size/glue  tier1    binary        remaining
c          MB   reductions      conflicts         size   tier2     irredundant
c           level      restarts        redundant     glue    trail       variables
c
c w 124.30 178 82 57 366 130233 1 4662120 43489 2.0 66 33 1 14 31% 287 33085 3195 28%
c - 124.73 183 83 57 367 130239 1 4678429 42439 2.0 66 34 1 14 32% 287 33085 3195 28%
c B 124.90 183 83 57 367 130242 1 4684282 48179 1.9 67 34 1 14 32% 287 33085 3195 28%
c - 125.17 186 83 57 368 130250 1 4697586 44346 1.9 66 34 1 14 31% 287 33085 3195 28%
c ] 125.51 186 84 58 368 130255 1 4714940 61257 1.9 65 34 1 14 31% 287 33085 3195 28%
c { 125.51 186 77 58 368 130255 7 4714940 61257 2.0 27 13 1 4 22% 287 33085 3195 28%
c - 125.56 186 77 58 369 130322 7 4716771 47057 2.0 27 13 1 4 22% 287 33085 3195 28%
c - 126.04 186 78 58 370 131040 6 4735980 53334 2.0 27 13 1 4 22% 287 33085 3195 28%
c - 126.62 186 79 58 371 131953 6 4755215 59586 2.0 27 13 1 4 22% 287 33085 3195 28%
c - 127.25 186 79 58 372 132953 6 4774477 63061 2.0 27 13 1 4 22% 287 33085 3195 28%
c - 127.89 186 79 58 373 133943 6 4793764 65786 2.0 27 13 1 4 22% 287 33085 3195 28%
c - 128.57 186 78 58 374 134993 6 4813077 68086 2.0 27 13 1 4 23% 287 33085 3195 28%
c - 129.27 186 78 58 375 136016 6 4832416 69797 2.0 27 13 1 4 22% 287 33085 3195 28%
c - 130.00 186 78 58 376 137174 7 4851781 71270 2.0 27 14 1 4 22% 287 33085 3195 28%
c - 130.74 186 77 58 377 138247 7 4871172 72789 2.0 27 14 1 4 22% 287 33085 3195 28%
c o 131.01 114 78 58 377 138698 7 4878047 79490 2.0 27 14 1 4 22% 287 33085 3195 28%
c u 131.26 114 77 58 377 138873 7 4881431 78903 2.0 27 14 1 4 22% 287 33085 3195 28%
c v 131.38 114 77 58 377 138873 7 4881431 71692 2.0 27 14 1 4 22% 287 33085 3195 28%
c w 131.55 114 77 58 377 138873 7 4881431 71143 2.0 27 14 1 4 22% 287 33085 3195 28%
c - 131.85 114 77 58 378 139233 7 4890588 64101 2.0 28 14 1 4 22% 287 33085 3195 28%
c
c seconds     switched       rate           size/glue  tier1   binary        remaining
c          MB   reductions      conflicts         size   tier2    irredundant
c           level      restarts        redundant     glue   trail       variables
c
c } 132.00 114 77 59 378 139427 6 4895570 68945 2.0 28 14 1 4 22% 287 33085 3195 28%
c [ 132.00 114 84 59 378 139427 1 4895570 68945 1.9 65 34 1 14 31% 287 33085 3195 28%
c - 132.28 114 84 59 379 139435 1 4910030 63056 1.9 63 32 1 14 31% 287 33085 3195 28%
c W 132.71 114 83 59 379 139441 1 4926763 79480 2.0 62 31 1 14 31% 287 33085 3195 28%
c - 132.79 115 83 59 380 139442 1 4929498 57931 2.0 62 31 1 14 31% 287 33085 3195 28%
c - 133.25 115 84 59 381 139454 1 4948991 53356 2.0 62 32 1 14 31% 287 33085 3195 28%
c - 133.72 119 84 59 382 139457 1 4968512 51412 2.0 63 32 1 14 31% 287 33085 3195 28%
c e 133.91 121 83 59 382 139457 1 4977001 59740 2.0 63 32 1 14 31% 282 33128 3192 28%
c - 134.21 124 84 59 383 139464 1 4988057 50279 2.0 64 32 1 14 31% 282 33128 3192 28%
c - 134.64 128 83 59 384 139472 1 5007628 51227 2.0 63 32 1 14 31% 282 33128 3192 28%
c - 135.15 129 83 59 385 139482 1 5027223 50811 2.0 64 32 1 14 31% 282 33128 3192 28%
c - 135.64 134 82 59 386 139488 1 5046844 50246 2.0 64 32 1 14 31% 282 33128 3192 28%
c - 136.08 133 81 59 387 139489 1 5066490 50539 2.0 62 32 1 14 30% 282 33128 3192 28%
c - 136.63 137 80 59 388 139489 1 5086162 50727 1.9 59 31 1 14 28% 282 33128 3192 28%
c - 137.10 138 80 59 389 139497 1 5105859 50860 1.9 59 32 1 14 28% 282 33128 3192 28%
c u 137.21 138 80 59 389 139497 1 5106260 48164 1.9 59 32 1 14 28% 282 33128 3192 28%
c v 137.25 138 80 59 389 139497 1 5106260 45804 1.9 59 32 1 14 28% 282 33128 3192 28%
c w 137.40 138 80 59 389 139497 1 5106260 43756 1.9 59 32 1 14 28% 282 33128 3192 28%
c f 137.40 138 80 59 389 139497 1 5106260 43756 1.9 59 32 1 14 28% 285 33108 3193 28%
c u 137.48 138 80 59 389 139497 1 5106260 43264 1.9 59 32 1 14 28% 285 33108 3193 28%
c
c seconds     switched       rate           size/glue  tier1    binary        remaining
c          MB   reductions      conflicts         size   tier2     irredundant
c           level      restarts        redundant     glue    trail       variables
c
c v 137.51 138 80 59 389 139497 1 5106260 42770 1.9 59 32 1 14 28% 285 33108 3193 28%
c w 137.64 138 80 59 389 139497 1 5106260 40426 1.9 59 32 1 14 28% 285 33108 3193 28%
c - 138.08 142 81 59 390 139504 1 5125582 42779 1.9 61 32 1 14 28% 285 33108 3193 28%
c - 138.60 143 82 59 391 139517 1 5145330 43444 1.9 62 33 1 14 29% 285 33108 3193 28%
c - 139.12 147 82 59 392 139520 1 5165103 43871 1.9 63 34 1 14 29% 285 33108 3193 28%
c O 139.43 147 81 59 392 139523 1 5177873 56420 1.9 63 34 1 14 29% 285 33108 3193 28%
c ] 139.52 148 82 60 392 139526 1 5182999 61454 1.9 62 33 1 14 29% 285 33108 3193 28%
c { 139.52 148 77 60 392 139526 6 5182999 61454 2.0 28 14 1 4 22% 285 33108 3193 28%
c - 139.57 149 77 60 393 139589 6 5184903 45531 2.0 28 14 1 4 22% 285 33108 3193 28%
c o 139.64 149 78 60 393 139731 6 5188082 48637 2.0 28 14 1 4 23% 285 33108 3193 28%
c - 140.10 149 78 60 394 140468 6 5204727 54576 2.0 28 14 1 4 23% 286 33108 3193 28%
c - 140.70 149 79 60 395 141398 6 5224578 60620 2.0 28 14 1 4 23% 286 33108 3193 28%
c - 141.35 73 79 60 396 142343 6 5244453 64364 2.0 28 14 1 4 23% 287 33108 3193 28%
c - 142.04 73 79 60 397 143343 6 5264353 67150 2.0 28 14 1 4 23% 287 33108 3193 28%
c - 142.75 74 79 60 398 144325 6 5284279 69420 2.0 28 14 1 4 23% 287 33108 3193 28%
c - 143.49 74 79 60 399 145358 6 5304229 71283 2.0 28 14 1 4 23% 288 33108 3193 28%
c - 144.25 74 79 60 400 146443 6 5324203 72702 2.0 28 14 1 4 23% 288 33108 3193 28%
c u 144.81 74 79 60 400 147037 6 5336646 81717 2.0 28 14 1 4 23% 288 33108 3193 28%
c v 144.94 74 79 60 400 147037 6 5336646 74558 2.0 28 14 1 4 23% 288 33108 3193 28%
c w 145.11 75 79 60 400 147037 6 5336646 74158 2.0 28 14 1 4 23% 288 33108 3193 28%
c
c seconds    switched       rate           size/glue  tier1   binary        remaining
c         MB   reductions      conflicts         size   tier2    irredundant
c          level      restarts        redundant     glue   trail       variables
c
c - 145.39 76 80 60 401 147381 6 5344203 64893 2.0 28 14 1 4 23% 288 33108 3193 28%
c - 146.10 76 80 60 402 148434 6 5364227 67613 2.0 28 14 1 4 23% 288 33108 3193 28%
c } 146.47 76 80 61 402 148949 6 5375252 78356 2.0 28 14 1 4 23% 288 33108 3193 28%
c [ 146.47 76 82 61 402 148949 1 5375252 78356 1.9 62 33 1 14 29% 288 33108 3193 28%
c - 146.69 76 82 61 403 148955 1 5384276 68019 1.9 61 33 1 14 29% 288 33108 3193 28%
c - 147.23 78 82 61 404 148963 1 5404350 62552 1.9 61 32 1 14 30% 288 33108 3193 28%
c - 147.72 78 83 61 405 148973 1 5424450 55233 1.9 61 32 1 14 30% 288 33108 3193 28%
c B 148.06 78 82 61 405 148978 1 5437723 68231 1.9 61 32 1 14 30% 288 33108 3193 28%
c - 148.20 79 82 61 406 148979 1 5444579 54233 1.9 61 32 1 14 30% 288 33108 3193 28%
c - 148.67 83 83 61 407 148985 1 5464728 52968 1.9 60 32 1 14 29% 288 33108 3193 28%
c - 149.14 83 83 61 408 148994 1 5484902 51126 1.9 61 32 1 14 30% 288 33108 3193 28%
c - 149.62 88 83 61 409 149004 1 5505102 51442 1.9 61 32 1 14 30% 288 33108 3193 28%
c - 150.15 92 83 61 410 149010 1 5525326 51394 1.9 63 33 1 14 31% 288 33108 3193 28%
c - 150.67 91 82 61 411 149011 1 5545575 49535 2.0 65 33 1 14 31% 288 33108 3193 28%
c - 151.24 53 81 61 412 149011 1 5565849 49416 2.0 67 33 1 14 32% 288 33108 3193 28%
c u 151.54 53 81 61 412 149011 1 5572600 52407 2.0 68 33 1 14 32% 288 33108 3193 28%
c v 151.58 53 81 61 412 149011 1 5572600 50050 2.0 68 33 1 14 32% 288 33108 3193 28%
c w 151.87 57 81 61 412 149011 1 5572600 49669 2.0 68 33 1 14 32% 288 33108 3193 28%
c o 151.88 57 81 61 412 149011 1 5572600 49669 2.0 68 33 1 14 32% 288 33108 3193 28%
c - 152.22 65 81 61 413 149019 1 5586151 45246 2.0 68 33 1 14 32% 288 33108 3193 28%
c
c seconds    switched       rate           size/glue  tier1    binary        remaining
c         MB   reductions      conflicts         size   tier2     irredundant
c          level      restarts        redundant     glue    trail       variables
c
c - 152.69 68 81 61 414 149027 1 5606474 47086 2.0 67 33 1 14 31% 288 33108 3193 28%
c - 153.24 78 81 61 415 149040 1 5626821 47065 2.0 68 34 1 14 32% 288 33108 3193 28%
c - 153.77 87 81 61 416 149042 1 5647192 47092 2.0 68 35 1 14 32% 288 33108 3193 28%
c - 154.30 95 82 61 417 149050 1 5667589 47437 1.9 68 35 1 14 31% 288 33108 3193 28%
c ] 154.47 96 82 62 417 149054 1 5673655 53406 1.9 69 35 1 14 32% 288 33108 3193 28%
c { 154.47 96 80 62 417 149054 6 5673655 53406 2.0 28 14 1 4 23% 288 33108 3193 28%
c - 154.83 96 80 62 418 149522 6 5688009 53675 2.0 28 14 1 4 23% 288 33108 3193 28%
c - 155.40 97 80 62 419 150281 6 5708454 61054 2.0 28 14 1 4 23% 288 33108 3193 28%
c - 156.04 97 80 62 420 151131 6 5728925 65125 2.0 28 14 1 4 23% 288 33108 3193 28%
c - 156.73 97 80 62 421 152107 6 5749419 67868 2.0 28 14 1 4 23% 288 33108 3193 28%
c - 157.43 98 80 62 422 153062 6 5769937 70177 2.0 28 14 1 4 23% 288 33108 3193 28%
c - 158.16 98 80 62 423 154025 6 5790480 72208 2.0 28 14 1 4 23% 288 33108 3193 28%
c - 158.91 98 79 62 424 155046 6 5811047 73977 2.0 29 14 1 4 23% 288 33108 3193 28%
c u 159.14 98 79 62 424 155215 6 5814147 73683 2.0 29 14 1 4 23% 288 33108 3193 28%
c v 159.26 98 79 62 424 155215 6 5814147 66974 2.0 29 14 1 4 23% 288 33108 3193 28%
c w 159.43 98 79 62 424 155215 6 5814147 66158 2.0 29 14 1 4 23% 288 33108 3193 28%
c - 160.01 98 79 62 425 155960 6 5831639 66694 2.0 29 14 1 4 23% 288 33108 3193 28%
c - 160.72 98 79 62 426 156926 6 5852254 69682 2.1 29 14 1 4 23% 288 33108 3193 28%
c - 161.48 98 79 62 427 157954 6 5872893 72159 2.0 29 14 1 4 23% 288 33108 3193 28%
c } 161.64 98 79 63 427 158168 6 5877864 76980 2.0 29 14 1 4 23% 288 33108 3193 28%
c
c seconds    switched       rate           size/glue  tier1    binary        remaining
c         MB   reductions      conflicts         size   tier2     irredundant
c          level      restarts        redundant     glue    trail       variables
c
c [ 161.64 98 82 63 427 158168 1 5877864 76980 1.9 69 35 1 14 32% 288 33108 3193 28%
c W 161.69 98 82 63 427 158168 1 5877864 76980 1.9 69 35 1 14 32% 288 33108 3193 28%
c - 162.06 107 83 63 428 158177 1 5893558 69221 2.0 68 35 1 14 31% 288 33108 3193 28%
c o 162.47 107 83 63 428 158184 1 5911836 87045 1.9 66 34 1 14 31% 288 33108 3193 28%
c - 162.55 108 83 63 429 158185 1 5914246 60227 1.9 66 34 1 14 31% 288 33108 3193 28%
c - 163.04 117 84 63 430 158196 1 5934960 55222 2.0 66 34 1 14 31% 288 33108 3193 28%
c - 163.48 126 84 63 431 158198 1 5955697 54329 2.0 65 33 1 14 32% 288 33108 3193 28%
c - 163.96 134 84 63 432 158208 1 5976458 54327 1.9 64 33 1 14 31% 288 33108 3193 28%
c - 164.44 144 85 63 433 158216 1 5997242 55083 1.9 64 33 1 14 31% 288 33108 3193 28%
c - 165.01 153 84 63 434 158228 1 6018051 55522 1.9 64 33 1 14 31% 288 33108 3193 28%
c - 165.55 161 83 63 435 158229 1 6038884 56664 1.9 62 32 1 14 30% 288 33108 3193 28%
c - 166.11 171 82 63 436 158230 1 6059740 54819 2.0 63 32 1 14 31% 288 33108 3193 28%
c u 166.26 171 82 63 436 158230 1 6061317 52803 2.0 63 32 1 14 31% 288 33108 3193 28%
c v 166.30 171 82 63 436 158230 1 6061317 49632 2.0 63 32 1 14 31% 288 33108 3193 28%
c w 166.49 171 82 63 436 158230 1 6061317 47305 2.0 63 32 1 14 31% 288 33108 3193 28%
c - 166.98 180 82 63 437 158234 1 6080620 47405 1.9 63 32 1 14 31% 288 33108 3193 28%
c - 167.48 184 82 63 438 158245 1 6101525 49216 1.9 63 33 1 14 31% 288 33108 3193 28%
c - 168.08 190 82 63 439 158254 1 6122455 48782 1.9 65 34 1 14 31% 288 33108 3193 28%
c - 168.64 194 82 63 440 158261 1 6143408 47548 1.9 66 35 1 14 32% 288 33108 3193 28%
c I 168.90 196 81 63 440 158261 1 6155529 59414 1.9 66 34 1 14 32% 288 33108 3193 28%
c
c seconds     switched       rate           size/glue  tier1    binary        remaining
c          MB   reductions      conflicts         size   tier2     irredundant
c           level      restarts        redundant     glue    trail       variables
c
c - 169.10 198 81 63 441 158267 1 6164387 49061 1.9 66 34 1 14 32% 288 33108 3193 28%
c - 169.50 202 81 63 442 158276 1 6185387 51297 1.9 64 33 1 14 31% 288 33108 3193 28%
c ] 169.66 204 81 64 442 158279 1 6193630 59411 1.9 64 33 1 14 31% 288 33108 3193 28%
c { 169.66 204 79 64 442 158279 6 6193630 59411 2.0 29 14 1 4 23% 288 33108 3193 28%
c - 170.02 207 79 64 443 158756 6 6206410 55942 2.0 29 14 1 4 23% 288 33108 3193 28%
c - 170.65 207 80 64 444 159603 6 6227459 63183 2.1 29 14 1 4 23% 288 33108 3193 28%
c - 171.33 146 80 64 445 160483 6 6248531 68111 2.1 29 14 1 4 24% 288 33108 3193 28%
c o 171.43 146 80 64 445 160645 6 6251836 71329 2.1 29 14 1 4 24% 288 33108 3193 28%
c - 172.02 146 80 64 446 161381 6 6269626 71455 2.1 29 14 1 4 24% 288 33108 3193 28%
c - 172.83 146 80 64 447 162486 6 6290744 73575 2.1 29 14 1 4 23% 288 33108 3193 28%
c - 173.63 146 79 64 448 163544 6 6311889 75010 2.1 29 14 1 4 23% 288 33108 3193 28%
c u 173.84 146 79 64 448 163677 6 6314131 74373 2.1 29 14 1 4 23% 288 33108 3193 28%
c v 173.95 146 79 64 448 163677 6 6314131 68127 2.1 29 14 1 4 23% 288 33108 3193 28%
c w 174.00 146 79 64 448 163677 6 6314131 67854 2.1 29 14 1 4 23% 288 33108 3193 28%
c x 174.04 146 79 64 448 163677 6 6314131 67851 2.1 29 14 1 4 23% 288 33093 3193 28%
c - 174.67 146 80 64 449 164392 6 6333055 69076 2.1 29 14 1 4 23% 288 33093 3193 28%
c - 175.42 146 80 64 450 165324 6 6354245 72064 2.1 29 14 1 4 24% 288 33093 3193 28%
c - 176.23 146 80 64 451 166318 6 6375460 74347 2.1 29 14 1 4 24% 288 33093 3193 28%
c - 177.06 146 80 64 452 167369 6 6396696 75936 2.0 29 14 1 4 24% 288 33093 3193 28%
c } 177.57 146 80 65 452 168017 6 6410128 89069 2.0 29 14 1 4 23% 288 33093 3193 28%
c
c seconds     switched       rate           size/glue  tier1    binary        remaining
c          MB   reductions      conflicts         size   tier2     irredundant
c           level      restarts        redundant     glue    trail       variables
c
c [ 177.57 146 81 65 452 168017 1 6410128 89069 1.9 64 33 1 14 31% 288 33093 3193 28%
c - 177.75 147 81 65 453 168022 1 6417958 75611 1.9 63 33 1 14 31% 288 33093 3193 28%
c - 178.23 149 81 65 454 168031 1 6439241 69731 2.0 62 32 1 14 31% 288 33093 3193 28%
c B 178.29 149 80 65 454 168031 1 6442262 72706 2.0 62 31 1 14 31% 288 33093 3193 28%
c - 178.81 149 82 65 455 168042 1 6460549 61951 2.0 64 32 1 14 31% 288 33093 3193 28%
c - 179.37 149 81 65 456 168047 1 6481879 58164 2.0 64 32 1 14 31% 288 33093 3193 28%
c - 179.94 151 82 65 457 168054 1 6503238 56557 2.0 66 33 1 14 32% 288 33093 3193 28%
c - 180.49 154 83 65 458 168062 1 6524616 56364 2.0 66 33 1 14 32% 288 33093 3193 28%
c - 181.16 90 83 65 459 168076 1 6546018 55565 2.0 68 34 1 14 32% 288 33093 3193 28%
c - 181.75 96 83 65 460 168078 1 6567442 55621 2.0 69 34 1 14 33% 288 33093 3193 28%
c u 182.00 96 83 65 460 168078 1 6572601 56622 2.0 69 34 1 14 33% 288 33093 3193 28%
c v 182.05 96 83 65 460 168078 1 6572601 53538 2.0 69 34 1 14 33% 288 33093 3193 28%
c w 182.40 98 83 65 460 168078 1 6572601 51557 2.0 69 34 1 14 33% 288 33093 3193 28%
c - 184.00 103 82 65 461 168079 1 6588890 47881 2.0 71 35 1 14 33% 288 33093 3193 28%
c - 184.55 100 81 65 462 168082 1 6610361 48553 2.1 71 34 1 14 33% 288 33093 3193 28%
c - 185.16 106 81 65 463 168093 1 6631855 50396 2.0 71 35 1 14 33% 288 33093 3193 28%
c o 185.52 106 80 65 463 168100 1 6646610 64864 2.0 69 34 1 14 33% 288 33093 3193 28%
c - 185.73 107 80 65 464 168102 1 6653373 52360 2.0 70 35 1 14 33% 288 33093 3193 28%
c - 186.24 111 81 65 465 168110 1 6674913 53872 2.0 69 34 1 14 32% 288 33093 3193 28%
c - 186.82 115 82 65 466 168116 1 6696476 54129 2.0 67 34 1 14 31% 288 33093 3193 28%
c
c seconds     switched       rate           size/glue  tier1    binary        remaining
c          MB   reductions      conflicts         size   tier2     irredundant
c           level      restarts        redundant     glue    trail       variables
c
c - 187.36 119 82 65 467 168125 1 6718064 54425 2.0 67 34 1 14 32% 288 33093 3193 28%
c ] 187.69 121 83 66 467 168132 1 6731867 67956 2.0 66 33 1 14 31% 288 33093 3193 28%
c { 187.69 121 80 66 467 168132 6 6731867 67956 2.0 29 14 1 4 23% 288 33093 3193 28%
c - 187.93 123 79 66 468 168319 6 6739674 58532 2.0 29 14 1 4 24% 288 33093 3193 28%
c - 188.62 123 79 66 469 168880 6 6761308 65279 2.1 29 14 1 4 24% 288 33093 3193 28%
c - 189.35 124 78 66 470 169410 5 6782964 69975 2.1 29 14 1 4 24% 288 33093 3193 28%
c - 190.13 124 77 66 471 170004 5 6804644 73535 2.1 29 14 1 4 24% 289 33093 3193 28%
c - 191.04 124 77 66 472 170712 5 6826347 75916 2.1 29 14 1 4 24% 289 33093 3193 28%
c u 191.63 66 76 66 472 171116 5 6836770 83169 2.1 29 14 1 4 24% 289 33093 3193 28%
c v 191.76 66 76 66 472 171116 5 6836770 76848 2.1 29 14 1 4 24% 289 33093 3193 28%
c w 191.97 67 76 66 472 171116 5 6836770 76433 2.1 29 14 1 4 24% 289 33093 3193 28%
c - 192.42 74 76 66 473 171437 5 6848072 70178 2.1 29 14 1 4 24% 289 33093 3193 28%
c - 193.33 75 76 66 474 172216 5 6869820 73545 2.1 29 14 1 4 24% 289 33093 3193 28%
c - 194.26 75 75 66 475 172972 5 6891591 76344 2.1 29 14 1 4 24% 289 33093 3193 28%
c - 195.26 75 75 66 476 173773 5 6913387 78719 2.1 29 14 1 4 24% 289 33093 3193 28%
c - 196.26 79 75 66 477 174658 5 6935204 80734 2.1 29 14 1 4 23% 289 33093 3193 28%
c - 197.28 87 74 66 478 175491 5 6957046 82352 2.1 29 14 1 4 23% 289 33093 3193 28%
c } 197.46 95 74 67 478 175670 5 6960983 86191 2.1 29 14 1 4 23% 289 33093 3193 28%
c [ 197.46 95 83 67 478 175670 1 6960983 86191 2.0 66 33 1 14 31% 289 33093 3193 28%
c W 197.49 95 83 67 478 175670 1 6960983 86191 2.0 66 33 1 14 31% 289 33093 3193 28%
c
c seconds    switched       rate           size/glue  tier1    binary        remaining
c         MB   reductions      conflicts         size   tier2     irredundant
c          level      restarts        redundant     glue    trail       variables
c
c - 197.93 97 83 67 479 175681 1 6978910 78451 2.0 65 33 1 14 31% 289 33093 3193 28%
c - 198.48 98 83 67 480 175690 1 7000797 67513 2.0 64 32 1 14 31% 289 33093 3193 28%
c o 198.95 98 84 67 480 175699 1 7018603 85030 2.0 64 32 1 14 31% 289 33093 3193 28%
c - 199.09 98 84 67 481 175699 1 7022706 61944 2.0 64 32 1 14 31% 289 33093 3193 28%
c - 199.74 98 84 67 482 175702 1 7044637 60167 2.1 67 33 1 14 32% 289 33093 3193 28%
c - 200.36 98 83 67 483 175714 1 7066591 58295 2.0 67 33 1 14 32% 289 33093 3193 28%
c - 200.92 99 83 67 484 175723 1 7088569 59274 2.0 66 32 1 14 32% 289 33093 3193 28%
c u 201.57 76 83 67 484 175730 1 7106636 72889 2.0 67 33 1 14 32% 289 33093 3193 28%
c v 201.63 76 83 67 484 175730 1 7106636 69790 2.0 67 33 1 14 32% 289 33093 3193 28%
c w 202.22 84 83 67 484 175730 1 7106636 69202 2.0 67 33 1 14 32% 289 33093 3193 28%
c - 202.35 91 83 67 485 175731 1 7110569 53915 2.0 67 33 1 14 32% 289 33093 3193 28%
c - 202.97 96 84 67 486 175732 1 7132591 53034 2.0 69 34 1 14 33% 289 33093 3193 28%
c - 203.63 98 83 67 487 175732 1 7154636 52021 2.1 70 34 1 14 33% 289 33093 3193 28%
c - 204.19 99 82 67 488 175744 1 7176704 52815 2.0 70 34 1 14 33% 289 33093 3193 28%
c - 204.79 100 82 67 489 175753 1 7198795 52898 2.0 70 35 1 14 33% 289 33093 3193 28%
c - 205.33 109 82 67 490 175762 1 7220909 54665 2.0 68 34 1 14 32% 289 33093 3193 28%
c - 205.79 118 81 67 491 175766 1 7243044 55968 2.0 67 33 1 14 33% 289 33093 3193 28%
c - 206.41 129 82 67 492 175777 1 7265203 54810 2.1 68 33 1 14 33% 289 33093 3193 28%
c O 206.44 129 82 67 492 175778 1 7266177 55770 2.1 68 33 1 14 33% 289 33093 3193 28%
c - 206.93 133 82 67 493 175787 1 7287385 55705 2.0 67 33 1 14 33% 289 33093 3193 28%
c
c seconds     switched       rate           size/glue  tier1    binary        remaining
c          MB   reductions      conflicts         size   tier2     irredundant
c           level      restarts        redundant     glue    trail       variables
c
c - 207.42 138 82 67 494 175794 1 7309589 55326 2.0 66 33 1 14 32% 289 33093 3193 28%
c - 207.94 137 81 67 495 175795 1 7331815 56434 2.0 64 31 1 14 31% 289 33093 3193 28%
c - 208.51 141 81 67 496 175795 1 7354063 59388 2.1 61 30 1 14 31% 289 33093 3193 28%
c - 209.06 143 80 67 497 175796 1 7376334 60899 2.1 62 29 1 14 32% 289 33093 3193 28%
c u 209.32 143 80 67 497 175796 1 7382228 64178 2.2 62 29 1 14 32% 289 33093 3193 28%
c v 209.38 143 80 67 497 175796 1 7382228 61540 2.2 62 29 1 14 32% 289 33093 3193 28%
c w 209.63 151 80 67 497 175796 1 7382228 60791 2.2 62 29 1 14 32% 289 33093 3193 28%
c ] 209.80 151 80 68 497 175796 1 7389462 67855 2.1 61 29 1 14 32% 289 33093 3193 28%
c { 209.80 151 74 68 497 175796 5 7389462 67855 2.1 29 14 1 4 23% 289 33093 3193 28%
c o 209.80 151 74 68 497 175803 5 7389505 67897 2.1 29 14 1 4 23% 289 33093 3193 28%
c - 210.08 151 75 68 498 176124 5 7398627 58037 2.1 29 14 1 4 23% 289 33093 3193 28%
c - 210.77 151 75 68 499 177091 5 7420942 65139 2.1 29 14 1 4 23% 289 33093 3193 28%
c - 211.50 106 77 68 500 178060 5 7443281 70061 2.1 28 14 1 4 23% 289 33093 3193 28%
c - 212.33 106 77 68 501 179215 5 7465641 73443 2.1 28 14 1 4 23% 289 33093 3193 28%
c - 213.23 106 77 68 502 180436 6 7488025 75844 2.0 28 14 1 4 23% 289 33093 3193 28%
c - 214.12 106 77 68 503 181594 6 7510431 78136 2.0 28 14 1 4 23% 289 33093 3193 28%
c - 215.09 109 77 68 504 182899 6 7532860 80076 2.0 29 14 1 4 23% 289 33093 3193 28%
c - 216.07 113 78 68 505 184194 6 7555309 81600 2.0 29 14 1 4 23% 289 33093 3193 28%
c - 217.04 118 78 68 506 185407 6 7577782 83024 2.0 29 14 1 4 23% 289 33093 3193 28%
c - 218.01 121 78 68 507 186599 6 7600276 84566 2.0 29 14 1 4 23% 289 33093 3193 28%
c
c seconds     switched       rate           size/glue  tier1   binary        remaining
c          MB   reductions      conflicts         size   tier2    irredundant
c           level      restarts        redundant     glue   trail       variables
c
c - 218.98 124 78 68 508 187797 6 7622792 85739 2.0 29 14 1 4 23% 289 33093 3193 28%
c } 219.33 125 78 69 508 188216 6 7631525 94296 2.0 30 14 1 4 23% 289 33093 3193 28%
c [ 219.33 125 80 69 508 188216 1 7631525 94296 2.1 61 29 1 14 32% 289 33093 3193 28%
c B 219.33 125 80 69 508 188216 1 7631525 94296 2.1 61 29 1 14 32% 289 33093 3193 28%
c - 219.68 125 81 69 509 188224 1 7645332 83033 2.1 61 29 1 14 32% 289 33093 3193 28%
c u 220.31 126 80 69 509 188230 1 7663543 95985 2.1 60 29 1 14 31% 289 33093 3193 28%
c v 220.48 126 80 69 509 188230 1 7663543 87937 2.1 60 29 1 14 31% 289 33093 3193 28%
c w 220.89 131 80 69 509 188230 1 7663543 87493 2.1 60 29 1 14 31% 289 33093 3193 28%
c - 221.00 132 81 69 510 188233 1 7667894 64026 2.1 61 29 1 14 31% 289 33093 3193 28%
c - 221.58 78 81 69 511 188245 1 7690481 59579 2.1 61 29 1 14 31% 289 33093 3193 28%
c - 222.09 78 81 69 512 188246 1 7713087 61386 2.0 57 28 1 14 28% 289 33093 3193 28%
c - 222.68 78 81 69 513 188260 1 7735716 61854 2.0 59 29 1 14 29% 289 33093 3193 28%
c - 223.27 78 82 69 514 188268 1 7758365 60330 2.0 61 30 1 14 29% 289 33093 3193 28%
c - 223.99 79 82 69 515 188277 1 7781038 58434 2.0 64 31 1 14 31% 289 33093 3193 28%
c - 224.63 79 81 69 516 188278 1 7803731 57534 2.0 65 32 1 14 31% 289 33093 3193 28%
c - 225.35 81 80 69 517 188278 1 7826447 57428 2.0 66 32 1 14 32% 289 33093 3193 28%
c - 225.90 81 81 69 518 188291 1 7849185 58221 2.0 66 33 1 14 32% 289 33093 3193 28%
c - 226.49 81 81 69 519 188300 1 7871945 58614 2.0 65 33 1 14 32% 289 33093 3193 28%
c o 226.65 81 81 69 519 188304 1 7878505 65028 2.0 65 32 1 14 32% 289 33093 3193 28%
c - 227.11 81 80 69 520 188308 1 7894726 59852 2.0 65 33 1 14 32% 289 33093 3193 28%
c
c seconds    switched       rate           size/glue  tier1    binary        remaining
c         MB   reductions      conflicts         size   tier2     irredundant
c          level      restarts        redundant     glue    trail       variables
c
c - 227.71 81 80 69 521 188314 1 7917529 60602 2.0 64 33 1 14 31% 289 33093 3193 28%
c - 228.30 81 79 69 522 188324 1 7940355 60056 2.0 65 33 1 14 32% 289 33093 3193 28%
c u 228.70 81 79 69 522 188330 1 7950635 67262 2.0 65 33 1 14 32% 289 33093 3193 28%
c v 228.76 81 79 69 522 188330 1 7950635 64403 2.0 65 33 1 14 32% 289 33093 3193 28%
c w 229.10 79 79 69 522 188330 1 7950635 63937 2.0 65 33 1 14 32% 289 33093 3193 28%
c W 229.39 79 79 69 522 188331 1 7955602 68779 2.0 64 33 1 14 32% 289 33093 3193 28%
c - 229.53 79 79 69 523 188337 1 7963203 56564 2.0 63 32 1 14 31% 289 33093 3193 28%
c - 230.05 79 79 69 524 188340 1 7986073 59027 2.0 61 31 1 14 30% 289 33093 3193 28%
c - 230.62 79 78 69 525 188341 1 8008964 57232 2.0 60 30 1 14 30% 289 33093 3193 28%
c - 231.17 79 77 69 526 188342 1 8031876 57886 2.0 59 30 1 14 30% 289 33093 3193 28%
c ] 231.44 79 77 70 526 188342 1 8044917 70600 2.0 59 30 1 14 30% 289 33093 3193 28%
c { 231.44 79 78 70 526 188342 6 8044917 70600 2.0 30 14 1 4 23% 289 33093 3193 28%
c - 231.73 44 78 70 527 188505 6 8054811 62102 2.0 29 14 1 4 23% 289 33093 3193 28%
c - 232.43 44 77 70 528 188960 6 8077767 69557 2.1 29 14 1 4 23% 289 33093 3193 28%
c - 233.26 44 77 70 529 189548 5 8100745 74523 2.1 29 14 1 4 23% 289 33093 3193 28%
c - 234.20 44 77 70 530 190248 5 8123745 77970 2.1 29 14 1 4 24% 289 33093 3193 28%
c - 235.10 48 76 70 531 190951 5 8146766 80886 2.1 29 14 1 4 24% 289 33093 3193 28%
c - 236.10 53 76 70 532 191721 5 8169810 83330 2.1 29 14 1 4 24% 289 33093 3193 28%
c - 237.16 86 75 70 533 192539 5 8192875 85337 2.1 29 14 1 4 24% 289 33093 3193 28%
c - 238.24 94 74 70 534 193340 5 8215962 87109 2.1 29 14 1 4 23% 289 33093 3193 28%
c
c seconds     switched       rate           size/glue  tier1   binary        remaining
c          MB   reductions      conflicts         size   tier2    irredundant
c           level      restarts        redundant     glue   trail       variables
c
c - 239.35 102 74 70 535 194224 5 8239071 88604 2.1 29 14 1 4 24% 289 33093 3193 28%
c u 239.69 102 74 70 535 194372 5 8243503 88620 2.1 29 14 1 4 24% 289 33093 3193 28%
c v 239.85 102 74 70 535 194372 5 8243503 80295 2.1 29 14 1 4 24% 289 33093 3193 28%
c w 240.17 103 74 70 535 194372 5 8243503 78905 2.1 29 14 1 4 24% 289 33093 3193 28%
c - 240.98 103 73 70 536 194981 5 8262201 78529 2.1 29 14 1 4 24% 289 33093 3193 28%
c o 241.26 103 73 70 536 195245 5 8268704 84909 2.1 29 14 1 4 23% 289 33093 3193 28%
c - 242.07 110 73 70 537 195932 5 8285353 81708 2.1 29 14 1 4 23% 289 33093 3193 28%
c } 242.77 111 73 71 537 196562 5 8300244 96312 2.1 29 14 1 4 23% 289 33093 3193 28%
c [ 242.77 111 77 71 537 196562 1 8300244 96312 2.0 59 30 1 14 30% 289 33093 3193 28%
c I 242.77 111 77 71 537 196562 1 8300244 96312 2.0 59 30 1 14 30% 289 33093 3193 28%
c - 242.98 111 77 71 538 196568 1 8308527 82779 2.0 58 29 1 14 30% 289 33093 3193 28%
c - 243.50 111 77 71 539 196576 1 8331723 77329 2.0 57 28 1 14 30% 289 33093 3193 28%
c - 244.04 111 77 71 540 196590 1 8354939 68144 2.0 56 28 1 14 30% 289 33093 3193 28%
c - 244.52 111 78 71 541 196592 1 8378176 65718 2.0 55 28 1 14 29% 289 33093 3193 28%
c - 245.03 111 78 71 542 196605 1 8401435 65271 2.0 54 27 1 14 28% 289 33093 3193 28%
c - 245.61 111 79 71 543 196614 1 8424715 65615 2.0 55 28 1 14 29% 289 33093 3193 28%
c - 246.25 111 79 71 544 196622 1 8448017 62848 2.0 57 29 1 14 30% 289 33093 3193 28%
c - 246.87 111 77 71 545 196624 1 8471342 62617 2.0 58 29 1 14 30% 289 33093 3193 28%
c - 247.39 111 76 71 546 196624 1 8494689 63899 2.0 57 28 1 14 31% 289 33093 3193 28%
c - 247.92 111 76 71 547 196637 1 8518056 65002 2.0 57 28 1 14 31% 289 33093 3193 28%
c
c seconds     switched       rate           size/glue  tier1    binary        remaining
c          MB   reductions      conflicts         size   tier2     irredundant
c           level      restarts        redundant     glue    trail       variables
c
c - 248.55 111 76 71 548 196646 1 8541444 64404 2.0 58 29 1 14 31% 289 33093 3193 28%
c u 248.70 111 76 71 548 196646 1 8542149 61090 2.0 58 29 1 14 31% 289 33093 3193 28%
c v 248.76 111 76 71 548 196646 1 8542149 57951 2.0 58 29 1 14 31% 289 33093 3193 28%
c w 248.99 111 76 71 548 196646 1 8542149 55264 2.0 58 29 1 14 31% 289 33093 3193 28%
c - 249.53 111 77 71 549 196655 1 8564855 55489 2.0 59 30 1 14 31% 289 33093 3193 28%
c - 250.05 112 76 71 550 196661 1 8588285 57033 2.0 58 30 1 14 30% 289 33093 3193 28%
c - 250.58 122 77 71 551 196670 1 8611738 58904 2.0 58 29 1 14 30% 289 33093 3193 28%
c - 251.13 122 77 71 552 196684 1 8635211 60441 2.0 57 29 1 14 30% 289 33093 3193 28%
c B 251.30 122 77 71 552 196685 1 8643619 68698 1.9 57 29 1 14 30% 289 33093 3193 28%
c - 251.73 123 77 71 553 196686 1 8658706 60185 1.9 59 31 1 14 30% 289 33093 3193 28%
c - 252.32 86 76 71 554 196687 1 8682221 57076 1.9 59 31 1 14 30% 289 33093 3193 28%
c - 252.95 90 75 71 555 196688 1 8705758 54753 1.9 60 32 1 14 30% 289 33093 3193 28%
c - 253.64 90 74 71 556 196688 1 8729316 54272 1.9 62 33 1 14 31% 289 33093 3193 28%
c - 254.29 96 73 71 557 196688 1 8752896 53516 1.9 63 33 1 14 30% 289 33093 3193 28%
c o 254.55 96 73 71 557 196690 1 8762478 62856 1.9 63 33 1 14 30% 289 33093 3193 28%
c - 254.91 100 74 71 558 196698 1 8776497 56082 1.9 63 33 1 14 31% 289 33093 3193 28%
c - 255.48 106 75 71 559 196708 1 8800119 59561 1.9 61 32 1 14 31% 289 33093 3193 28%
c ] 255.86 106 74 72 559 196717 1 8815918 75039 1.9 61 32 1 14 31% 289 33093 3193 28%
c { 255.86 106 73 72 559 196717 5 8815918 75039 2.1 29 14 1 4 23% 289 33093 3193 28%
c - 256.14 106 74 72 560 197093 5 8823762 63753 2.1 29 14 1 4 23% 289 33093 3193 28%
c
c seconds    switched       rate           size/glue  tier1   binary        remaining
c         MB   reductions      conflicts         size   tier2    irredundant
c          level      restarts        redundant     glue   trail       variables
c
c u 257.14 95 75 72 560 198129 5 8846623 84301 2.1 29 14 1 4 24% 289 33093 3193 28%
c v 257.24 95 75 72 560 198129 5 8846623 80829 2.1 29 14 1 4 24% 289 33093 3193 28%
c w 257.46 105 75 72 560 198129 5 8846623 79655 2.1 29 14 1 4 24% 289 33093 3193 28%
c - 257.51 103 75 72 561 198174 5 8847428 65671 2.1 29 14 1 4 24% 289 33093 3193 28%
c - 258.35 103 76 72 562 199228 5 8871114 71579 2.1 29 14 1 4 24% 289 33093 3193 28%
c s 258.95 103 76 72 562 200072 6 8887748 87821 2.1 29 14 1 4 23% 289 33092 3193 28%
c - 259.24 103 77 72 563 200408 6 8894821 75922 2.1 29 14 1 4 23% 289 33092 3193 28%
c - 260.22 103 77 72 564 201681 6 8918550 78969 2.0 29 14 1 4 23% 289 33092 3193 28%
c - 261.19 109 77 72 565 202912 6 8942298 81426 2.0 29 14 1 4 23% 289 33092 3193 28%
c - 262.22 119 77 72 566 204259 6 8966068 83498 2.0 29 14 1 4 23% 289 33092 3193 28%
c - 263.29 73 77 72 567 205695 6 8989858 85107 2.0 29 14 1 4 23% 289 33092 3193 28%
c - 264.32 78 77 72 568 206948 6 9013670 86696 2.0 29 14 1 4 23% 289 33092 3193 28%
c - 265.42 85 77 72 569 208260 6 9037502 88088 2.0 30 15 1 4 23% 289 33092 3193 28%
c - 266.51 90 78 72 570 209509 6 9061355 89200 2.0 30 15 1 4 23% 289 33092 3193 28%
c } 267.45 98 77 73 570 210598 6 9084834 111876 2.1 30 15 1 4 23% 289 33092 3193 28%
c [ 267.45 98 74 73 570 210598 1 9084834 111876 1.9 61 32 1 14 31% 289 33092 3193 28%
c W 267.50 98 74 73 570 210598 1 9084834 111876 1.9 61 32 1 14 31% 289 33092 3193 28%
c - 267.52 98 75 73 571 210598 1 9085230 90451 1.9 61 32 1 14 31% 289 33092 3193 28%
c - 268.12 100 75 73 572 210611 1 9109126 84335 2.0 61 31 1 14 31% 289 33092 3193 28%
c - 268.80 100 76 73 573 210622 1 9133042 73342 2.0 59 30 1 14 30% 289 33092 3193 28%
c
c seconds     switched       rate           size/glue  tier1    binary        remaining
c          MB   reductions      conflicts         size   tier2     irredundant
c           level      restarts        redundant     glue    trail       variables
c
c u 269.62 100 77 73 573 210628 1 9156927 91044 2.0 60 31 1 14 30% 289 33092 3193 28%
c v 269.75 100 77 73 573 210628 1 9156927 85009 2.0 60 31 1 14 30% 289 33092 3193 28%
c w 270.04 111 77 73 573 210628 1 9156927 84427 2.0 60 31 1 14 30% 289 33092 3193 28%
c x 270.09 111 77 73 573 210628 1 9156927 84421 2.0 60 31 1 14 30% 289 33071 3193 28%
c - 270.11 111 77 73 574 210628 1 9156979 61055 2.0 60 31 1 14 30% 289 33071 3193 28%
c o 270.50 111 77 73 574 210634 1 9173447 77067 2.0 61 31 1 14 31% 289 33071 3193 28%
c - 270.72 111 78 73 575 210637 1 9180937 60200 2.0 62 31 1 14 31% 289 33071 3193 28%
c - 271.39 111 78 73 576 210647 1 9204917 59698 2.0 64 33 1 14 31% 289 33071 3193 28%
c - 272.03 111 79 73 577 210658 1 9228917 60312 2.0 65 33 1 14 32% 289 33071 3193 28%
c - 272.74 53 80 73 578 210660 1 9252937 60829 2.0 66 33 1 14 32% 289 33071 3193 28%
c - 273.47 55 80 73 579 210660 1 9276981 59446 2.0 67 34 1 14 33% 289 33071 3193 28%
c - 274.16 60 79 73 580 210673 1 9301044 60673 2.0 67 34 1 14 33% 289 33071 3193 28%
c - 274.72 60 80 73 581 210682 1 9325127 63762 2.0 64 32 1 14 32% 289 33071 3193 28%
c - 275.37 60 80 73 582 210691 1 9349231 64969 2.0 64 32 1 14 33% 289 33071 3193 28%
c - 275.98 60 80 73 583 210698 1 9373357 64934 2.0 64 31 1 14 33% 289 33071 3193 28%
c - 276.58 60 80 73 584 210706 1 9397503 66320 2.0 63 31 1 14 32% 289 33071 3193 28%
c - 277.32 61 80 73 585 210720 1 9421669 65566 2.0 64 32 1 14 33% 289 33071 3193 28%
c - 277.91 61 78 73 586 210722 1 9445855 65456 2.0 62 31 1 14 32% 289 33071 3193 28%
c O 277.96 61 78 73 586 210723 1 9447904 67434 2.0 62 31 1 14 32% 289 33071 3193 28%
c - 278.54 61 78 73 587 210723 1 9470064 64221 2.1 64 31 1 14 32% 289 33071 3193 28%
c
c seconds    switched       rate           size/glue  tier1    binary        remaining
c         MB   reductions      conflicts         size   tier2     irredundant
c          level      restarts        redundant     glue    trail       variables
c
c u 278.75 61 77 73 587 210723 1 9473099 64326 2.1 64 30 1 14 32% 289 33071 3193 28%
c v 278.81 61 77 73 587 210723 1 9473099 61134 2.1 64 30 1 14 32% 289 33071 3193 28%
c w 279.10 61 77 73 587 210723 1 9473099 58192 2.1 64 30 1 14 32% 289 33071 3193 28%
c - 279.60 61 78 73 588 210724 1 9494293 55226 2.1 63 31 1 14 32% 289 33071 3193 28%
c - 280.22 57 78 73 589 210724 1 9518542 57204 2.0 62 30 1 14 31% 289 33071 3193 28%
c ] 280.79 63 78 74 589 210724 1 9540907 79170 2.0 61 30 1 14 30% 289 33071 3193 28%
c { 280.79 63 77 74 589 210724 6 9540907 79170 2.1 30 15 1 4 23% 289 33071 3193 28%
c - 280.86 63 77 74 590 210820 6 9542811 58893 2.1 30 15 1 4 23% 289 33071 3193 28%
c - 281.59 63 78 74 591 211756 6 9567101 68217 2.1 30 15 1 4 23% 289 33071 3193 28%
c - 282.47 63 78 74 592 212746 6 9591411 75678 2.1 30 15 1 4 23% 289 33071 3193 28%
c o 282.54 63 78 74 592 212840 6 9593451 77666 2.1 30 15 1 4 23% 289 33071 3193 28%
c - 283.43 41 79 74 593 213893 6 9615743 79756 2.1 30 15 1 4 23% 289 33071 3193 28%
c - 284.44 45 79 74 594 215055 6 9640095 82800 2.1 30 15 1 4 23% 289 33071 3193 28%
c s 284.85 46 79 74 594 215559 6 9650611 93091 2.1 30 15 1 4 23% 289 33070 3193 28%
c - 285.48 49 79 74 595 216271 6 9664468 85136 2.0 30 15 1 4 23% 289 33070 3193 28%
c - 286.47 55 79 74 596 217361 6 9688860 87228 2.1 30 15 1 4 23% 289 33070 3193 28%
c - 287.48 91 79 74 597 218465 6 9713273 89034 2.1 30 15 1 4 23% 289 33070 3193 28%
c - 288.55 112 79 74 598 219658 6 9737706 90406 2.1 30 15 1 4 23% 289 33070 3193 28%
c - 289.70 123 78 74 599 221045 6 9762160 91443 2.1 31 15 1 4 24% 289 33070 3193 28%
c - 290.87 129 79 74 600 222417 6 9786637 92474 2.1 31 15 1 4 23% 289 33070 3193 28%
c
c seconds     switched       rate           size/glue  tier1   binary        remaining
c          MB   reductions      conflicts         size   tier2    irredundant
c           level      restarts        redundant     glue   trail       variables
c
c u 291.38 142 79 74 600 222780 6 9795127 96062 2.1 31 15 1 4 23% 289 33070 3193 28%
c v 291.56 142 79 74 600 222780 6 9795127 87622 2.1 31 15 1 4 23% 289 33070 3193 28%
c w 291.93 143 79 74 600 222780 6 9795127 86657 2.1 31 15 1 4 23% 289 33070 3193 28%
c = 293.72 144 79 74 600 222780 6 9795127 86657 2.1 31 15 1 4 23% 291 33070 3192 28%
c d 293.72 144 79 74 600 222780 6 9795127 86657 2.1 31 15 1 4 23% 289 33070 3192 28%
c u 293.88 144 79 74 600 222780 6 9795127 85972 2.1 31 15 1 4 23% 289 33070 3192 28%
c v 294.01 144 79 74 600 222780 6 9795127 83996 2.1 31 15 1 4 23% 289 33070 3192 28%
c w 294.44 144 79 74 600 222780 6 9795127 81657 2.1 31 15 1 4 23% 289 33070 3192 28%
c - 295.09 152 79 74 601 223512 6 9811131 78192 2.1 31 15 1 4 24% 289 33070 3192 28%
c } 295.55 152 79 75 601 224066 6 9823734 90536 2.0 31 15 1 4 24% 289 33070 3192 28%
c [ 295.55 152 78 75 601 224066 1 9823734 90536 2.0 61 30 1 14 30% 289 33070 3192 28%
c B 295.55 152 78 75 601 224066 1 9823734 90536 2.0 61 30 1 14 30% 289 33070 3192 28%
c - 295.85 152 78 75 602 224072 1 9835647 79271 2.0 61 30 1 14 30% 289 33070 3192 28%
c - 296.53 154 79 75 603 224083 1 9860182 73637 2.0 61 31 1 14 30% 289 33070 3192 28%
c - 297.15 154 80 75 604 224095 1 9884741 66617 2.0 62 31 1 14 30% 289 33070 3192 28%
c - 297.78 154 79 75 605 224099 1 9909318 62918 1.9 62 32 1 14 30% 289 33070 3192 28%
c - 298.36 154 79 75 606 224111 1 9933915 63768 1.9 60 31 1 14 30% 289 33070 3192 28%
c - 299.00 154 79 75 607 224124 1 9958532 66414 1.9 59 31 1 14 30% 289 33070 3192 28%
c - 299.68 154 78 75 608 224127 1 9983171 67489 1.9 58 30 1 14 29% 289 33070 3192 28%
c ] 300.15 154 77 75 608 224128 1 10000001 83938 1.9 59 31 1 14 29% 289 33070 3192 28%
c
c seconds     switched       rate            size/glue  tier1   binary        remaining
c          MB   reductions      conflicts          size   tier2    irredundant
c           level      restarts         redundant     glue   trail       variables
c
c ? 300.15 154 79 75 608 224128 6 10000001 83938 2.0 31 15 1 4 24% 289 33070 3192 28%
c
c ---- [ result ] ------------------------------------------------------------
c
s UNKNOWN
c
c ---- [ profiling ] ---------------------------------------------------------
c
c         275.36   91.74 %  search
c         144.89   48.27 %  stable
c         130.46   43.47 %  focused
c          24.75    8.25 %  simplify
c          23.97    7.99 %  probe
c          18.40    6.13 %  vivify
c           4.96    1.65 %  sweep
c           2.17    0.72 %  reduce
c           0.58    0.19 %  walking
c           0.34    0.11 %  substitute
c           0.24    0.08 %  eliminate
c           0.15    0.05 %  factor
c           0.07    0.02 %  congruence
c           0.03    0.01 %  preprocess
c           0.03    0.01 %  subsume
c           0.03    0.01 %  transitive
c           0.01    0.00 %  backbone
c           0.00    0.00 %  parse
c           0.00    0.00 %  lucky
c =============================================
c         300.15  100.00 %  total
c
c ---- [ statistics ] --------------------------------------------------------
c
c chronological:                         5106                0 %  conflicts
c conflicts:                         10000001            33316.79 per second
c congruent:                             1237               11 %  variables
c decisions:                         33830123                3.38 per conflict
c eliminated:                            6157               55 %  variables
c factored:                               264                2 %  variables
c propagations:                    1102876498          3674430    per second
c reductions:                             608            16447    interval
c reordered:                               43           232558    interval
c rephased:                                61           163934    interval
c restarts:                            224128               45    interval
c strengthened:                          3996                0 %  checks
c substituted:                           2148               19 %  variables
c subsumed:                              5578                0 %  checks
c switched:                                75           133333    interval
c vivified:                            801814               26 %  checks
c walks:                                   20           500000    interval
c
c ---- [ glue usage ] --------------------------------------------------------
c
c focused glue 1 used 23957932 clauses 70.84% accumulated 70.84% tier1
c focused glue 2 used  4349040 clauses 12.86% accumulated 83.70%
c focused glue 3 used  1603878 clauses  4.74% accumulated 88.44%
c focused glue 4 used   840716 clauses  2.49% accumulated 90.93% tier2
c
c stable glue 1    used 48718201 clauses 54.44% accumulated 54.44% tier1
c stable glue 2    used 12554805 clauses 14.03% accumulated 68.48%
c stable glue 3-12 used 18203961 clauses 20.34% accumulated 88.82%
c stable glue 13   used   813462 clauses  0.91% accumulated 89.73%
c stable glue 14   used   710906 clauses  0.79% accumulated 90.52% tier2
c
c ---- [ resources ] ---------------------------------------------------------
c
c maximum-resident-set-size:     238035140608 bytes     227008 MB
c process-time:                             5m             300.15 seconds
c
c ---- [ shutting down ] -----------------------------------------------------
c
c exit 0
