c ---- [ banner ] ------------------------------------------------------------
c
c Kissat SAT Solver
c 
c Copyright (c) 2021-2024 Armin Biere University of Freiburg
c Copyright (c) 2019-2021 Armin Biere Johannes Kepler University Linz
c 
c Version 4.0.4 unknown
c Apple clang version 17.0.0 (clang-1700.3.19.1) -W -Wall -O3 -DNDEBUG
c Thu Oct 16 20:09:41 UTC 2025 Darwin Tahoe-arm64.local 25.0.0 arm64
c
c ---- [ parsing ] -----------------------------------------------------------
c
c opened and reading DIMACS file:
c
c   cnfs_n32/sr61_cascade_m9cfea9ce_f00000000_bit31.cnf
c
c parsed 'p cnf 11221 47509' header
c closing input after reading 857287 bytes (837 KB)
c finished parsing after 0.00 seconds
c
c ---- [ options ] -----------------------------------------------------------
c
c --seed=5                         (different from default '0')
c
c ---- [ limits ] ------------------------------------------------------------
c
c conflict limit set to 10000000 conflicts
c
c ---- [ solving ] -----------------------------------------------------------
c
c seconds switched rate     size/glue tier1  binary         remaining
c        MB reductions conflicts size  tier2    irredundant
c         level restarts redundant glue  trail         variables
c
c *  0.00  8 0 0 0  0 0   0   0 0.0 0 0 0 0 0% 3784 43660 11220 100%
c (  0.00  8 0 0 0  0 0   0   0 0.0 0 0 0 0 0% 3784 43660 11220 100%
c .  0.01  8 0 0 0  0 0   0   0 0.0 0 0 0 0 0% 3784 43660 11220 100%
c c  0.01 13 0 0 0  0 0   0   0 0.0 0 0 0 0 0% 5500 40552 10043 90%
c d  0.01 13 0 0 0  0 0   0   0 0.0 0 0 0 0 0% 3144 40552 10043 90%
c =  0.03 13 0 0 0  0 0   0   0 0.0 0 0 0 0 0% 3186 40552 9942 89%
c d  0.03 13 0 0 0  0 0   0   0 0.0 0 0 0 0 0% 2984 40552 9942 89%
c f  0.04 13 0 0 0  0 0   0   0 0.0 0 0 0 0 0% 3363 39908 10144 90%
c )  0.04 13 0 0 0  0 0   0   0 0.0 0 0 0 0 0% 3363 39908 10144 90%
c {  0.04 13 0 0 0  0 0   0   0 0.0 0 0 2 6 0% 3363 39908 10144 90%
c -  0.04 13 146 0 1 232 24 1000 775 1.6 4 3 2 4 7% 3431 39900 10144 90%
c }  0.04 13 146 1 1 232 24 1000 775 1.6 4 3 2 4 7% 3431 39900 10144 90%
c [  0.04 13 0 1 1 232 0 1000 775 0.0 0 0 2 6 0% 3431 39900 10144 90%
c B  0.04 13 58 1 1 232 23 1001 776 1.5 3 2 2 6 2% 3431 39900 10144 90%
c ]  0.05 13 316 2 1 232 5 1687 1400 2.2 26 12 4 23 26% 3440 39900 10144 90%
c {  0.05 13 146 2 1 232 24 1687 1400 1.6 4 3 2 4 7% 3440 39900 10144 90%
c -  0.05 13 143 2 2 291 25 2000 1606 1.6 5 3 2 4 8% 3466 39899 10144 90%
c c  0.07 13 115 2 2 404 22 2560 2001 1.6 5 3 2 4 7% 3566 39882 10143 90%
c d  0.07 13 115 2 2 404 22 2560 2001 1.6 5 3 2 4 7% 3559 39882 10140 90%
c u  0.07 13 115 2 2 404 22 2560 1613 1.6 5 3 2 4 7% 3574 39882 10140 90%
c
c seconds   switched   rate       size/glue tier1  binary         remaining
c        MB  reductions conflicts      size  tier2    irredundant
c          level restarts    redundant   glue  trail         variables
c
c v  0.07 13 115 2 2 404 22 2560 1470 1.6 5 3 2 4 7% 3575 39882 10140 90%
c w  0.07 13 115 2 2 404 22 2560 1368 1.6 5 3 2 4 7% 3575 39882 10140 90%
c x  0.08 13 115 2 2 404 22 2560 1368 1.6 5 3 2 4 7% 3575 39810 10140 90%
c =  0.09 14 115 2 2 404 22 2560 1368 1.6 5 3 2 4 7% 3691 39810 10082 90%
c d  0.09 14 115 2 2 404 22 2560 1335 1.6 5 3 2 4 7% 3572 39810 10082 90%
c t  0.09 14 115 2 2 404 22 2560 1335 1.6 5 3 2 4 7% 3568 39810 10082 90%
c u  0.10 14 115 2 2 404 22 2560 1265 1.6 5 3 2 4 7% 3573 39810 10082 90%
c v  0.10 14 115 2 2 404 22 2560 1232 1.6 5 3 2 4 7% 3573 39810 10082 90%
c w  0.10 14 115 2 2 404 22 2560 1192 1.6 5 3 2 4 7% 3573 39810 10082 90%
c =  0.11 14 115 2 2 404 22 2560 1192 1.6 5 3 2 4 7% 3753 39810 9992 89%
c d  0.11 14 115 2 2 404 22 2560 1103 1.6 5 3 2 4 7% 3561 39810 9992 89%
c }  0.12 14 110 3 2 439 22 2687 1212 1.6 5 3 2 4 7% 3574 39809 9992 89%
c [  0.12 14 316 3 2 439 5 2687 1212 2.2 26 12 4 23 26% 3574 39809 9992 89%
c W  0.12 14 316 3 2 439 5 2687 1212 2.2 26 12 4 23 26% 3574 39809 9992 89%
c ]  0.13 14 281 4 2 439 5 3037 1537 2.3 28 12 4 23 31% 3583 39809 9992 89%
c {  0.13 14 110 4 2 439 22 3037 1537 1.6 5 3 2 4 7% 3583 39809 9992 89%
c -  0.14 14 102 4 3 562 22 3414 1727 1.6 5 3 2 4 7% 3615 39802 9992 89%
c -  0.16 14 89 4 4 1071 24 5148 2960 1.7 7 4 2 5 9% 3762 39781 9992 89%
c }  0.16 14 89 5 4 1129 24 5389 3161 1.7 7 4 2 5 9% 3775 39778 9992 89%
c [  0.16 14 281 5 4 1129 5 5389 3161 2.3 28 12 4 23 31% 3775 39778 9992 89%
c
c seconds   switched   rate       size/glue  tier1     binary        remaining
c        MB  reductions conflicts       size   tier2      irredundant
c          level  restarts   redundant     glue    trail        variables
c
c I  0.16 14 281 5 4 1129 5 5389 3161 2.3 28 12 4 23 31% 3775 39778 9992 89%
c -  0.18 14 167 5 5 1130 4 7148 4153 2.4 27 11 2 13 27% 3821 39773 9992 89%
c u  0.20 14 154 5 5 1131 4 7885 4182 2.4 28 11 2 13 26% 3853 39772 9992 89%
c v  0.21 14 154 5 5 1131 4 7885 3919 2.4 28 11 2 13 26% 3853 39772 9992 89%
c w  0.21 14 154 5 5 1131 4 7885 3919 2.4 28 11 2 13 26% 3853 39772 9992 89%
c x  0.21 14 154 5 5 1131 4 7885 3919 2.4 28 11 2 13 26% 3869 39719 9992 89%
c =  0.23 14 154 5 5 1131 4 7885 3919 2.4 28 11 2 13 26% 3881 39719 9986 89%
c d  0.23 14 154 5 5 1131 4 7885 3919 2.4 28 11 2 13 26% 3869 39719 9986 89%
c t  0.23 14 154 5 5 1131 4 7885 3919 2.4 28 11 2 13 26% 3844 39719 9986 89%
c f  0.23 14 154 5 5 1131 4 7885 3919 2.4 28 11 2 13 26% 3843 39719 9987 89%
c u  0.23 14 154 5 5 1131 4 7885 3820 2.4 28 11 2 13 26% 3844 39719 9987 89%
c v  0.24 14 154 5 5 1131 4 7885 3685 2.4 28 11 2 13 26% 3844 39719 9987 89%
c w  0.24 14 154 5 5 1131 4 7885 3658 2.4 28 11 2 13 26% 3844 39719 9987 89%
c ]  0.27 15 139 6 5 1131 3 9010 4729 2.5 29 12 2 12 26% 3851 39718 9987 89%
c {  0.27 15 89 6 5 1131 24 9010 4729 1.7 7 4 2 5 9% 3851 39718 9987 89%
c -  0.28 15 88 6 6 1179 23 9385 4211 1.7 7 4 2 5 9% 3882 39716 9987 89%
c o  0.29 15 85 6 6 1265 22 10002 4747 1.7 7 4 2 5 9% 3915 39716 9987 89%
c -  0.32 17 78 6 7 1666 20 11834 5650 1.7 7 4 2 4 9% 3984 39715 9987 89%
c s  0.34 17 76 6 7 1850 19 12797 6495 1.7 8 4 2 4 9% 4031 38378 9987 89%
c e  0.35 17 76 6 7 1850 19 12797 6495 1.7 8 4 2 4 9% 2731 38075 6833 61%
c
c seconds  switched    rate        size/glue tier1  binary        remaining
c        MB reductions   conflicts      size  tier2    irredundant
c         level  restarts     redundant   glue  trail        variables
c
c s  0.36 17 76 6 7 1850 19 12797 6495 1.7 8 4 2 4 9% 2738 37862 6833 61%
c e  0.36 17 76 6 7 1850 19 12797 6495 1.7 8 4 2 4 9% 2704 37871 6813 61%
c ^  0.36 17 76 6 7 1850 19 12797 6495 1.7 8 4 2 4 9% 2704 37871 6813 61%
c }  0.36 17 77 7 7 1908 19 13079 3632 1.7 8 4 2 4 9% 2714 37870 6813 61%
c [  0.36 17 139 7 7 1908 3 13079 3632 2.5 29 12 2 12 26% 2714 37870 6813 61%
c B  0.36 17 139 7 7 1908 3 13079 3632 2.5 29 12 2 12 26% 2714 37870 6813 61%
c -  0.38 18 132 7 8 1909 3 14480 4398 2.4 32 13 2 13 26% 2729 37869 6813 61%
c u  0.41 18 127 7 8 1910 3 16152 5317 2.4 35 14 2 13 24% 2743 37868 6813 61%
c v  0.41 18 127 7 8 1910 3 16152 5034 2.4 35 14 2 13 24% 2743 37868 6813 61%
c w  0.42 20 127 7 8 1910 3 16152 5014 2.4 35 14 2 13 24% 2743 37868 6813 61%
c t  0.42 20 127 7 8 1910 3 16152 5014 2.4 35 14 2 13 24% 2730 37868 6813 61%
c f  0.43 20 127 7 8 1910 3 16152 5014 2.4 35 14 2 13 24% 2744 37836 6820 61%
c u  0.44 20 127 7 8 1910 3 16152 4931 2.4 35 14 2 13 24% 2746 37836 6820 61%
c v  0.44 20 127 7 8 1910 3 16152 4837 2.4 35 14 2 13 24% 2746 37836 6820 61%
c w  0.44 20 127 7 8 1910 3 16152 4823 2.4 35 14 2 13 24% 2746 37836 6820 61%
c x  0.45 20 127 7 8 1910 3 16152 4823 2.4 35 14 2 13 24% 2774 37654 6820 61%
c =  0.47 20 127 7 8 1910 3 16152 4823 2.4 35 14 2 13 24% 2900 37182 6757 60%
c d  0.47 20 127 7 8 1910 3 16152 4822 2.4 35 14 2 13 24% 2770 37182 6757 60%
c t  0.47 20 127 7 8 1910 3 16152 4822 2.4 35 14 2 13 24% 2749 37182 6757 60%
c f  0.47 20 127 7 8 1910 3 16152 4822 2.4 35 14 2 13 24% 2758 37160 6762 60%
c
c seconds   switched   rate        size/glue  tier1     binary        remaining
c        MB  reductions  conflicts       size   tier2      irredundant
c          level  restarts    redundant     glue    trail        variables
c
c -  0.49 20 123 7 9 1910 3 17308 4914 2.4 35 14 2 13 24% 2769 37160 6762 60%
c W  0.51 20 123 7 9 1912 3 18609 6170 2.4 38 16 2 13 24% 2775 37160 6762 60%
c ]  0.53 20 120 8 9 1913 3 19831 7325 2.5 38 15 2 13 24% 2777 37160 6762 60%
c {  0.53 20 77 8 9 1913 19 19831 7325 1.7 8 4 2 4 9% 2777 37160 6762 60%
c o  0.53 20 76 8 9 1937 19 20042 7522 1.7 8 4 2 4 9% 2780 37160 6762 60%
c -  0.54 20 76 8 10 2006 19 20308 6316 1.7 8 5 2 4 9% 2783 37160 6762 60%
c -  0.59 20 72 8 11 2752 19 23470 7657 1.8 9 5 1 4 9% 2818 37159 6762 60%
c s  0.63 20 71 8 11 3292 19 25642 9687 1.8 9 5 1 4 10% 2848 36943 6762 60%
c e  0.64 20 71 8 11 3292 19 25642 9687 1.8 9 5 1 4 10% 2253 37625 6344 57%
c s  0.64 20 71 8 11 3292 19 25642 9687 1.8 9 5 1 4 10% 2310 37368 6344 57%
c e  0.65 20 71 8 11 3292 19 25642 9687 1.8 9 5 1 4 10% 2298 37385 6338 56%
c ^  0.65 20 71 8 11 3292 19 25642 9687 1.8 9 5 1 4 10% 2298 37385 6338 56%
c }  0.66 20 71 9 11 3361 19 25990 7547 1.8 10 5 1 4 10% 2301 37385 6338 56%
c [  0.66 20 120 9 11 3361 3 25990 7547 2.5 38 15 2 13 24% 2301 37385 6338 56%
c O  0.66 20 120 9 11 3361 3 26137 7683 2.4 37 15 2 13 23% 2302 37385 6338 56%
c -  0.67 20 119 9 12 3361 3 26786 6989 2.4 38 15 2 13 24% 2303 37385 6338 56%
c u  0.68 20 118 9 12 3362 3 27598 7243 2.4 38 16 2 13 24% 2308 37385 6338 56%
c v  0.69 20 118 9 12 3362 3 27598 6317 2.4 38 16 2 13 24% 2310 37385 6338 56%
c w  0.70 20 118 9 12 3362 3 27598 6300 2.4 38 16 2 13 24% 2310 37385 6338 56%
c t  0.72 20 118 9 12 3362 3 27598 6300 2.4 38 16 2 13 24% 2306 37385 6338 56%
c
c seconds   switched    rate        size/glue  tier1     binary        remaining
c        MB   reductions  conflicts       size   tier2      irredundant
c          level   restarts    redundant     glue    trail        variables
c
c f  0.73 20 118 9 12 3362 3 27598 6300 2.4 38 16 2 13 24% 2386 37167 6380 57%
c u  0.73 20 118 9 12 3362 3 27598 6210 2.4 38 16 2 13 24% 2388 37167 6380 57%
c v  0.74 20 118 9 12 3362 3 27598 5992 2.4 38 16 2 13 24% 2388 37167 6380 57%
c w  0.74 20 118 9 12 3362 3 27598 5984 2.4 38 16 2 13 24% 2388 37167 6380 57%
c x  0.75 20 118 9 12 3362 3 27598 5982 2.4 38 16 2 13 24% 2449 36905 6380 57%
c t  0.75 20 118 9 12 3362 3 27598 5982 2.4 38 16 2 13 24% 2439 36905 6380 57%
c -  0.79 20 117 9 13 3364 3 30251 6642 2.4 40 17 2 14 24% 2443 36903 6380 57%
c -  0.83 20 115 9 14 3366 2 33857 7540 2.3 40 17 2 13 24% 2449 36903 6380 57%
c B  0.86 20 114 9 14 3367 2 35899 9514 2.4 41 17 2 13 25% 2452 36903 6380 57%
c ]  0.87 20 114 10 14 3367 2 36377 9982 2.4 42 17 2 13 25% 2452 36903 6380 57%
c {  0.87 20 71 10 14 3367 19 36377 9982 1.8 10 5 1 4 10% 2452 36903 6380 57%
c -  0.89 20 71 10 15 3626 19 37598 8803 1.8 10 5 1 4 10% 2465 36903 6380 57%
c o  0.93 20 70 10 15 4094 19 40049 11090 1.8 10 6 1 4 10% 2482 36903 6380 57%
c -  0.96 21 70 10 16 4430 19 41471 10498 1.8 10 6 1 4 10% 2489 36903 6380 57%
c u  0.98 21 70 10 16 4632 19 42347 10669 1.8 10 6 1 4 10% 2495 36903 6380 57%
c v  0.99 21 70 10 16 4632 19 42347 10217 1.8 10 6 1 4 10% 2495 36903 6380 57%
c w  0.99 21 70 10 16 4632 19 42347 10200 1.8 10 6 1 4 10% 2495 36903 6380 57%
c x  1.00 21 70 10 16 4632 19 42347 10197 1.8 10 6 1 4 10% 2496 36792 6380 57%
c =  1.03 21 70 10 16 4632 19 42347 10197 1.8 10 6 1 4 10% 2880 36312 6188 55%
c d  1.03 21 70 10 16 4632 19 42347 10193 1.8 10 6 1 4 10% 2487 36312 6188 55%
c
c seconds   switched     rate         size/glue tier1    binary        remaining
c        MB   reductions   conflicts        size  tier2     irredundant
c         level    restarts      redundant    glue   trail        variables
c
c t  1.03 21 70 10 16 4632 19 42347 10193 1.8 10 6 1 4 10% 2486 36312 6188 55%
c u  1.05 21 70 10 16 4632 19 42347 10118 1.8 10 6 1 4 10% 2486 36312 6188 55%
c v  1.05 21 70 10 16 4632 19 42347 9804 1.8 10 6 1 4 10% 2486 36312 6188 55%
c w  1.05 21 70 10 16 4632 19 42347 9773 1.8 10 6 1 4 10% 2486 36312 6188 55%
c x  1.06 21 70 10 16 4632 19 42347 9770 1.8 10 6 1 4 10% 2495 35735 6188 55%
c =  1.09 21 70 10 16 4632 19 42347 9770 1.8 10 6 1 4 10% 3197 35735 5837 52%
c d  1.09 21 70 10 16 4632 19 42347 9768 1.8 10 6 1 4 10% 2493 35735 5837 52%
c t  1.09 21 70 10 16 4632 19 42347 9768 1.8 10 6 1 4 10% 2490 35735 5837 52%
c }  1.14 21 71 11 16 5135 19 45006 12277 1.8 11 6 1 4 10% 2501 35735 5837 52%
c [  1.14 21 114 11 16 5135 2 45006 12277 2.4 42 17 2 13 25% 2501 35735 5837 52%
c -  1.15 21 114 11 17 5135 2 45472 10554 2.4 42 17 2 13 25% 2501 35735 5837 52%
c W  1.21 21 112 11 17 5137 2 48122 13131 2.4 43 18 2 13 25% 2503 35735 5837 52%
c -  1.24 21 111 11 18 5138 2 49595 11068 2.4 44 18 2 12 25% 2503 35735 5837 52%
c s  1.31 21 110 11 18 5141 2 53527 14892 2.4 46 19 2 12 25% 2504 32018 5837 52%
c e  1.32 21 110 11 18 5141 2 53527 14892 2.4 46 19 2 12 25% 1837 27071 4712 42%
c s  1.32 21 110 11 18 5141 2 53527 14892 2.4 46 19 2 12 25% 1844 26906 4712 42%
c e  1.32 21 110 11 18 5141 2 53527 14892 2.4 46 19 2 12 25% 1830 26905 4702 42%
c ^  1.32 21 110 11 18 5141 2 53527 14892 2.4 46 19 2 12 25% 1830 26905 4702 42%
c -  1.33 21 110 11 19 5141 2 53840 8267 2.4 46 19 2 12 25% 1830 26905 4702 42%
c ]  1.37 21 110 12 19 5141 2 56383 10747 2.4 48 20 2 12 26% 1830 26905 4702 42%
c
c seconds   switched     rate         size/glue tier1    binary        remaining
c        MB   reductions   conflicts        size  tier2     irredundant
c         level    restarts      redundant    glue   trail        variables
c
c {  1.37 21 71 12 19 5141 19 56383 10747 1.8 11 6 1 4 10% 1830 26905 4702 42%
c -  1.40 21 70 12 20 5465 18 58198 9915 1.8 11 6 1 4 11% 1838 26905 4702 42%
c u  1.45 21 69 12 20 5942 18 60527 11055 1.8 11 6 1 4 11% 1844 26904 4702 42%
c v  1.45 21 69 12 20 5942 18 60527 10418 1.8 11 6 1 4 11% 1844 26904 4702 42%
c w  1.46 21 69 12 20 5942 18 60527 10391 1.8 11 6 1 4 11% 1844 26904 4702 42%
c x  1.46 21 69 12 20 5942 18 60527 10388 1.8 11 6 1 4 11% 1863 26731 4702 42%
c t  1.51 21 69 12 20 5942 18 60527 10388 1.8 11 6 1 4 11% 1856 26731 4702 42%
c f  1.51 21 69 12 20 5942 18 60527 10388 1.8 11 6 1 4 11% 1859 26723 4703 42%
c u  1.52 21 69 12 20 5942 18 60527 10270 1.8 11 6 1 4 11% 1860 26723 4703 42%
c v  1.53 21 69 12 20 5942 18 60527 9727 1.8 11 6 1 4 11% 1861 26723 4703 42%
c w  1.53 21 69 12 20 5942 18 60527 9698 1.8 11 6 1 4 11% 1861 26723 4703 42%
c x  1.54 21 69 12 20 5942 18 60527 9683 1.8 11 6 1 4 11% 1865 26623 4703 42%
c t  1.54 21 69 12 20 5942 18 60527 9683 1.8 11 6 1 4 11% 1863 26623 4703 42%
c -  1.57 21 70 12 21 6197 18 62670 10204 1.8 11 6 1 4 11% 1871 26623 4703 42%
c -  1.64 21 69 12 22 7005 17 67252 12504 1.8 12 6 1 4 11% 1879 26623 4703 42%
c }  1.65 21 69 13 22 7135 17 67862 13079 1.8 12 6 1 4 12% 1879 26623 4703 42%
c [  1.65 21 110 13 22 7135 2 67862 13079 2.4 48 20 2 12 26% 1879 26623 4703 42%
c I  1.65 21 110 13 22 7135 2 67862 13079 2.4 48 20 2 12 26% 1879 26623 4703 42%
c -  1.72 21 108 13 23 7137 2 71944 13429 2.4 49 21 2 12 26% 1881 26623 4703 42%
c o  1.75 21 107 13 23 7140 2 74090 15532 2.4 50 21 2 12 26% 1882 26623 4703 42%
c
c seconds    switched    rate         size/glue  tier1     binary        remaining
c        MB    reductions  conflicts        size   tier2      irredundant
c          level    restarts     redundant     glue    trail        variables
c
c -  1.80 21 106 13 24 7141 2 76739 12940 2.4 52 21 2 12 26% 1883 26623 4703 42%
c -  1.88 21 103 13 25 7143 2 81637 12851 2.4 52 21 2 11 26% 1886 26623 4703 42%
c u  1.90 21 103 13 25 7144 2 82704 12985 2.5 52 21 2 11 26% 1888 26623 4703 42%
c v  1.91 21 103 13 25 7144 2 82704 12362 2.5 52 21 2 11 26% 1888 26623 4703 42%
c w  1.91 21 103 13 25 7144 2 82704 12359 2.5 52 21 2 11 26% 1888 26623 4703 42%
c x  1.92 21 103 13 25 7144 2 82704 12352 2.5 52 21 2 11 26% 1921 26471 4703 42%
c t  1.97 21 103 13 25 7144 2 82704 12352 2.5 52 21 2 11 26% 1914 26471 4703 42%
c ]  1.98 21 103 14 25 7144 2 83484 13121 2.5 52 21 2 11 27% 1914 26471 4703 42%
c {  1.98 21 69 14 25 7144 17 83484 13121 1.8 12 6 1 4 12% 1914 26471 4703 42%
c -  2.03 21 69 14 26 7605 17 86637 12918 1.8 12 7 1 4 12% 1925 26471 4703 42%
c -  2.12 21 69 14 27 8442 17 91738 15118 1.8 12 7 1 4 12% 1934 26471 4703 42%
c -  2.23 21 69 14 28 9513 17 96934 16828 1.8 13 7 1 4 12% 1947 26471 4703 42%
c }  2.25 21 68 15 28 9626 17 98199 17962 1.8 13 7 1 4 12% 1948 26471 4703 42%
c [  2.25 21 103 15 28 9626 2 98199 17962 2.5 52 21 2 11 27% 1948 26471 4703 42%
c B  2.25 21 103 15 28 9626 2 98199 17962 2.5 52 21 2 11 27% 1948 26471 4703 42%
c s  2.27 21 103 15 28 9627 2 99481 19215 2.4 53 22 2 11 27% 1948 26466 4703 42%
c e  2.29 21 103 15 28 9627 2 99481 19215 2.4 53 22 2 11 27% 956 29131 4123 37%
c s  2.29 21 103 15 28 9627 2 99481 19215 2.4 53 22 2 11 27% 965 28771 4123 37%
c e  2.29 21 103 15 28 9627 2 99481 19215 2.4 53 22 2 11 27% 936 28833 4113 37%
c ^  2.29 21 103 15 28 9627 2 99481 19215 2.4 53 22 2 11 27% 936 28833 4113 37%
c
c seconds    switched    rate          size/glue  tier1    binary        remaining
c        MB    reductions  conflicts         size   tier2     irredundant
c          level    restarts      redundant     glue    trail       variables
c
c -  2.33 21 103 15 29 9628 2 102227 11986 2.4 53 22 2 11 27% 938 28833 4113 37%
c -  2.41 21 102 15 30 9632 2 107613 12736 2.4 53 22 2 11 27% 938 28833 4113 37%
c u  2.43 21 102 15 30 9632 2 108628 12498 2.4 54 22 2 11 27% 941 28833 4113 37%
c v  2.44 21 102 15 30 9632 2 108628 11463 2.4 54 22 2 11 27% 941 28833 4113 37%
c w  2.45 21 102 15 30 9632 2 108628 11458 2.4 54 22 2 11 27% 941 28833 4113 37%
c x  2.46 21 102 15 30 9632 2 108628 11395 2.4 54 22 2 11 27% 946 28529 4113 37%
c t  2.46 21 102 15 30 9632 2 108628 11395 2.4 54 22 2 11 27% 940 28529 4113 37%
c -  2.54 21 101 15 31 9635 2 113090 11370 2.5 55 22 2 11 27% 940 28529 4113 37%
c o  2.59 21 101 15 31 9638 2 116905 15104 2.5 54 22 2 11 27% 940 28529 4113 37%
c -  2.62 21 100 15 32 9638 2 118658 12264 2.5 55 22 2 11 27% 940 28529 4113 37%
c W  2.63 21 100 15 32 9639 2 119110 12710 2.5 55 22 2 11 27% 940 28529 4113 37%
c ]  2.70 21 100 16 32 9640 2 123601 17097 2.5 55 22 2 11 27% 940 28529 4113 37%
c {  2.70 21 68 16 32 9640 17 123601 17097 1.8 13 7 1 4 12% 940 28529 4113 37%
c -  2.71 21 68 16 33 9730 16 124314 13082 1.8 13 7 1 4 12% 944 28528 4113 37%
c -  2.79 21 68 16 34 10332 16 130059 15180 1.9 13 7 1 4 13% 948 28527 4113 37%
c -  2.87 22 68 16 35 10879 15 135889 17540 1.9 13 7 1 4 13% 953 28527 4113 37%
c u  2.93 22 68 16 35 11226 15 138284 18983 1.9 13 7 1 4 13% 962 28526 4113 37%
c v  2.94 22 68 16 35 11226 15 138284 18299 1.9 13 7 1 4 13% 963 28526 4113 37%
c w  2.94 22 68 16 35 11226 15 138284 18282 1.9 13 7 1 4 13% 963 28526 4113 37%
c x  2.95 22 68 16 35 11226 15 138284 18275 1.9 13 7 1 4 13% 964 28471 4113 37%
c
c seconds   switched      rate          size/glue tier1   binary        remaining
c        MB   reductions    conflicts         size  tier2    irredundant
c         level    restarts        redundant    glue   trail       variables
c
c t  2.95 22 68 16 35 11226 15 138284 18275 1.9 13 7 1 4 13% 963 28471 4113 37%
c -  3.02 22 69 16 36 11686 15 141805 18080 1.9 13 7 1 4 13% 965 28471 4113 37%
c }  3.02 22 69 17 36 11713 15 141938 18207 1.9 13 7 1 4 13% 966 28471 4113 37%
c [  3.02 22 100 17 36 11713 2 141938 18207 2.5 55 22 2 11 27% 966 28471 4113 37%
c O  3.04 22 99 17 36 11714 2 143336 19543 2.5 55 22 2 11 27% 967 28471 4113 37%
c -  3.12 22 99 17 37 11717 2 147806 19005 2.5 55 22 2 11 27% 967 28471 4113 37%
c -  3.21 22 98 17 38 11719 2 153888 17941 2.5 55 22 2 11 27% 967 28471 4113 37%
c -  3.30 22 98 17 39 11724 2 160053 16585 2.4 54 22 2 11 27% 967 28471 4113 37%
c s  3.38 22 98 17 39 11726 2 164596 20991 2.4 54 23 2 11 27% 968 28460 4113 37%
c e  3.39 22 98 17 39 11726 2 164596 20991 2.4 54 23 2 11 27% 529 31563 3725 33%
c s  3.40 22 98 17 39 11726 2 164596 20991 2.4 54 23 2 11 27% 532 30906 3725 33%
c e  3.40 22 98 17 39 11726 2 164596 20991 2.4 54 23 2 11 27% 509 31001 3711 33%
c ^  3.40 22 98 17 39 11726 2 164596 20991 2.4 54 23 2 11 27% 509 31001 3711 33%
c ]  3.42 22 98 18 39 11726 2 165520 12375 2.4 55 23 2 11 27% 509 31001 3711 33%
c {  3.42 22 69 18 39 11726 15 165520 12375 1.9 13 7 1 4 13% 509 31001 3711 33%
c -  3.43 22 68 18 40 11772 15 166300 10394 1.9 13 7 1 4 13% 509 31001 3711 33%
c o  3.43 22 69 18 40 11791 15 166971 11007 1.9 13 7 1 4 13% 511 30999 3711 33%
c u  3.49 22 69 18 40 12018 14 171856 14092 1.9 13 7 1 4 13% 516 30998 3711 33%
c v  3.50 22 69 18 40 12018 14 171856 12567 1.9 13 7 1 4 13% 517 30998 3711 33%
c w  3.51 22 69 18 40 12018 14 171856 12477 1.9 13 7 1 4 13% 517 30998 3711 33%
c
c seconds   switched      rate          size/glue tier1   binary        remaining
c        MB   reductions    conflicts         size  tier2    irredundant
c         level    restarts        redundant    glue   trail       variables
c
c t  3.54 22 69 18 40 12018 14 171856 12477 1.9 13 7 1 4 13% 516 30998 3711 33%
c -  3.56 22 69 18 41 12031 14 172627 11693 1.9 13 7 1 4 13% 519 30998 3711 33%
c -  3.64 22 68 18 42 12404 13 179031 15572 1.9 13 7 1 4 13% 528 30993 3711 33%
c -  3.74 22 68 18 43 12896 13 185511 18467 1.9 13 7 1 4 13% 540 30992 3711 33%
c }  3.78 22 68 19 43 13128 12 187866 20635 1.9 13 7 1 4 13% 544 30992 3711 33%
c [  3.78 22 98 19 43 13128 2 187866 20635 2.4 55 23 2 11 27% 544 30992 3711 33%
c B  3.78 22 98 19 43 13128 2 187866 20635 2.4 55 23 2 11 27% 544 30992 3711 33%
c -  3.84 22 98 19 44 13131 2 192068 19751 2.4 55 23 2 11 27% 544 30992 3711 33%
c -  3.96 23 97 19 45 13134 2 198701 18308 2.4 56 24 2 11 28% 545 30992 3711 33%
c -  4.07 23 96 19 46 13138 2 205410 16499 2.3 56 24 2 11 28% 545 30992 3711 33%
c u  4.15 23 96 19 46 13141 2 209250 19071 2.3 57 24 2 11 28% 545 30992 3711 33%
c v  4.17 23 96 19 46 13141 2 209250 17950 2.3 57 24 2 11 28% 545 30992 3711 33%
c w  4.18 24 96 19 46 13141 2 209250 17927 2.3 57 24 2 11 28% 545 30992 3711 33%
c x  4.19 24 96 19 46 13141 2 209250 17847 2.3 57 24 2 11 28% 547 30692 3711 33%
c t  4.19 24 96 19 46 13141 2 209250 17847 2.3 57 24 2 11 28% 544 30692 3711 33%
c ]  4.25 24 96 20 46 13141 2 211695 20230 2.3 58 25 2 11 28% 544 30692 3711 33%
c {  4.25 24 68 20 46 13141 12 211695 20230 1.9 13 7 1 4 13% 544 30692 3711 33%
c -  4.26 24 68 20 47 13209 12 212193 14678 1.9 13 7 1 4 13% 544 30692 3711 33%
c -  4.37 24 68 20 48 14058 12 219048 17552 1.9 13 7 1 4 13% 548 30689 3711 33%
c -  4.49 24 68 20 49 14899 12 225977 20649 1.9 14 7 1 4 13% 548 30689 3711 33%
c
c seconds   switched      rate          size/glue tier1   binary        remaining
c        MB   reductions    conflicts         size  tier2    irredundant
c         level    restarts        redundant    glue   trail       variables
c
c o  4.51 24 68 20 49 15030 12 227093 21671 1.9 14 7 1 4 13% 548 30689 3711 33%
c -  4.65 24 68 20 50 15927 12 232979 22932 1.9 14 7 1 4 14% 549 30689 3711 33%
c }  4.78 24 68 21 50 16792 13 238434 28003 1.9 14 8 1 4 14% 549 30689 3711 33%
c [  4.78 24 96 21 50 16792 2 238434 28003 2.3 58 25 2 11 28% 549 30689 3711 33%
c W  4.79 24 96 21 50 16792 2 238434 28003 2.3 58 25 2 11 28% 549 30689 3711 33%
c -  4.81 24 96 21 51 16793 2 240050 24346 2.3 58 25 2 11 28% 549 30689 3711 33%
c -  4.93 24 96 21 52 16798 2 247191 22914 2.3 59 26 2 11 28% 549 30689 3711 33%
c s  4.99 24 95 21 52 16798 2 250414 26067 2.3 60 26 2 11 28% 552 30624 3711 33%
c e  5.01 24 95 21 52 16798 2 250414 26067 2.3 60 26 2 11 28% 318 35961 3316 30%
c s  5.02 24 95 21 52 16798 2 250414 26067 2.3 60 26 2 11 28% 323 34487 3316 30%
c e  5.02 24 95 21 52 16798 2 250414 26067 2.3 60 26 2 11 28% 313 34696 3300 29%
c !  5.02 24 95 21 52 16798 2 250414 26067 2.3 60 26 2 11 28% 313 34696 3300 29%
c u  5.04 24 95 21 52 16798 2 250722 13003 2.3 60 26 2 11 28% 313 34696 3300 29%
c v  5.06 24 95 21 52 16798 2 250722 11110 2.3 60 26 2 11 28% 316 34696 3300 29%
c w  5.07 24 95 21 52 16798 2 250722 10624 2.3 60 26 2 11 28% 316 34696 3300 29%
c x  5.09 24 95 21 52 16798 2 250722 10549 2.3 60 26 2 11 28% 330 33994 3300 29%
c t  5.09 24 95 21 52 16798 2 250722 10549 2.3 60 26 2 11 28% 328 33994 3300 29%
c f  5.11 24 95 21 52 16798 2 250722 10549 2.3 60 26 2 11 28% 335 33950 3302 29%
c u  5.12 24 95 21 52 16798 2 250722 10280 2.3 60 26 2 11 28% 335 33950 3302 29%
c v  5.13 24 95 21 52 16798 2 250722 9849 2.3 60 26 2 11 28% 335 33950 3302 29%
c
c seconds   switched     rate         size/glue  tier1    binary        remaining
c        MB   reductions   conflicts        size   tier2     irredundant
c         level    restarts      redundant     glue    trail       variables
c
c w  5.14 24 95 21 52 16798 2 250722 9619 2.3 60 26 2 11 28% 335 33950 3302 29%
c x  5.16 24 95 21 52 16798 2 250722 9579 2.3 60 26 2 11 28% 347 33380 3302 29%
c t  5.16 24 95 21 52 16798 2 250722 9579 2.3 60 26 2 11 28% 345 33380 3302 29%
c -  5.21 24 96 21 53 16801 2 254402 9057 2.3 59 26 2 12 28% 345 33380 3302 29%
c -  5.31 24 96 21 54 16805 2 261682 11533 2.3 60 26 2 12 28% 345 33380 3302 29%
c -  5.45 24 96 21 55 16806 2 269030 12939 2.3 61 27 2 12 28% 345 33380 3302 29%
c I  5.53 24 96 21 55 16809 2 273786 17558 2.2 62 27 2 12 28% 345 33380 3302 29%
c -  5.57 24 95 21 56 16810 2 276446 13608 2.2 61 27 2 13 28% 345 33380 3302 29%
c -  5.67 24 96 21 57 16813 2 283929 15097 2.2 60 27 2 13 28% 345 33380 3302 29%
c ]  5.71 24 96 22 57 16816 2 286585 17700 2.2 61 28 2 13 28% 345 33380 3302 29%
c {  5.71 24 68 22 57 16816 13 286585 17700 1.9 14 8 1 4 14% 345 33380 3302 29%
c -  5.78 24 68 22 58 17081 12 291479 17289 1.9 14 8 1 4 14% 351 33377 3302 29%
c u  5.85 24 68 22 58 17305 12 296096 20619 1.9 14 8 1 4 14% 358 33376 3302 29%
c v  5.86 24 68 22 58 17305 12 296096 19750 1.9 14 8 1 4 14% 358 33376 3302 29%
c w  5.86 24 68 22 58 17305 12 296096 19659 1.9 14 8 1 4 14% 358 33376 3302 29%
c x  5.88 24 68 22 58 17305 12 296096 19649 1.9 14 8 1 4 14% 358 33339 3302 29%
c t  5.96 24 68 22 58 17305 12 296096 19649 1.9 14 8 1 4 14% 357 33339 3302 29%
c o  5.97 24 68 22 58 17366 12 297093 20569 1.9 14 8 1 4 14% 358 33339 3302 29%
c -  6.01 24 68 22 59 17507 12 299094 19031 1.9 14 8 1 4 14% 360 33339 3302 29%
c -  6.14 24 68 22 60 18055 11 306775 22112 1.9 14 8 1 4 14% 365 33339 3302 29%
c
c seconds   switched      rate          size/glue tier1   binary        remaining
c        MB   reductions    conflicts         size  tier2    irredundant
c         level    restarts        redundant    glue   trail       variables
c
c -  6.30 24 67 22 61 18748 11 314520 24613 1.9 14 8 1 4 14% 370 33339 3302 29%
c }  6.38 24 67 23 61 19125 11 318101 27949 1.9 14 8 1 4 14% 373 33339 3302 29%
c [  6.38 24 96 23 61 19125 2 318101 27949 2.2 61 28 2 13 28% 373 33339 3302 29%
c B  6.38 24 96 23 61 19125 2 318101 27949 2.2 61 28 2 13 28% 373 33339 3302 29%
c -  6.46 24 96 23 62 19128 2 322331 25376 2.2 61 28 2 13 28% 373 33339 3302 29%
c -  6.60 29 96 23 63 19131 2 330205 22976 2.2 62 28 2 13 29% 373 33339 3302 29%
c -  6.74 29 95 23 64 19137 2 338143 20085 2.2 62 28 2 13 29% 373 33339 3302 29%
c u  6.92 29 95 23 64 19139 2 345662 25792 2.2 64 29 2 13 29% 377 33339 3302 29%
c v  6.94 29 95 23 64 19139 2 345662 23033 2.2 64 29 2 13 29% 377 33339 3302 29%
c w  6.98 34 95 23 64 19139 2 345662 22935 2.2 64 29 2 13 29% 377 33339 3302 29%
c t  6.98 34 95 23 64 19139 2 345662 22935 2.2 64 29 2 13 29% 375 33339 3302 29%
c -  6.99 34 95 23 65 19139 2 346143 15977 2.2 64 29 2 13 29% 375 33339 3302 29%
c -  7.16 34 95 23 66 19142 2 354205 15975 2.2 66 30 2 13 29% 375 33339 3302 29%
c s  7.22 34 95 23 66 19145 2 358018 19681 2.2 66 30 2 13 29% 375 33286 3302 29%
c e  7.23 34 95 23 66 19145 2 358018 19681 2.2 66 30 2 13 29% 297 33718 3270 29%
c s  7.23 34 95 23 66 19145 2 358018 19681 2.2 66 30 2 13 29% 298 33621 3270 29%
c e  7.23 34 95 23 66 19145 2 358018 19681 2.2 66 30 2 13 29% 292 33649 3268 29%
c ]  7.29 34 95 24 66 19146 2 360778 21305 2.2 66 30 2 13 29% 292 33649 3268 29%
c {  7.29 34 67 24 66 19146 11 360778 21305 1.9 14 8 1 4 14% 292 33649 3268 29%
c -  7.31 34 67 24 67 19293 11 362331 16416 1.9 14 8 1 4 14% 292 33649 3268 29%
c
c seconds   switched      rate          size/glue tier1   binary        remaining
c        MB   reductions    conflicts         size  tier2    irredundant
c         level    restarts        redundant    glue   trail       variables
c
c -  7.42 34 68 24 68 19965 11 370517 20961 1.9 14 8 1 4 14% 292 33649 3268 29%
c o  7.54 34 68 24 68 20647 11 377121 27066 1.9 14 8 1 4 14% 292 33649 3268 29%
c -  7.58 34 68 24 69 20832 11 378763 24555 1.9 14 8 1 4 14% 292 33649 3268 29%
c -  7.76 34 68 24 70 21849 11 387069 27057 1.9 15 8 1 4 14% 293 33649 3268 29%
c -  7.96 34 68 24 71 22900 11 395437 29050 1.9 15 8 1 4 14% 293 33649 3268 29%
c }  8.01 34 68 25 71 23223 11 397455 30930 1.9 15 8 1 4 14% 294 33649 3268 29%
c [  8.01 34 95 25 71 23223 2 397455 30930 2.2 66 30 2 13 29% 294 33649 3268 29%
c W  8.01 34 95 25 71 23223 2 397455 30930 2.2 66 30 2 13 29% 294 33649 3268 29%
c u  8.06 34 95 25 71 23224 2 399488 31522 2.2 65 30 2 13 29% 294 33649 3268 29%
c v  8.08 34 95 25 71 23224 2 399488 30412 2.2 65 30 2 13 29% 294 33649 3268 29%
c w  8.10 34 95 25 71 23224 2 399488 30406 2.2 65 30 2 13 29% 294 33649 3268 29%
c x  8.12 34 95 25 71 23224 2 399488 30392 2.2 65 30 2 13 29% 296 33519 3268 29%
c f  8.13 34 95 25 71 23224 2 399488 30392 2.2 65 30 2 13 29% 299 33497 3269 29%
c u  8.15 34 95 25 71 23224 2 399488 29530 2.2 65 30 2 13 29% 300 33497 3269 29%
c v  8.19 34 95 25 71 23224 2 399488 26837 2.2 65 30 2 13 29% 301 33497 3269 29%
c w  8.20 34 95 25 71 23224 2 399488 26801 2.2 65 30 2 13 29% 301 33497 3269 29%
c -  8.28 34 95 25 72 23228 2 403864 23753 2.2 66 30 2 13 29% 301 33497 3269 29%
c -  8.43 34 96 25 73 23232 2 412349 21392 2.2 66 30 2 13 29% 301 33497 3269 29%
c -  8.58 34 95 25 74 23236 2 420895 19255 2.2 66 30 2 13 29% 301 33497 3269 29%
c -  8.76 34 95 25 75 23237 1 429498 18577 2.2 67 31 2 13 29% 301 33497 3269 29%
c
c seconds   switched     rate          size/glue  tier1    binary        remaining
c        MB   reductions   conflicts         size   tier2     irredundant
c         level    restarts       redundant     glue    trail       variables
c
c -  8.91 34 95 25 76 23243 1 438158 19095 2.2 67 31 2 13 29% 301 33497 3269 29%
c O  9.05 34 95 25 76 23247 1 445616 26369 2.2 68 31 2 13 29% 301 33497 3269 29%
c -  9.07 34 95 25 77 23247 1 446876 20147 2.2 68 31 2 14 29% 301 33497 3269 29%
c ]  9.19 34 94 26 77 23251 1 454331 27420 2.2 67 31 2 14 29% 301 33497 3269 29%
c {  9.19 34 68 26 77 23251 11 454331 27420 1.9 15 8 1 4 14% 301 33497 3269 29%
c -  9.22 34 68 26 78 23362 11 455650 21385 1.9 15 8 1 4 14% 301 33497 3269 29%
c u  9.27 34 68 26 78 23611 11 457621 22059 1.9 15 8 1 4 14% 301 33497 3269 29%
c v  9.30 34 68 26 78 23611 11 457621 20225 1.9 15 8 1 4 14% 301 33497 3269 29%
c w  9.31 34 68 26 78 23611 11 457621 20094 1.9 15 8 1 4 14% 301 33497 3269 29%
c -  9.42 34 68 26 79 24205 11 464482 22222 1.9 15 8 1 4 14% 302 33497 3269 29%
c o  9.47 35 68 26 79 24497 11 467130 24724 1.9 15 8 1 4 14% 302 33497 3269 29%
c -  9.61 35 68 26 80 25281 11 473370 26479 1.9 15 8 1 4 14% 304 33497 3269 29%
c -  9.80 35 68 26 81 26197 11 482314 29267 1.9 15 8 1 4 14% 304 33497 3269 29%
c s  9.99 35 68 26 81 27129 11 489893 36332 1.9 15 8 1 4 14% 304 33480 3269 29%
c e 10.00 35 68 26 81 27129 11 489893 36332 1.9 15 8 1 4 14% 276 33572 3264 29%
c s 10.00 35 68 26 81 27129 11 489893 36332 1.9 15 8 1 4 14% 276 33526 3264 29%
c - 10.04 35 68 26 82 27347 11 491315 31459 1.9 15 8 1 4 14% 276 33526 3264 29%
c } 10.18 35 68 27 82 28016 11 496550 36349 1.9 16 8 1 4 14% 276 33526 3264 29%
c [ 10.18 35 94 27 82 28016 1 496550 36349 2.2 67 31 2 14 29% 276 33526 3264 29%
c B 10.21 35 94 27 82 28017 1 498403 38171 2.2 67 31 2 14 29% 276 33526 3264 29%
c
c seconds   switched     rate          size/glue  tier1    binary        remaining
c        MB   reductions   conflicts         size   tier2     irredundant
c         level    restarts       redundant     glue    trail       variables
c
c - 10.25 35 94 27 83 28018 1 500370 32397 2.2 66 31 2 13 29% 276 33526 3264 29%
c - 10.44 35 94 27 84 28023 1 509481 29858 2.2 67 31 2 13 29% 276 33526 3264 29%
c - 10.62 35 94 27 85 28029 1 518649 25623 2.1 67 31 2 13 29% 276 33526 3264 29%
c u 10.67 35 94 27 85 28029 1 520147 25019 2.1 67 31 2 13 29% 276 33526 3264 29%
c v 10.70 35 94 27 85 28029 1 520147 22954 2.1 67 31 2 13 29% 276 33526 3264 29%
c w 10.71 35 94 27 85 28029 1 520147 22935 2.1 67 31 2 13 29% 276 33526 3264 29%
c x 10.74 35 94 27 85 28029 1 520147 22912 2.1 67 31 2 13 29% 278 33400 3264 29%
c - 11.09 36 94 27 86 28030 1 527870 21119 2.1 67 32 2 13 29% 278 33400 3264 29%
c - 11.27 36 93 27 87 28036 1 537146 21262 2.1 67 32 2 13 29% 278 33400 3264 29%
c - 11.47 36 93 27 88 28041 1 546473 21264 2.1 69 32 2 14 29% 278 33400 3264 29%
c - 11.66 36 93 27 89 28045 1 555855 21242 2.1 69 33 2 14 29% 278 33400 3264 29%
c W 11.67 36 92 27 89 28045 1 555989 21374 2.1 69 33 2 14 29% 278 33400 3264 29%
c ] 11.75 36 93 28 89 28045 1 560258 25528 2.1 69 33 2 14 29% 278 33400 3264 29%
c { 11.75 36 68 28 89 28045 11 560258 25528 1.9 16 8 1 4 14% 278 33400 3264 29%
c - 11.84 36 68 28 90 28520 11 565289 24471 1.9 16 8 1 4 14% 279 33400 3264 29%
c o 11.88 36 68 28 90 28728 11 567245 26293 1.9 16 8 1 4 14% 279 33400 3264 29%
c - 12.02 36 68 28 91 29393 11 574777 28965 1.9 16 8 1 4 15% 280 33400 3264 29%
c - 12.25 36 69 28 92 30429 11 584317 32236 1.9 16 8 1 4 15% 280 33400 3264 29%
c u 12.35 36 69 28 92 30790 11 587136 33045 1.9 16 9 1 4 15% 282 33400 3264 29%
c v 12.39 36 69 28 92 30790 11 587136 30732 1.9 16 9 1 4 15% 282 33400 3264 29%
c
c seconds   switched      rate          size/glue tier1   binary        remaining
c        MB   reductions    conflicts         size  tier2    irredundant
c         level    restarts        redundant    glue   trail       variables
c
c w 12.41 36 69 28 92 30790 11 587136 30652 1.9 16 9 1 4 15% 282 33400 3264 29%
c - 12.56 36 69 28 93 31426 11 593908 30989 1.9 16 9 1 4 15% 282 33400 3264 29%
c - 12.81 36 69 28 94 32528 11 603551 33442 1.9 16 9 1 4 15% 282 33400 3264 29%
c } 12.93 36 69 29 94 33053 11 608396 38010 1.9 16 9 1 4 15% 282 33400 3264 29%
c [ 12.93 36 93 29 94 33053 1 608396 38010 2.1 69 33 2 14 29% 282 33400 3264 29%
c - 13.02 36 92 29 95 33056 1 613246 34097 2.1 69 32 2 14 29% 282 33400 3264 29%
c I 13.13 36 93 29 95 33059 1 618542 39267 2.1 68 32 2 14 29% 282 33400 3264 29%
c - 13.20 36 92 29 96 33062 1 622992 31740 2.1 68 32 2 14 29% 282 33400 3264 29%
c - 13.38 36 92 29 97 33066 1 632791 28447 2.1 67 32 2 14 29% 282 33400 3264 29%
c - 13.57 36 91 29 98 33069 1 642640 26193 2.1 66 32 2 13 29% 282 33400 3264 29%
c s 13.67 36 90 29 98 33072 1 647337 30773 2.1 66 32 2 13 29% 282 33392 3264 29%
c e 13.67 36 90 29 98 33072 1 647337 30773 2.1 66 32 2 13 29% 271 33458 3260 29%
c s 13.67 36 90 29 98 33072 1 647337 30773 2.1 66 32 2 13 29% 271 33441 3260 29%
c - 13.79 36 90 29 99 33074 1 652542 25490 2.1 67 32 2 13 29% 271 33441 3260 29%
c u 13.93 36 90 29 99 33078 1 658623 29157 2.1 66 31 2 13 29% 271 33441 3260 29%
c v 13.96 36 90 29 99 33078 1 658623 26608 2.1 66 31 2 13 29% 271 33441 3260 29%
c w 14.01 35 90 29 99 33078 1 658623 26487 2.1 66 31 2 13 29% 271 33441 3260 29%
c - 14.08 35 90 29 100 33081 1 662492 21771 2.1 66 31 2 13 29% 271 33441 3260 29%
c - 14.28 35 89 29 101 33082 1 672492 22905 2.1 66 31 2 13 29% 271 33441 3260 29%
c ] 14.52 35 88 30 101 33083 1 681701 31830 2.1 67 32 2 13 29% 271 33441 3260 29%
c
c seconds   switched       rate          size/glue tier1   binary        remaining
c        MB   reductions     conflicts         size  tier2    irredundant
c         level     restarts        redundant    glue   trail       variables
c
c { 14.52 35 69 30 101 33083 11 681701 31830 1.9 16 9 1 4 15% 271 33441 3260 29%
c o 14.52 35 69 30 101 33089 11 681732 31860 1.9 16 9 1 4 15% 271 33441 3260 29%
c - 14.54 35 69 30 102 33153 11 682542 22796 1.9 16 9 1 4 15% 271 33441 3260 29%
c - 14.74 35 70 30 103 34138 11 692642 27838 1.9 16 9 1 4 15% 271 33441 3260 29%
c - 14.95 36 70 30 104 34977 11 702792 32163 1.9 16 9 1 4 15% 272 33441 3260 29%
c - 15.22 36 71 30 105 36023 11 712990 35269 1.9 17 9 1 4 15% 273 33441 3260 29%
c - 15.50 36 71 30 106 37074 11 723236 37463 1.9 17 9 1 4 15% 274 33441 3260 29%
c - 15.81 36 71 30 107 38207 11 733534 39175 1.9 17 9 1 4 16% 274 33441 3260 29%
c u 15.89 36 71 30 107 38316 11 734658 37808 1.9 17 9 1 4 16% 275 33441 3260 29%
c v 15.94 36 71 30 107 38316 11 734658 33180 1.9 17 9 1 4 16% 275 33441 3260 29%
c w 15.96 36 71 30 107 38316 11 734658 33015 1.9 17 9 1 4 16% 275 33441 3260 29%
c } 15.99 36 71 31 107 38403 11 736137 34385 1.9 17 9 1 4 16% 275 33441 3260 29%
c [ 15.99 36 88 31 107 38403 1 736137 34385 2.1 67 32 2 13 29% 275 33441 3260 29%
c B 15.99 36 88 31 107 38403 1 736137 34385 2.1 67 32 2 13 29% 275 33441 3260 29%
c - 16.14 36 89 31 108 38408 1 743878 32036 2.1 66 32 2 13 29% 275 33441 3260 29%
c - 16.32 36 88 31 109 38414 1 754274 28825 2.1 65 32 2 13 29% 275 33441 3260 29%
c - 16.50 36 88 31 110 38417 1 764717 26671 2.0 64 31 2 13 29% 275 33441 3260 29%
c - 16.69 36 89 31 111 38422 1 775205 26341 2.1 64 31 2 13 29% 275 33441 3260 29%
c - 16.89 36 90 31 112 38427 1 785740 26559 2.0 63 31 2 13 29% 275 33441 3260 29%
c - 17.07 36 90 31 113 38432 1 796325 25618 2.0 63 31 2 13 29% 275 33441 3260 29%
c
c seconds   switched      rate          size/glue  tier1    binary        remaining
c        MB   reductions    conflicts         size   tier2     irredundant
c         level     restarts       redundant     glue    trail       variables
c
c - 17.26 36 90 31 114 38433 1 806956 24996 2.0 63 31 2 13 30% 275 33441 3260 29%
c W 17.32 36 90 31 114 38433 1 809112 27108 2.0 63 31 2 13 30% 275 33441 3260 29%
c o 17.32 36 90 31 114 38433 1 809112 27108 2.0 63 31 2 13 30% 275 33441 3260 29%
c u 17.46 36 90 31 114 38433 1 815294 31867 2.0 63 31 2 13 30% 275 33441 3260 29%
c v 17.49 36 90 31 114 38433 1 815294 30203 2.0 63 31 2 13 30% 276 33441 3260 29%
c w 17.51 35 90 31 114 38433 1 815294 30201 2.0 63 31 2 13 30% 276 33441 3260 29%
c x 17.54 35 90 31 114 38433 1 815294 30196 2.0 63 31 2 13 30% 276 33366 3260 29%
c - 17.59 35 90 31 115 38433 1 817634 23354 2.0 63 31 2 13 30% 276 33366 3260 29%
c - 17.81 35 90 31 116 38440 1 828357 24104 2.0 63 31 2 13 30% 276 33366 3260 29%
c ] 17.86 35 89 32 116 38440 1 830658 26344 2.0 63 32 2 13 30% 276 33366 3260 29%
c { 17.86 35 71 32 116 38440 11 830658 26344 1.9 17 9 1 4 16% 276 33366 3260 29%
c e 17.88 35 71 32 116 38488 11 831698 27304 1.9 17 9 1 4 16% 273 33414 3257 29%
c s 17.88 35 71 32 116 38488 11 831698 27304 1.9 17 9 1 4 16% 273 33393 3257 29%
c - 18.03 35 71 32 117 39076 11 839127 27898 1.9 17 9 1 4 16% 273 33393 3257 29%
c - 18.25 36 71 32 118 39904 10 849943 33188 1.9 17 9 1 4 16% 273 33393 3257 29%
c - 18.54 36 71 32 119 40944 10 860805 36744 1.9 17 9 1 4 16% 273 33393 3257 29%
c - 18.85 36 71 32 120 42076 10 871714 39335 1.9 17 9 1 4 16% 273 33393 3257 29%
c - 19.18 36 71 32 121 43232 10 882669 41310 1.9 18 9 1 4 16% 273 33393 3257 29%
c } 19.45 36 72 33 121 44184 10 891762 49849 1.9 18 9 1 4 16% 274 33393 3257 29%
c [ 19.45 36 89 33 121 44184 1 891762 49849 2.0 63 32 2 13 30% 274 33393 3257 29%
c
c seconds   switched      rate          size/glue  tier1    binary        remaining
c        MB   reductions    conflicts         size   tier2     irredundant
c         level     restarts       redundant     glue    trail       variables
c
c O 19.45 36 89 33 121 44184 1 891762 49849 2.0 63 32 2 13 30% 274 33393 3257 29%
c - 19.50 36 89 33 122 44185 1 893670 42398 2.0 63 31 2 13 30% 274 33393 3257 29%
c u 19.68 36 89 33 122 44190 1 900597 46200 2.0 62 31 2 13 30% 274 33393 3257 29%
c v 19.74 36 89 33 122 44190 1 900597 42069 2.0 62 31 2 13 30% 274 33393 3257 29%
c w 19.78 36 89 33 122 44190 1 900597 42012 2.0 62 31 2 13 30% 274 33393 3257 29%
c - 19.86 36 89 33 123 44191 1 904715 34050 2.0 62 31 2 13 30% 274 33393 3257 29%
c - 20.10 36 88 33 124 44197 1 915805 30291 2.0 62 31 2 13 30% 274 33393 3257 29%
c - 20.36 36 87 33 125 44201 1 926941 27965 2.0 63 31 2 13 30% 274 33393 3257 29%
c - 20.56 36 87 33 126 44206 1 938121 28107 2.0 62 31 2 13 29% 274 33393 3257 29%
c o 20.66 36 87 33 126 44211 1 943375 33227 2.0 62 31 2 13 29% 274 33393 3257 29%
c - 20.78 36 87 33 127 44212 1 949345 28758 2.0 62 31 2 13 29% 274 33393 3257 29%
c - 21.01 36 87 33 128 44214 1 960615 28645 2.0 62 31 2 13 29% 274 33393 3257 29%
c - 21.26 36 87 33 129 44214 1 971928 27817 2.0 62 31 2 13 29% 274 33393 3257 29%
c B 21.35 36 87 33 129 44216 1 975799 31640 2.0 62 31 2 13 29% 274 33393 3257 29%
c - 21.50 36 87 33 130 44221 1 983286 27883 2.0 62 32 2 13 29% 274 33393 3257 29%
c u 21.68 36 87 33 130 44224 1 990603 32985 2.0 62 32 2 13 29% 274 33393 3257 29%
c v 21.71 36 87 33 130 44224 1 990603 30827 2.0 62 32 2 13 29% 274 33393 3257 29%
c w 21.76 36 87 33 130 44224 1 990603 30677 2.0 62 32 2 13 29% 274 33393 3257 29%
c ] 22.02 37 87 34 130 44226 1 992195 32222 2.0 62 32 2 13 29% 274 33393 3257 29%
c { 22.02 37 72 34 130 44226 10 992195 32222 1.9 18 9 1 4 16% 274 33393 3257 29%
c
c seconds   switched       rate          size/glue tier1   binary        remaining
c        MB   reductions     conflicts         size  tier2    irredundant
c         level     restarts        redundant    glue   trail       variables
c
c - 22.06 37 72 34 131 44309 10 994687 26593 1.9 18 9 1 4 16% 274 33393 3257 29%
c - 22.30 37 72 34 132 44815 10 1006132 31795 1.9 18 9 1 4 17% 275 33393 3257 29%
c - 22.62 37 71 34 133 45691 10 1017622 36643 1.9 18 9 1 4 17% 276 33393 3257 29%
c - 22.99 37 71 34 134 46655 10 1029154 39980 1.9 18 10 1 4 17% 281 33393 3257 29%
c - 23.43 37 70 34 135 47812 10 1040729 42786 1.9 18 10 1 4 17% 282 33393 3257 29%
c - 23.92 37 70 34 136 49043 9 1052347 44968 1.9 18 10 1 4 17% 282 33393 3257 29%
c } 24.25 37 69 35 136 49861 9 1060342 52624 1.9 18 10 1 4 17% 282 33393 3257 29%
c [ 24.25 37 87 35 136 49861 1 1060342 52624 2.0 62 32 2 13 29% 282 33393 3257 29%
c - 24.33 37 87 35 137 49863 1 1064008 45625 2.0 62 31 2 13 29% 282 33393 3257 29%
c W 24.36 37 87 35 137 49865 1 1065599 47187 2.0 61 31 2 13 29% 282 33393 3257 29%
c - 24.59 37 87 35 138 49870 1 1075712 41584 2.0 62 32 2 13 29% 282 33393 3257 29%
c u 24.83 37 87 35 138 49875 1 1085367 48210 2.0 62 31 2 13 29% 283 33393 3257 29%
c v 24.90 37 87 35 138 49875 1 1085367 42983 2.0 62 31 2 13 29% 284 33393 3257 29%
c w 25.01 37 87 35 138 49875 1 1085367 42922 2.0 62 31 2 13 29% 284 33393 3257 29%
c t 25.01 37 87 35 138 49875 1 1085367 42922 2.0 62 31 2 13 29% 282 33393 3257 29%
c o 25.01 37 87 35 138 49875 1 1085367 42922 2.0 62 31 2 13 29% 282 33393 3257 29%
c - 25.06 37 87 35 139 49875 1 1087460 29441 2.0 62 31 2 13 29% 282 33393 3257 29%
c - 25.29 37 87 35 140 49880 1 1099249 29199 2.0 62 31 2 13 29% 282 33393 3257 29%
c - 25.53 37 86 35 141 49887 1 1111082 29223 2.0 62 31 2 13 29% 282 33393 3257 29%
c - 25.78 37 86 35 142 49890 1 1122957 28912 2.0 63 32 2 13 29% 282 33393 3257 29%
c
c seconds   switched      rate           size/glue  tier1    binary        remaining
c        MB   reductions     conflicts         size   tier2     irredundant
c         level     restarts        redundant     glue    trail       variables
c
c - 26.01 37 86 35 143 49891 1 1134873 28552 2.0 63 32 2 13 29% 282 33393 3257 29%
c - 26.27 37 86 35 144 49894 1 1146833 28591 2.0 63 32 2 13 29% 282 33393 3257 29%
c - 26.56 38 86 35 145 49901 1 1158834 28190 1.9 64 33 2 13 29% 282 33393 3257 29%
c I 26.62 38 86 35 145 49903 1 1161313 30636 1.9 64 33 2 13 29% 282 33393 3257 29%
c - 26.78 38 86 35 146 49906 1 1170876 29750 1.9 63 33 2 13 29% 282 33393 3257 29%
c - 27.02 38 86 35 147 49912 1 1182960 30765 1.9 63 32 2 13 29% 282 33393 3257 29%
c u 27.10 38 86 35 147 49913 1 1184914 30785 1.9 63 32 2 13 29% 282 33393 3257 29%
c v 27.13 38 86 35 147 49913 1 1184914 28819 1.9 63 32 2 13 29% 282 33393 3257 29%
c w 27.18 38 86 35 147 49913 1 1184914 28466 1.9 63 32 2 13 29% 282 33393 3257 29%
c - 27.37 38 86 35 148 49919 1 1195085 27626 2.0 63 32 2 13 29% 282 33393 3257 29%
c - 27.63 38 86 35 149 49921 1 1207251 27123 2.0 64 33 2 13 28% 282 33393 3257 29%
c ] 27.65 38 86 36 149 49921 1 1208288 28146 2.0 64 33 2 13 28% 282 33393 3257 29%
c { 27.65 38 69 36 149 49921 9 1208288 28146 1.9 18 10 1 4 17% 282 33393 3257 29%
c - 27.89 38 70 36 150 50864 9 1219457 31005 1.9 18 10 1 4 17% 283 33393 3257 29%
c - 28.21 38 70 36 151 52087 10 1231704 37584 1.9 19 10 1 4 17% 283 33393 3257 29%
c o 28.32 38 70 36 151 52520 10 1235377 41074 1.9 19 10 1 4 17% 283 33393 3257 29%
c - 28.58 38 70 36 152 53466 10 1243994 41014 1.9 19 10 1 4 17% 283 33393 3257 29%
c - 28.98 38 71 36 153 54872 10 1256322 43411 1.9 19 10 1 4 17% 284 33393 3257 29%
c - 29.41 38 71 36 154 56242 10 1268691 45499 1.9 19 10 1 4 17% 284 33393 3257 29%
c - 29.80 38 72 36 155 57382 10 1281101 47214 1.9 19 10 1 4 18% 286 33393 3257 29%
c
c seconds   switched       rate           size/glue  tier1   binary        remaining
c        MB   reductions      conflicts         size   tier2    irredundant
c         level     restarts         redundant     glue   trail       variables
c
c } 29.88 38 72 37 155 57597 10 1283844 49824 1.9 19 10 1 4 18% 286 33393 3257 29%
c [ 29.88 38 86 37 155 57597 1 1283844 49824 2.0 64 33 2 13 28% 286 33393 3257 29%
c B 29.88 38 86 37 155 57597 1 1283844 49824 2.0 64 33 2 13 28% 286 33393 3257 29%
c u 30.04 38 86 37 155 57601 1 1289299 52777 2.0 64 32 2 13 28% 286 33393 3257 29%
c v 30.09 38 86 37 155 57601 1 1289299 49262 2.0 64 32 2 13 28% 286 33393 3257 29%
c w 30.13 38 86 37 155 57601 1 1289299 49165 2.0 64 32 2 13 28% 286 33393 3257 29%
c x 30.16 34 86 37 155 57601 1 1289299 49148 2.0 64 32 2 13 28% 287 33329 3257 29%
c - 30.26 34 86 37 156 57603 1 1293550 40337 2.0 64 32 2 13 28% 287 33329 3257 29%
c - 30.50 34 86 37 157 57610 1 1306039 35942 2.0 63 32 2 13 28% 287 33329 3257 29%
c - 30.77 34 86 37 158 57613 1 1318568 32703 2.0 64 32 2 13 28% 287 33329 3257 29%
c - 31.02 34 86 37 159 57620 1 1331138 31514 2.0 64 32 2 13 28% 287 33329 3257 29%
c - 31.30 34 86 37 160 57626 1 1343748 31779 2.0 64 32 2 13 28% 287 33329 3257 29%
c - 31.63 34 85 37 161 57627 1 1356397 30940 2.0 66 33 2 13 28% 287 33329 3257 29%
c - 31.93 34 84 37 162 57630 1 1369085 29972 2.0 66 33 2 13 29% 287 33329 3257 29%
c - 32.20 34 83 37 163 57637 1 1381814 31325 2.0 66 33 2 13 29% 287 33329 3257 29%
c W 32.39 34 83 37 163 57642 1 1391831 41074 2.0 64 32 2 13 29% 287 33329 3257 29%
c - 32.44 34 83 37 164 57642 1 1394582 32658 2.0 64 32 2 13 29% 287 33329 3257 29%
c u 32.58 34 84 37 164 57642 1 1398586 34027 2.0 65 32 2 13 29% 287 33329 3257 29%
c v 32.61 34 84 37 164 57642 1 1398586 31445 2.0 65 32 2 13 29% 287 33329 3257 29%
c w 32.69 34 84 37 164 57642 1 1398586 31322 2.0 65 32 2 13 29% 287 33329 3257 29%
c
c seconds   switched      rate           size/glue  tier1    binary        remaining
c        MB   reductions     conflicts         size   tier2     irredundant
c         level     restarts        redundant     glue    trail       variables
c
c o 32.69 34 84 37 164 57642 1 1398586 31322 2.0 65 32 2 13 29% 287 33329 3257 29%
c - 32.89 34 84 37 165 57648 1 1407389 28625 2.0 65 33 2 13 29% 287 33329 3257 29%
c ] 33.05 34 85 38 165 57653 1 1415837 36884 2.0 65 33 2 13 29% 287 33329 3257 29%
c { 33.05 34 72 38 165 57653 10 1415837 36884 1.9 19 10 1 4 18% 287 33329 3257 29%
c - 33.15 34 72 38 166 57811 10 1420234 31227 1.9 20 10 1 4 18% 287 33329 3257 29%
c - 33.46 34 72 38 167 58419 9 1433118 36798 1.9 20 10 1 4 18% 289 33329 3257 29%
c - 33.82 34 72 38 168 59136 9 1446041 41115 1.9 20 10 1 4 18% 290 33329 3257 29%
c - 34.26 34 71 38 169 60037 9 1459002 44606 1.9 20 10 1 4 18% 290 33329 3257 29%
c - 34.72 34 71 38 170 60967 9 1472002 47214 1.9 20 10 1 4 18% 290 33329 3257 29%
c - 35.23 34 71 38 171 61937 9 1485041 49420 1.9 20 11 1 4 19% 290 33329 3257 29%
c - 35.75 34 70 38 172 62931 8 1498119 51286 1.9 20 11 1 4 18% 290 33329 3257 29%
c } 35.79 34 70 39 172 63005 8 1499170 52304 1.9 20 11 1 4 18% 290 33329 3257 29%
c [ 35.79 34 85 39 172 63005 1 1499170 52304 2.0 65 33 2 13 29% 290 33329 3257 29%
c O 35.93 34 85 39 172 63010 1 1506170 59155 2.0 64 32 2 13 29% 290 33329 3257 29%
c - 36.03 34 85 39 173 63011 1 1511233 48817 2.0 64 32 2 13 29% 290 33329 3257 29%
c u 36.13 34 85 39 173 63013 1 1512762 47104 2.0 64 32 2 13 29% 290 33329 3257 29%
c v 36.21 34 85 39 173 63013 1 1512762 41169 2.0 64 32 2 13 29% 290 33329 3257 29%
c w 36.31 34 85 39 173 63013 1 1512762 40455 2.0 64 32 2 13 29% 290 33329 3257 29%
c - 36.54 34 86 39 174 63019 1 1524385 35366 2.0 63 32 2 13 28% 290 33329 3257 29%
c - 36.83 34 86 39 175 63024 1 1537578 33622 2.0 63 32 2 13 28% 290 33329 3257 29%
c
c seconds   switched      rate           size/glue  tier1    binary        remaining
c        MB   reductions     conflicts         size   tier2     irredundant
c         level     restarts        redundant     glue    trail       variables
c
c - 37.11 34 87 39 176 63031 1 1550807 32458 2.0 64 32 2 13 29% 290 33329 3257 29%
c s 37.30 34 87 39 176 63034 1 1559160 40653 2.0 65 32 2 13 29% 290 33320 3257 29%
c e 37.30 34 87 39 176 63034 1 1559160 40653 2.0 65 32 2 13 29% 286 33391 3252 29%
c s 37.30 34 87 39 176 63034 1 1559160 40653 2.0 65 32 2 13 29% 286 33374 3252 29%
c e 37.30 34 87 39 176 63034 1 1559160 40653 2.0 65 32 2 13 29% 285 33391 3251 29%
c - 37.42 34 87 39 177 63034 1 1564073 31330 2.0 65 33 2 13 29% 285 33391 3251 29%
c - 37.75 34 87 39 178 63035 1 1577378 30838 2.0 66 33 2 13 30% 285 33391 3251 29%
c o 38.05 34 86 39 178 63042 1 1589938 43101 2.0 67 34 2 13 30% 285 33391 3251 29%
c - 38.08 34 86 39 179 63042 1 1590719 30833 2.0 67 34 2 13 30% 285 33391 3251 29%
c - 38.37 34 87 39 180 63049 1 1604100 32514 2.0 67 34 2 13 30% 285 33391 3251 29%
c - 38.67 34 86 39 181 63053 1 1617516 32868 2.0 68 34 2 13 30% 285 33391 3251 29%
c B 38.91 34 86 39 181 63057 1 1627004 42183 2.0 69 35 2 13 30% 285 33391 3251 29%
c - 38.99 34 87 39 182 63060 1 1630970 32426 2.0 69 35 2 13 30% 285 33391 3251 29%
c u 39.05 34 87 39 182 63061 1 1631905 31223 2.0 68 35 2 13 30% 285 33391 3251 29%
c v 39.08 34 87 39 182 63061 1 1631905 29131 2.0 68 35 2 13 30% 285 33391 3251 29%
c w 39.14 34 87 39 182 63061 1 1631905 27726 2.0 68 35 2 13 30% 285 33391 3251 29%
c - 39.37 34 86 39 183 63065 1 1644460 30019 2.0 68 34 2 13 30% 285 33391 3251 29%
c - 39.63 34 86 39 184 63066 1 1657988 31604 2.0 67 33 2 13 30% 285 33391 3251 29%
c ] 39.81 34 85 40 184 63067 1 1668577 42013 2.0 66 32 2 13 30% 285 33391 3251 29%
c { 39.81 34 70 40 184 63067 8 1668577 42013 1.9 20 11 1 4 18% 285 33391 3251 29%
c
c seconds   switched      rate           size/glue  tier1   binary        remaining
c        MB   reductions     conflicts         size   tier2    irredundant
c         level     restarts        redundant     glue   trail       variables
c
c - 39.89 34 70 40 185 63283 8 1671553 32856 1.9 20 11 1 4 19% 285 33391 3251 29%
c - 40.22 35 71 40 186 64373 8 1685155 38092 1.9 20 11 1 4 18% 285 33391 3251 29%
c - 40.61 50 71 40 187 65561 9 1698794 42931 1.9 21 11 1 4 19% 285 33391 3251 29%
c - 41.07 66 71 40 188 67058 9 1712470 46130 1.9 21 11 1 4 19% 285 33391 3251 29%
c - 41.53 88 72 40 189 68474 9 1726182 48611 1.9 21 11 1 4 19% 285 33391 3251 29%
c - 42.06 119 72 40 190 70082 9 1739929 50590 1.9 21 11 1 4 19% 285 33391 3251 29%
c - 42.57 149 72 40 191 71453 9 1753715 52285 1.9 22 11 1 4 19% 285 33391 3251 29%
c u 42.71 154 72 40 191 71675 9 1756027 51811 1.9 22 11 1 4 19% 285 33391 3251 29%
c v 42.79 158 72 40 191 71675 9 1756027 46112 1.9 22 11 1 4 19% 286 33391 3251 29%
c w 42.87 159 72 40 191 71675 9 1756027 45629 1.9 22 11 1 4 19% 286 33391 3251 29%
c } 43.49 164 73 41 191 71957 9 1760049 49502 1.9 22 11 1 4 19% 286 33391 3251 29%
c [ 43.49 164 85 41 191 71957 1 1760049 49502 2.0 66 32 2 13 30% 286 33391 3251 29%
c W 43.52 167 85 41 191 71957 1 1760049 49502 2.0 66 32 2 13 30% 286 33391 3251 29%
c - 43.66 169 86 41 192 71962 1 1767535 44104 2.0 65 32 2 13 30% 286 33391 3251 29%
c o 43.82 169 86 41 192 71966 1 1774488 50908 2.0 65 32 2 13 29% 286 33391 3251 29%
c - 44.00 169 87 41 193 71970 1 1781391 40448 2.0 65 32 2 13 29% 286 33391 3251 29%
c - 44.31 173 86 41 194 71974 1 1795284 37085 2.0 64 32 2 13 30% 286 33391 3251 29%
c - 44.62 174 86 41 195 71981 1 1809212 36302 2.0 64 32 2 13 30% 286 33391 3251 29%
c - 44.94 178 86 41 196 71986 1 1823176 35632 2.0 65 33 2 13 30% 286 33391 3251 29%
c - 45.27 178 86 41 197 71987 1 1837176 33614 1.9 66 34 2 13 30% 286 33391 3251 29%
c
c seconds    switched      rate           size/glue  tier1    binary        remaining
c         MB   reductions     conflicts         size   tier2     irredundant
c          level     restarts        redundant     glue    trail       variables
c
c - 45.59 182 86 41 198 71994 1 1851211 33703 1.9 66 34 2 13 30% 286 33391 3251 29%
c s 45.85 183 86 41 198 72001 1 1863756 46015 1.9 65 33 2 13 30% 286 33374 3251 29%
c e 45.85 183 86 41 198 72001 1 1863756 46015 1.9 65 33 2 13 30% 286 33390 3250 29%
c s 45.85 183 86 41 198 72001 1 1863756 46015 1.9 65 33 2 13 30% 286 33377 3250 29%
c - 45.89 186 86 41 199 72001 1 1865282 35773 2.0 65 33 2 13 30% 286 33377 3250 29%
c - 46.23 187 86 41 200 72005 1 1879389 36655 2.0 65 33 2 13 30% 286 33377 3250 29%
c u 46.43 187 86 41 200 72009 1 1885168 39913 2.0 66 34 2 13 30% 286 33377 3250 29%
c v 46.46 188 86 41 200 72009 1 1885168 37510 2.0 66 34 2 13 30% 286 33377 3250 29%
c w 46.57 190 86 41 200 72009 1 1885168 37384 2.0 66 34 2 13 30% 286 33377 3250 29%
c - 46.77 194 86 41 201 72014 1 1893532 32494 2.0 66 34 2 13 30% 286 33377 3250 29%
c I 46.79 194 86 41 201 72015 1 1894288 33240 2.0 66 34 2 13 30% 286 33377 3250 29%
c - 47.04 194 86 41 202 72017 1 1907709 33866 2.0 65 33 2 13 30% 286 33377 3250 29%
c - 47.33 198 85 41 203 72018 1 1921921 33280 2.0 65 32 2 13 31% 286 33377 3250 29%
c ] 47.33 198 85 42 203 72018 1 1922045 33402 2.0 65 32 2 13 31% 286 33377 3250 29%
c { 47.33 198 73 42 203 72018 9 1922045 33402 1.9 22 11 1 4 19% 286 33377 3250 29%
c - 47.66 208 73 42 204 72953 9 1936168 39187 1.9 22 11 1 4 19% 286 33377 3250 29%
c - 48.06 223 74 42 205 74018 9 1950452 44070 1.9 22 12 1 4 19% 286 33377 3250 29%
c o 48.49 244 74 42 205 75104 9 1964511 57629 1.9 22 12 1 4 19% 286 33377 3250 29%
c - 48.50 244 74 42 206 75127 9 1964772 47246 1.9 22 12 1 4 19% 286 33377 3250 29%
c - 48.98 270 74 42 207 76314 9 1979129 49732 1.9 22 12 1 4 19% 286 33377 3250 29%
c
c seconds    switched      rate           size/glue  tier1   binary        remaining
c         MB   reductions     conflicts         size   tier2    irredundant
c          level     restarts        redundant     glue   trail       variables
c
c - 49.47 299 75 42 208 77509 9 1993516 51905 1.9 23 12 1 4 20% 286 33377 3250 29%
c - 49.95 323 75 42 209 78669 9 2007938 53704 1.9 23 12 1 4 20% 286 33377 3250 29%
c u 50.40 346 75 42 209 79587 9 2019357 62115 1.9 23 12 1 4 20% 286 33377 3250 29%
c v 50.47 346 75 42 209 79587 9 2019357 58374 1.9 23 12 1 4 20% 286 33377 3250 29%
c w 50.51 347 75 42 209 79587 9 2019357 58358 1.9 23 12 1 4 20% 286 33377 3250 29%
c x 50.54 347 75 42 209 79587 9 2019357 58347 1.9 23 12 1 4 20% 286 33315 3250 29%
c } 50.63 358 75 43 209 79731 9 2022019 60947 1.9 23 12 1 4 20% 286 33315 3250 29%
c [ 50.63 358 85 43 209 79731 1 2022019 60947 2.0 65 32 2 13 31% 286 33315 3250 29%
c - 50.65 360 85 43 210 79731 1 2022395 49373 2.0 65 32 2 13 31% 286 33315 3250 29%
c B 50.91 361 85 43 210 79738 1 2035435 62068 2.0 63 31 2 13 30% 286 33315 3250 29%
c - 50.94 361 85 43 211 79740 1 2036886 47537 2.0 63 31 2 13 30% 286 33315 3250 29%
c - 51.23 365 85 43 212 79745 1 2051411 42575 2.0 62 31 2 13 30% 286 33315 3250 29%
c - 51.53 366 85 43 213 79752 1 2065972 40899 2.0 61 30 2 13 29% 286 33315 3250 29%
c - 51.83 370 85 43 214 79760 1 2080566 40397 2.0 61 30 1 13 29% 286 33315 3250 29%
c - 52.15 371 85 43 215 79761 1 2095196 39285 2.0 62 30 1 13 29% 286 33315 3250 29%
c - 52.49 368 85 43 216 79766 1 2109859 38154 2.0 63 31 1 13 29% 286 33315 3250 29%
c - 52.83 369 84 43 217 79774 1 2124555 38461 2.0 63 31 1 13 30% 286 33315 3250 29%
c - 53.19 368 84 43 218 79778 1 2139285 38360 2.0 64 31 1 13 30% 286 33315 3250 29%
c - 53.51 369 84 43 219 79787 1 2154050 38978 2.0 64 31 1 13 30% 286 33315 3250 29%
c u 53.68 368 84 43 219 79790 1 2158662 40445 2.0 64 31 1 13 30% 286 33315 3250 29%
c
c seconds    switched      rate           size/glue  tier1    binary        remaining
c         MB   reductions     conflicts         size   tier2     irredundant
c          level     restarts        redundant     glue    trail       variables
c
c v 53.71 368 84 43 219 79790 1 2158662 37903 2.0 64 31 1 13 30% 286 33315 3250 29%
c w 53.81 370 84 43 219 79790 1 2158662 37752 2.0 64 31 1 13 30% 286 33315 3250 29%
c - 54.08 369 85 43 220 79791 1 2168851 34418 2.0 64 32 1 13 30% 286 33315 3250 29%
c ] 54.47 369 84 44 220 79792 1 2183310 48340 2.0 64 32 1 13 30% 286 33315 3250 29%
c { 54.47 369 75 44 220 79792 9 2183310 48340 1.9 23 12 1 4 20% 286 33315 3250 29%
c o 54.48 369 75 44 220 79799 9 2183343 48372 1.9 23 12 1 4 20% 286 33315 3250 29%
c - 54.49 370 75 44 221 79820 9 2183683 35126 1.9 23 12 1 4 20% 286 33315 3250 29%
c - 54.83 370 76 44 222 80690 9 2198551 40859 1.9 23 12 1 4 20% 286 33315 3250 29%
c s 54.90 369 76 44 222 80835 9 2201309 43539 1.9 23 12 1 4 20% 286 33314 3250 29%
c e 54.90 363 76 44 222 80835 9 2201309 43539 1.9 23 12 1 4 20% 282 33343 3248 29%
c s 54.90 363 76 44 222 80835 9 2201309 43539 1.9 23 12 1 4 20% 282 33334 3248 29%
c e 54.90 363 76 44 222 80835 9 2201309 43539 1.9 23 12 1 4 20% 282 33350 3247 29%
c - 55.25 368 76 44 223 81636 8 2213451 45976 1.9 23 12 1 4 20% 282 33350 3247 29%
c - 55.71 368 76 44 224 82755 8 2228388 49312 1.9 23 12 1 4 20% 282 33350 3247 29%
c - 56.18 367 76 44 225 83762 8 2243354 51860 1.9 23 12 1 4 20% 282 33350 3247 29%
c - 56.69 369 76 44 226 84936 8 2258354 53802 1.9 24 12 1 4 20% 282 33350 3247 29%
c - 57.22 376 76 44 227 86124 8 2273388 55339 1.9 24 12 1 4 20% 282 33350 3247 29%
c - 57.75 381 76 44 228 87251 8 2288454 56836 2.0 24 12 1 4 20% 282 33350 3247 29%
c } 57.87 382 76 45 228 87532 8 2292142 60422 2.0 24 12 1 4 20% 282 33350 3247 29%
c [ 57.87 382 84 45 228 87532 1 2292142 60422 2.0 64 32 1 13 30% 282 33350 3247 29%
c
c seconds    switched      rate           size/glue  tier1    binary        remaining
c         MB   reductions     conflicts         size   tier2     irredundant
c          level     restarts        redundant     glue    trail       variables
c
c W 57.89 380 84 45 228 87532 1 2292142 60422 2.0 64 32 1 13 30% 282 33350 3247 29%
c u 58.26 383 84 45 228 87538 1 2303090 67793 2.0 65 32 1 13 30% 282 33350 3247 29%
c v 58.36 383 84 45 228 87538 1 2303090 61787 2.0 65 32 1 13 30% 282 33350 3247 29%
c w 58.48 390 84 45 228 87538 1 2303090 61616 2.0 65 32 1 13 30% 282 33350 3247 29%
c - 58.50 389 84 45 229 87538 1 2303553 46097 2.0 65 32 1 13 30% 282 33350 3247 29%
c - 58.87 390 85 45 230 87546 1 2318687 40822 2.0 65 32 1 13 30% 282 33350 3247 29%
c - 59.33 389 84 45 231 87553 1 2333852 37442 1.9 64 33 1 13 28% 282 33350 3247 29%
c - 59.69 390 84 45 232 87560 1 2349050 37675 2.0 65 33 1 13 28% 282 33350 3247 29%
c - 60.02 388 84 45 233 87562 1 2364281 38116 2.0 65 33 1 13 29% 282 33350 3247 29%
c - 60.39 312 83 45 234 87566 1 2379545 38606 2.0 65 32 1 13 29% 282 33350 3247 29%
c - 60.72 311 83 45 235 87575 1 2394844 39999 2.0 65 32 1 13 29% 282 33350 3247 29%
c o 60.73 311 83 45 235 87576 1 2395102 40257 2.0 65 32 1 13 29% 282 33350 3247 29%
c - 61.09 312 83 45 236 87580 1 2410174 39578 2.0 66 33 1 13 29% 282 33350 3247 29%
c - 61.44 311 83 45 237 87589 1 2425536 39479 2.0 66 33 1 13 29% 282 33350 3247 29%
c - 61.79 311 83 45 238 87593 1 2440930 39729 2.0 66 33 1 13 29% 282 33350 3247 29%
c O 61.97 309 83 45 238 87593 1 2447503 46172 2.0 67 33 1 13 29% 282 33350 3247 29%
c u 62.12 310 82 45 238 87593 1 2452684 49053 2.0 66 32 1 13 29% 282 33350 3247 29%
c v 62.16 310 82 45 238 87593 1 2452684 46700 2.0 66 32 1 13 29% 282 33350 3247 29%
c w 62.29 314 82 45 238 87593 1 2452684 46645 2.0 66 32 1 13 29% 282 33350 3247 29%
c - 62.37 311 83 45 239 87593 1 2456357 36480 2.0 65 32 1 13 29% 282 33350 3247 29%
c
c seconds    switched      rate           size/glue  tier1    binary        remaining
c         MB   reductions     conflicts         size   tier2     irredundant
c          level     restarts        redundant     glue    trail       variables
c
c ] 62.43 312 83 46 239 87594 1 2459900 39943 2.0 65 32 1 13 29% 282 33350 3247 29%
c { 62.43 312 76 46 239 87594 8 2459900 39943 2.0 24 12 1 4 20% 282 33350 3247 29%
c - 62.72 310 77 46 240 88242 8 2471816 41726 1.9 24 12 1 4 21% 282 33350 3247 29%
c - 63.15 308 77 46 241 89190 8 2487307 46772 1.9 24 12 1 4 21% 282 33350 3247 29%
c - 63.61 309 78 46 242 90205 8 2502831 50438 2.0 24 12 1 4 21% 283 33350 3247 29%
c - 64.10 308 77 46 243 91230 8 2518387 53257 2.0 25 12 1 4 21% 283 33350 3247 29%
c - 64.65 337 78 46 244 92422 8 2533975 55349 2.0 25 13 1 4 21% 284 33350 3247 29%
c - 65.22 376 77 46 245 93615 8 2549596 56917 2.0 25 13 1 4 21% 284 33350 3247 29%
c - 65.82 394 77 46 246 94814 8 2565249 58419 2.0 25 13 1 4 21% 284 33350 3247 29%
c s 66.11 394 77 46 246 95448 8 2572877 65828 2.0 25 13 1 4 21% 284 33341 3247 29%
c } 66.31 394 77 47 246 95863 8 2577944 70761 2.0 25 13 1 4 21% 284 33341 3247 29%
c [ 66.31 394 83 47 246 95863 1 2577944 70761 2.0 65 32 1 13 29% 284 33341 3247 29%
c - 66.38 394 83 47 247 95865 1 2580934 59158 2.0 65 32 1 13 29% 284 33341 3247 29%
c - 66.80 395 83 47 248 95875 1 2596651 54259 2.0 65 33 1 13 29% 284 33341 3247 29%
c u 67.15 389 83 47 248 95877 1 2607454 61060 2.0 64 32 1 13 29% 284 33341 3247 29%
c v 67.25 389 83 47 248 95877 1 2607454 55389 2.0 64 32 1 13 29% 284 33341 3247 29%
c w 67.41 389 83 47 248 95877 1 2607454 55190 2.0 64 32 1 13 29% 284 33341 3247 29%
c B 67.49 390 83 47 248 95877 1 2610166 57824 2.0 64 32 1 13 29% 284 33341 3247 29%
c - 67.54 390 83 47 249 95879 1 2612399 40029 2.0 64 32 1 13 30% 284 33341 3247 29%
c o 67.61 390 83 47 249 95882 1 2616039 43615 2.0 64 32 1 13 29% 284 33341 3247 29%
c
c seconds    switched      rate           size/glue  tier1    binary        remaining
c         MB   reductions     conflicts         size   tier2     irredundant
c          level     restarts        redundant     glue    trail       variables
c
c - 67.88 390 84 47 250 95888 1 2628181 40604 2.0 64 32 1 13 29% 284 33341 3247 29%
c - 68.24 390 84 47 251 95893 1 2643993 39234 2.0 64 33 1 13 29% 284 33341 3247 29%
c - 68.67 390 84 47 252 95893 1 2659835 37514 1.9 66 34 1 13 29% 284 33341 3247 29%
c - 69.03 390 85 47 253 95903 1 2675709 37598 1.9 66 34 1 13 29% 284 33341 3247 29%
c - 69.37 390 85 47 254 95908 1 2691614 39371 1.9 66 34 1 13 29% 284 33341 3247 29%
c - 69.76 390 85 47 255 95917 1 2707551 40333 1.9 66 34 1 13 30% 284 33341 3247 29%
c - 70.17 391 85 47 256 95923 1 2723521 39837 2.0 67 34 1 13 30% 284 33341 3247 29%
c - 70.57 252 84 47 257 95924 1 2739521 39501 2.0 69 34 1 13 31% 284 33341 3247 29%
c - 70.96 252 83 47 258 95925 1 2755552 39255 2.0 70 34 1 13 31% 284 33341 3247 29%
c u 71.31 252 82 47 258 95925 1 2767454 48231 2.1 70 34 1 13 31% 284 33341 3247 29%
c v 71.35 252 82 47 258 95925 1 2767454 46180 2.1 70 34 1 13 31% 284 33341 3247 29%
c w 71.51 251 82 47 258 95925 1 2767454 45886 2.1 70 34 1 13 31% 284 33341 3247 29%
c ] 71.60 251 82 48 258 95925 1 2771323 49714 2.1 70 34 1 13 31% 284 33341 3247 29%
c { 71.60 251 77 48 258 95925 8 2771323 49714 2.0 25 13 1 4 21% 284 33341 3247 29%
c - 71.61 251 77 48 259 95945 8 2771614 35757 2.0 25 13 1 4 21% 284 33341 3247 29%
c - 71.98 251 78 48 260 96706 8 2787707 42151 2.0 25 13 1 4 21% 284 33341 3247 29%
c - 72.41 251 78 48 261 97573 8 2803831 47633 2.0 25 13 1 4 22% 284 33341 3247 29%
c - 72.90 251 78 48 262 98593 8 2819987 51194 2.0 26 13 1 4 22% 284 33341 3247 29%
c - 73.42 251 79 48 263 99602 8 2836174 53722 2.0 26 13 1 4 22% 284 33341 3247 29%
c o 73.73 251 79 48 263 100221 8 2846041 63332 2.0 26 13 1 4 22% 284 33341 3247 29%
c
c seconds    switched       rate           size/glue  tier1   binary        remaining
c         MB   reductions      conflicts         size   tier2    irredundant
c          level      restarts        redundant     glue   trail       variables
c
c - 73.97 251 79 48 264 100631 8 2852391 55763 2.0 26 13 1 4 22% 284 33341 3247 29%
c - 74.52 251 79 48 265 101544 8 2868639 57497 2.0 26 13 1 4 22% 285 33340 3247 29%
c - 75.11 251 79 48 266 102532 8 2884918 59071 2.0 26 13 1 4 22% 286 33340 3247 29%
c } 75.59 251 79 49 266 103321 7 2898937 72704 2.0 26 13 1 4 22% 286 33340 3247 29%
c [ 75.59 251 82 49 266 103321 1 2898937 72704 2.1 70 34 1 13 31% 286 33340 3247 29%
c W 75.63 251 82 49 266 103321 1 2898937 72704 2.1 70 34 1 13 31% 286 33340 3247 29%
c - 75.69 251 83 49 267 103323 1 2901229 59900 2.1 70 34 1 13 31% 286 33340 3247 29%
c - 76.09 251 83 49 268 103333 1 2917570 55951 2.0 68 34 1 13 31% 286 33340 3247 29%
c u 76.60 253 83 49 268 103336 1 2932682 67182 2.0 69 34 1 13 31% 286 33340 3247 29%
c v 76.70 253 83 49 268 103336 1 2932682 60920 2.0 69 34 1 13 31% 286 33340 3247 29%
c w 76.87 266 83 49 268 103336 1 2932682 60358 2.0 69 34 1 13 31% 286 33340 3247 29%
c - 77.62 266 83 49 269 103338 1 2933941 40378 2.0 69 34 1 13 31% 286 33340 3247 29%
c - 78.02 266 83 49 270 103347 1 2950342 39135 2.0 69 35 1 13 31% 286 33340 3247 29%
c - 78.38 266 83 49 271 103351 1 2966774 40417 2.0 68 34 1 13 31% 286 33340 3247 29%
c s 78.68 266 83 49 271 103351 1 2979454 52877 2.0 68 34 1 13 31% 286 33339 3247 29%
c - 78.78 266 83 49 272 103353 1 2983236 41226 2.0 68 34 1 13 31% 286 33339 3247 29%
c - 79.27 266 83 49 273 103363 1 2999729 41545 2.0 68 34 1 13 30% 286 33339 3247 29%
c - 79.70 266 84 49 274 103369 1 3016252 40457 2.0 69 35 1 13 31% 286 33339 3247 29%
c - 80.13 266 85 49 275 103379 1 3032805 39024 1.9 70 36 1 13 31% 286 33339 3247 29%
c - 80.51 266 85 49 276 103382 1 3049388 39905 1.9 69 36 1 13 31% 286 33339 3247 29%
c
c seconds    switched       rate           size/glue  tier1    binary        remaining
c         MB   reductions      conflicts         size   tier2     irredundant
c          level      restarts        redundant     glue    trail       variables
c
c - 80.90 119 85 49 277 103383 1 3066002 40717 2.0 69 35 1 13 31% 286 33339 3247 29%
c I 81.15 119 85 49 277 103383 1 3076589 51136 2.0 68 34 1 13 30% 286 33339 3247 29%
c - 81.29 119 84 49 278 103383 1 3082646 42450 2.0 69 34 1 13 31% 286 33339 3247 29%
c ] 81.37 119 84 50 278 103383 1 3086317 46077 2.0 69 34 1 13 31% 286 33339 3247 29%
c { 81.37 119 79 50 278 103383 7 3086317 46077 2.0 26 13 1 4 22% 286 33339 3247 29%
c o 81.37 119 79 50 278 103387 7 3086350 46110 2.0 26 13 1 4 22% 286 33339 3247 29%
c - 81.71 119 80 50 279 103735 7 3099322 47175 2.0 26 13 1 4 22% 286 33339 3247 29%
c u 81.88 119 79 50 279 103842 7 3103188 49069 2.0 26 13 1 4 22% 287 33339 3247 29%
c v 81.93 119 79 50 279 103842 7 3103188 46176 2.0 26 13 1 4 22% 287 33339 3247 29%
c w 81.98 119 79 50 279 103842 7 3103188 45930 2.0 26 13 1 4 22% 287 33339 3247 29%
c x 82.02 119 79 50 279 103842 7 3103188 45922 2.0 26 13 1 4 22% 287 33311 3247 29%
c - 82.38 119 79 50 280 104205 7 3116025 47704 2.0 26 13 1 4 22% 287 33311 3247 29%
c - 82.89 119 79 50 281 104743 6 3132758 52057 2.0 26 13 1 4 22% 287 33311 3247 29%
c - 83.46 119 78 50 282 105325 6 3149522 55380 2.0 26 13 1 4 22% 287 33311 3247 29%
c - 84.07 119 77 50 283 105952 6 3166314 57867 2.0 27 13 1 4 22% 287 33311 3247 29%
c - 84.72 119 77 50 284 106665 6 3183136 59916 2.0 27 13 1 4 22% 287 33311 3247 29%
c - 85.41 119 76 50 285 107409 6 3199988 61766 2.0 27 13 1 4 23% 287 33311 3247 29%
c - 86.07 119 76 50 286 108090 6 3216870 63496 2.1 27 13 1 4 23% 287 33311 3247 29%
c } 86.35 119 75 51 286 108416 6 3223842 70342 2.1 27 13 1 4 22% 287 33311 3247 29%
c [ 86.35 119 84 51 286 108416 1 3223842 70342 2.0 69 34 1 13 31% 287 33311 3247 29%
c
c seconds    switched       rate           size/glue  tier1    binary        remaining
c         MB   reductions      conflicts         size   tier2     irredundant
c          level      restarts        redundant     glue    trail       variables
c
c - 86.57 119 85 51 287 108422 1 3233783 62372 2.1 68 33 1 13 31% 287 33311 3247 29%
c - 86.95 120 85 51 288 108430 1 3250725 55874 2.0 67 33 1 13 31% 287 33311 3247 29%
c B 87.19 120 85 51 288 108434 1 3261924 66867 2.1 67 33 1 13 31% 287 33311 3247 29%
c - 87.32 126 85 51 289 108437 1 3267696 49665 2.0 67 33 1 13 31% 287 33311 3247 29%
c u 87.71 128 85 51 289 108444 1 3279010 57135 2.0 67 33 1 13 31% 287 33311 3247 29%
c v 87.77 128 85 51 289 108444 1 3279010 52922 2.0 67 33 1 13 31% 287 33311 3247 29%
c w 88.06 131 85 51 289 108444 1 3279010 52525 2.0 67 33 1 13 31% 287 33311 3247 29%
c - 88.20 132 85 51 290 108445 1 3284697 41405 2.0 66 33 1 13 31% 287 33311 3247 29%
c - 88.61 132 85 51 291 108446 1 3301726 40709 2.0 67 33 1 13 30% 287 33311 3247 29%
c - 89.03 132 85 51 292 108454 1 3318784 40853 2.0 67 33 1 13 31% 287 33311 3247 29%
c - 89.40 132 86 51 293 108461 1 3335872 41559 2.0 67 34 1 13 30% 287 33311 3247 29%
c o 89.60 132 85 51 293 108466 1 3344267 49796 2.0 68 34 1 13 30% 287 33311 3247 29%
c - 89.87 132 85 51 294 108470 1 3352989 41342 2.0 68 34 1 13 30% 287 33311 3247 29%
c - 90.38 132 84 51 295 108476 1 3370135 40831 2.0 69 35 1 13 30% 287 33311 3247 29%
c - 90.80 132 84 51 296 108477 1 3387310 41464 2.0 69 35 1 13 30% 287 33311 3247 29%
c - 91.26 48 83 51 297 108478 1 3404514 42130 2.0 69 35 1 13 30% 287 33311 3247 29%
c - 91.77 48 82 51 298 108479 1 3421747 42750 2.0 69 35 1 13 30% 287 33311 3247 29%
c - 92.26 59 83 51 299 108490 1 3439009 43308 2.0 71 36 1 13 30% 287 33311 3247 29%
c W 92.67 60 83 51 299 108494 1 3455066 58974 2.0 72 36 1 13 30% 287 33311 3247 29%
c ] 92.70 68 83 52 299 108495 1 3455818 59715 2.0 72 36 1 13 30% 287 33311 3247 29%
c
c seconds   switched       rate           size/glue  tier1   binary        remaining
c        MB   reductions      conflicts         size   tier2    irredundant
c         level      restarts        redundant     glue   trail       variables
c
c { 92.70 68 75 52 299 108495 6 3455818 59715 2.1 27 13 1 4 22% 287 33311 3247 29%
c - 92.71 64 75 52 300 108516 6 3456300 41835 2.1 27 13 1 4 22% 287 33311 3247 29%
c u 92.88 64 76 52 300 108708 6 3460165 43867 2.1 27 13 1 4 22% 287 33311 3247 29%
c v 92.92 64 76 52 300 108708 6 3460165 41699 2.1 27 13 1 4 22% 287 33311 3247 29%
c w 93.07 64 76 52 300 108708 6 3460165 39677 2.1 27 13 1 4 22% 287 33311 3247 29%
c - 93.39 65 76 52 301 109267 6 3473621 43545 2.0 27 13 1 4 23% 287 33311 3247 29%
c - 93.87 65 77 52 302 110148 6 3490970 50599 2.0 27 13 1 4 23% 287 33311 3247 29%
c - 94.41 66 78 52 303 111087 6 3508350 54788 2.0 27 13 1 4 22% 287 33311 3247 29%
c - 95.00 66 78 52 304 112106 6 3525756 57603 2.0 27 13 1 4 22% 287 33311 3247 29%
c - 95.60 66 78 52 305 113086 6 3543191 59817 2.0 27 13 1 4 22% 287 33311 3247 29%
c - 96.23 66 78 52 306 114115 6 3560655 61693 2.0 27 13 1 4 22% 287 33311 3247 29%
c - 96.87 66 78 52 307 115083 7 3578147 63362 2.0 27 14 1 4 22% 287 33311 3247 29%
c - 97.53 67 79 52 308 116135 7 3595669 64594 2.0 27 14 1 4 22% 287 33311 3247 29%
c } 97.81 67 79 53 308 116619 7 3603606 72333 2.0 27 14 1 4 22% 287 33311 3247 29%
c [ 97.81 67 83 53 308 116619 1 3603606 72333 2.0 72 36 1 13 30% 287 33311 3247 29%
c o 97.83 67 83 53 308 116620 1 3604635 73346 2.0 72 36 1 13 30% 287 33311 3247 29%
c - 98.09 68 83 53 309 116625 1 3613220 62851 2.0 71 36 1 13 30% 287 33311 3247 29%
c - 98.58 69 83 53 310 116633 1 3630802 56613 2.0 70 35 1 13 30% 287 33311 3247 29%
c u 99.13 72 83 53 310 116640 1 3646677 67736 2.0 70 36 1 13 30% 287 33311 3247 29%
c v 99.23 72 83 53 310 116640 1 3646677 61841 2.0 70 36 1 13 30% 287 33311 3247 29%
c
c seconds   switched       rate           size/glue  tier1    binary        remaining
c        MB   reductions      conflicts         size   tier2     irredundant
c         level      restarts        redundant     glue    trail       variables
c
c w 99.48 83 83 53 310 116640 1 3646677 61531 2.0 70 36 1 13 30% 287 33311 3247 29%
c - 99.55 84 83 53 311 116640 1 3648408 43005 2.0 70 36 1 13 30% 287 33311 3247 29%
c O 99.74 84 83 53 311 116646 1 3656134 50536 2.0 70 35 1 13 30% 287 33311 3247 29%
c - 99.95 87 83 53 312 116648 1 3666043 42739 2.0 69 35 1 13 30% 287 33311 3247 29%
c - 100.44 84 83 53 313 116649 1 3683707 42354 2.0 70 35 1 13 30% 287 33311 3247 29%
c - 100.92 88 84 53 314 116659 1 3701399 40062 1.9 71 36 1 13 30% 287 33311 3247 29%
c - 101.39 88 84 53 315 116665 1 3719120 40969 1.9 70 36 1 13 31% 287 33311 3247 29%
c - 101.81 89 85 53 316 116676 1 3736868 42877 1.9 70 36 1 13 30% 287 33311 3247 29%
c - 102.27 98 85 53 317 116680 1 3754644 42403 2.0 72 37 1 13 31% 287 33311 3247 29%
c - 102.74 106 84 53 318 116681 1 3772450 41100 2.0 73 37 1 13 31% 287 33311 3247 29%
c - 103.23 115 83 53 319 116681 1 3790284 41349 2.0 74 37 1 13 31% 287 33311 3247 29%
c - 103.70 123 83 53 320 116687 1 3808148 41758 2.0 73 37 1 13 31% 287 33311 3247 29%
c ] 103.94 123 83 54 320 116692 1 3818107 51478 2.0 72 36 1 13 31% 287 33311 3247 29%
c { 103.94 123 79 54 320 116692 7 3818107 51478 2.0 27 14 1 4 22% 287 33311 3247 29%
c - 104.17 124 79 54 321 116871 6 3826037 47287 2.0 27 14 1 4 22% 287 33311 3247 29%
c u 104.56 124 78 54 321 117106 6 3838573 57128 2.0 27 13 1 4 22% 287 33311 3247 29%
c v 104.61 125 78 54 321 117106 6 3838573 54342 2.0 27 13 1 4 22% 287 33311 3247 29%
c w 104.75 126 78 54 321 117106 6 3838573 53632 2.0 27 13 1 4 22% 287 33311 3247 29%
c - 104.90 126 78 54 322 117216 6 3843953 48298 2.0 27 13 1 4 23% 287 33311 3247 29%
c - 105.43 126 78 54 323 117681 6 3861898 53436 2.0 27 13 1 4 23% 287 33311 3247 29%
c
c seconds     switched       rate           size/glue  tier1   binary        remaining
c          MB   reductions      conflicts         size   tier2    irredundant
c           level      restarts        redundant     glue   trail       variables
c
c o 105.85 126 77 54 323 118091 6 3874640 65879 2.0 27 13 1 4 23% 287 33311 3247 29%
c - 106.05 126 77 54 324 118278 6 3879870 57006 2.0 27 13 1 4 23% 287 33311 3247 29%
c - 106.73 126 77 54 325 118930 5 3897871 60079 2.0 27 13 1 4 23% 287 33311 3247 29%
c - 107.38 126 77 54 326 119553 5 3915899 62698 2.1 27 13 1 4 23% 287 33311 3247 29%
c - 108.07 126 76 54 327 120204 5 3933954 64782 2.1 27 13 1 4 23% 287 33311 3247 29%
c - 108.81 126 75 54 328 120950 5 3952037 66721 2.1 28 13 1 4 23% 287 33311 3247 29%
c - 109.59 126 75 54 329 121733 5 3970148 68261 2.1 28 13 1 4 23% 287 33311 3247 29%
c } 109.85 126 74 55 329 121991 5 3976504 74474 2.1 28 13 1 4 23% 288 33311 3247 29%
c [ 109.85 126 83 55 329 121991 1 3976504 74474 2.0 72 36 1 13 31% 288 33311 3247 29%
c B 109.85 126 83 55 329 121991 1 3976504 74474 2.0 72 36 1 13 31% 288 33311 3247 29%
c - 110.12 126 84 55 330 121997 1 3988286 66096 2.0 69 35 1 13 30% 288 33311 3247 29%
c - 110.63 135 84 55 331 122005 1 4006451 58043 1.9 69 36 1 13 30% 288 33311 3247 29%
c - 111.05 143 84 55 332 122015 1 4024644 51955 1.9 67 35 1 13 30% 288 33311 3247 29%
c u 111.46 85 84 55 332 122020 1 4035880 58847 2.0 68 35 1 13 30% 288 33311 3247 29%
c v 111.53 85 84 55 332 122020 1 4035880 54487 2.0 68 35 1 13 30% 288 33311 3247 29%
c w 111.93 95 84 55 332 122020 1 4035880 54245 2.0 68 35 1 13 30% 288 33311 3247 29%
c - 112.12 96 84 55 333 122021 1 4042866 44085 2.0 69 35 1 13 30% 288 33311 3247 29%
c - 112.61 99 83 55 334 122024 1 4061116 43329 2.0 70 35 1 13 31% 288 33311 3247 29%
c - 113.07 99 82 55 335 122035 1 4079391 43353 2.0 70 35 1 13 31% 288 33311 3247 29%
c - 113.58 104 82 55 336 122041 1 4097694 42813 2.0 70 36 1 13 31% 288 33311 3247 29%
c
c seconds     switched       rate           size/glue  tier1    binary        remaining
c          MB   reductions      conflicts         size   tier2     irredundant
c           level      restarts        redundant     glue    trail       variables
c
c - 114.06 107 83 55 337 122050 1 4116024 43926 2.0 70 36 1 13 31% 288 33311 3247 29%
c - 114.52 111 82 55 338 122052 1 4134381 45008 1.9 69 35 1 13 31% 288 33311 3247 29%
c - 114.97 111 81 55 339 122053 1 4152765 45218 2.0 69 35 1 13 31% 288 33311 3247 29%
c - 115.46 116 80 55 340 122053 1 4171177 45120 2.0 69 35 1 13 31% 288 33311 3247 29%
c - 115.97 120 80 55 341 122063 1 4189616 45570 2.0 69 35 1 13 31% 288 33311 3247 29%
c o 115.99 120 80 55 341 122064 1 4190414 46352 2.0 69 35 1 13 31% 288 33311 3247 29%
c W 116.11 120 80 55 341 122066 1 4193786 49649 2.0 69 35 1 13 31% 288 33311 3247 29%
c - 116.44 123 81 55 342 122070 1 4208082 46754 1.9 68 35 1 13 30% 288 33311 3247 29%
c - 116.88 125 83 55 343 122081 1 4226576 46017 1.9 68 35 1 13 30% 288 33311 3247 29%
c u 117.26 126 83 55 343 122083 1 4238624 55281 1.9 67 35 1 13 30% 288 33311 3247 29%
c v 117.31 126 83 55 343 122083 1 4238624 52751 1.9 67 35 1 13 30% 288 33311 3247 29%
c w 117.51 130 83 55 343 122083 1 4238624 52527 1.9 67 35 1 13 30% 288 33311 3247 29%
c ] 117.63 131 83 56 343 122084 1 4243480 57299 1.9 67 35 1 13 30% 288 33311 3247 29%
c { 117.63 131 74 56 343 122084 5 4243480 57299 2.1 28 13 1 4 23% 288 33311 3247 29%
c - 117.68 132 75 56 344 122145 5 4245096 41558 2.1 28 13 1 4 23% 288 33311 3247 29%
c - 118.15 132 76 56 345 122918 5 4263645 49344 2.1 27 13 1 4 23% 288 33311 3247 29%
c - 118.72 132 77 56 346 123934 6 4282219 55922 2.0 27 13 1 4 23% 288 33311 3247 29%
c - 119.33 132 77 56 347 124929 6 4300824 59697 2.0 27 13 1 4 22% 288 33311 3247 29%
c - 120.00 132 77 56 348 126042 6 4319452 62428 2.0 27 13 1 4 22% 288 33311 3247 29%
c - 120.69 132 77 56 349 127141 6 4338107 64464 2.0 27 13 1 4 22% 288 33311 3247 29%
c
c seconds    switched       rate           size/glue  tier1   binary        remaining
c         MB   reductions      conflicts         size   tier2    irredundant
c          level      restarts        redundant     glue   trail       variables
c
c - 121.43 79 78 56 350 128323 6 4356789 66412 2.0 28 14 1 4 22% 288 33311 3247 29%
c - 122.15 79 78 56 351 129390 7 4375503 67852 2.0 28 14 1 4 22% 288 33311 3247 29%
c - 122.94 79 78 56 352 130596 7 4394238 69118 2.0 28 14 1 4 22% 288 33311 3247 29%
c } 123.73 79 78 57 352 131808 7 4412823 87359 2.0 28 14 1 4 22% 288 33311 3247 29%
c [ 123.73 79 83 57 352 131808 1 4412823 87359 1.9 67 35 1 13 30% 288 33311 3247 29%
c - 123.74 79 83 57 353 131808 1 4412999 70289 1.9 67 35 1 13 30% 288 33311 3247 29%
c I 123.93 79 83 57 353 131813 1 4419352 76525 1.9 66 34 1 13 30% 288 33311 3247 29%
c - 124.23 80 83 57 354 131820 1 4431788 66571 1.9 65 34 1 13 29% 288 33311 3247 29%
c u 124.75 80 83 57 354 131824 1 4446827 76898 1.9 66 34 1 13 30% 288 33311 3247 29%
c v 124.87 80 83 57 354 131824 1 4446827 69866 1.9 66 34 1 13 30% 288 33311 3247 29%
c w 125.14 84 83 57 354 131824 1 4446827 69533 1.9 66 34 1 13 30% 288 33311 3247 29%
c - 125.25 90 84 57 355 131826 1 4450604 49272 1.9 66 34 1 13 30% 288 33311 3247 29%
c - 125.74 94 83 57 356 131836 1 4469446 47234 2.0 66 34 1 13 30% 288 33311 3247 29%
c - 126.25 97 84 57 357 131838 1 4488313 46728 1.9 66 34 1 13 30% 288 33311 3247 29%
c o 126.51 98 83 57 357 131842 1 4499193 57413 1.9 66 34 1 13 30% 288 33311 3247 29%
c - 126.75 101 84 57 358 131845 1 4507207 46371 1.9 66 34 1 13 30% 288 33311 3247 29%
c - 127.30 105 85 57 359 131853 1 4526127 46101 1.9 68 36 1 13 30% 288 33311 3247 29%
c - 127.83 110 86 57 360 131864 1 4545074 45873 1.9 69 36 1 13 30% 288 33311 3247 29%
c - 128.40 113 85 57 361 131869 1 4564047 46173 1.9 69 37 1 13 31% 288 33311 3247 29%
c - 129.03 117 83 57 362 131870 1 4583048 44424 1.9 70 38 1 13 31% 288 33311 3247 29%
c
c seconds     switched       rate           size/glue  tier1    binary        remaining
c          MB   reductions      conflicts         size   tier2     irredundant
c           level      restarts        redundant     glue    trail       variables
c
c - 129.62 121 82 57 363 131870 1 4602074 43839 1.8 70 38 1 13 31% 288 33311 3247 29%
c - 130.20 125 81 57 364 131877 1 4621127 44468 1.8 70 38 1 13 31% 288 33311 3247 29%
c - 130.70 128 82 57 365 131885 1 4640205 46561 1.9 70 37 1 13 31% 288 33311 3247 29%
c B 131.05 131 82 57 365 131892 1 4653319 59365 1.9 69 37 1 13 31% 288 33311 3247 29%
c - 131.24 133 82 57 366 131895 1 4659309 47039 1.9 69 37 1 13 31% 288 33311 3247 29%
c ] 131.26 133 82 58 366 131896 1 4660290 48000 1.9 69 37 1 13 31% 288 33311 3247 29%
c { 131.26 133 78 58 366 131896 7 4660290 48000 2.0 28 14 1 4 22% 288 33311 3247 29%
c u 131.36 133 78 58 366 131903 7 4660519 45466 2.0 28 14 1 4 22% 288 33311 3247 29%
c v 131.40 133 78 58 366 131903 7 4660519 43289 2.0 28 14 1 4 22% 288 33311 3247 29%
c w 131.52 133 78 58 366 131903 7 4660519 41749 2.0 28 14 1 4 22% 288 33311 3247 29%
c x 131.56 92 78 58 366 131903 7 4660519 41746 2.0 28 14 1 4 22% 288 33296 3247 29%
c - 132.16 93 79 58 367 132608 7 4678441 48739 2.0 28 14 1 4 23% 289 33296 3247 29%
c - 132.70 94 80 58 368 133351 6 4697598 55924 2.0 28 14 1 4 23% 289 33296 3247 29%
c - 133.30 94 80 58 369 134202 6 4716782 59891 2.0 28 14 1 4 23% 289 33296 3247 29%
c - 133.95 95 80 58 370 135135 6 4735991 62724 2.0 28 14 1 4 23% 290 33296 3247 29%
c - 134.67 95 80 58 371 136177 6 4755227 64869 2.0 28 14 1 4 23% 290 33296 3247 29%
c - 135.37 96 79 58 372 137155 6 4774489 66706 2.0 29 14 1 4 23% 290 33296 3247 29%
c - 136.12 96 80 58 373 138226 6 4793777 68427 2.0 29 14 1 4 23% 290 33296 3247 29%
c o 136.31 96 80 58 373 138534 6 4799222 73718 2.0 29 14 1 4 23% 290 33296 3247 29%
c - 136.87 96 80 58 374 139248 7 4813092 69760 2.0 29 14 1 4 23% 290 33296 3247 29%
c
c seconds    switched       rate           size/glue  tier1   binary        remaining
c         MB   reductions      conflicts         size   tier2    irredundant
c          level      restarts        redundant     glue   trail       variables
c
c - 137.63 96 80 58 375 140333 7 4832434 71087 2.0 29 14 1 4 23% 291 33296 3247 29%
c } 137.95 96 80 59 375 140784 7 4840921 79384 2.0 29 14 1 4 23% 291 33296 3247 29%
c [ 137.95 96 82 59 375 140784 1 4840921 79384 1.9 69 37 1 13 31% 291 33296 3247 29%
c - 138.19 97 82 59 376 140790 1 4851799 69764 1.9 68 36 1 13 31% 291 33296 3247 29%
c - 138.65 98 83 59 377 140798 1 4871189 63952 1.9 66 35 1 13 31% 291 33296 3247 29%
c u 138.98 96 83 59 377 140803 1 4879732 67928 1.9 65 34 1 13 31% 291 33296 3247 29%
c v 139.10 96 83 59 377 140803 1 4879732 61439 1.9 65 34 1 13 31% 291 33296 3247 29%
c w 139.42 95 83 59 377 140803 1 4879732 60803 1.9 65 34 1 13 31% 291 33296 3247 29%
c - 139.70 95 83 59 378 140809 1 4890605 50259 1.9 64 34 1 13 31% 291 33296 3247 29%
c W 139.89 96 83 59 378 140812 1 4895800 55369 1.9 64 34 1 13 31% 291 33296 3247 29%
c - 140.27 100 84 59 379 140814 1 4910049 49180 1.9 65 34 1 13 31% 291 33296 3247 29%
c - 140.77 104 84 59 380 140820 1 4929517 46589 1.9 67 35 1 13 31% 291 33296 3247 29%
c - 141.24 107 85 59 381 140829 1 4949011 46325 1.9 68 35 1 13 31% 291 33296 3247 29%
c - 141.77 51 85 59 382 140837 1 4968531 46910 2.0 69 35 1 13 31% 291 33296 3247 29%
c - 142.29 54 85 59 383 140844 1 4988075 47568 2.0 70 36 1 13 31% 291 33296 3247 29%
c - 142.75 59 85 59 384 140846 1 5007645 48152 2.0 70 36 1 13 31% 291 33296 3247 29%
c - 143.25 62 85 59 385 140846 1 5027241 47503 2.0 71 36 1 13 31% 291 33296 3247 29%
c - 143.76 66 85 59 386 140853 1 5046862 48474 2.0 69 35 1 13 30% 291 33296 3247 29%
c - 144.27 70 85 59 387 140861 1 5066508 48757 2.0 69 35 1 13 30% 291 33296 3247 29%
c - 144.78 75 85 59 388 140871 1 5086180 48227 2.0 70 35 1 13 31% 292 33296 3247 29%
c
c seconds    switched       rate           size/glue  tier1    binary        remaining
c         MB   reductions      conflicts         size   tier2     irredundant
c          level      restarts        redundant     glue    trail       variables
c
c u 145.35 79 83 59 388 140877 1 5104457 63375 2.0 70 35 1 13 31% 292 33296 3247 29%
c v 145.41 79 83 59 388 140877 1 5104457 60782 2.0 70 35 1 13 31% 292 33296 3247 29%
c w 145.63 86 83 59 388 140877 1 5104457 60240 2.0 70 35 1 13 31% 292 33296 3247 29%
c - 145.68 86 83 59 389 140877 1 5105877 43755 2.0 69 35 1 13 31% 292 33296 3247 29%
c ] 146.09 93 84 60 389 140880 1 5122934 60581 2.0 66 34 1 13 29% 292 33296 3247 29%
c { 146.09 93 80 60 389 140880 7 5122934 60581 2.0 29 14 1 4 23% 292 33296 3247 29%
c o 146.09 93 80 60 389 140886 7 5122968 60615 2.0 29 14 1 4 23% 292 33296 3247 29%
c - 146.17 94 80 60 390 140982 7 5125601 46729 2.0 29 14 1 4 23% 292 33296 3247 29%
c - 146.70 94 80 60 391 141730 6 5145349 53703 2.0 29 14 1 4 23% 292 33296 3247 29%
c - 147.33 95 81 60 392 142603 6 5165123 59404 2.0 29 14 1 4 23% 292 33296 3247 29%
c - 147.94 95 81 60 393 143441 6 5184922 63072 2.0 29 14 1 4 23% 292 33296 3247 29%
c - 148.63 95 81 60 394 144352 6 5204746 65601 2.0 29 14 1 4 23% 292 33296 3247 29%
c - 149.37 95 81 60 395 145308 6 5224597 67781 2.1 29 14 1 4 23% 292 33296 3247 29%
c - 150.09 96 81 60 396 146225 6 5244472 69720 2.1 29 14 1 4 23% 292 33296 3247 29%
c - 150.88 96 81 60 397 147248 6 5264371 71234 2.1 30 14 1 4 23% 292 33296 3247 29%
c - 151.60 96 81 60 398 148139 6 5284295 72655 2.1 29 14 1 4 23% 292 33296 3247 29%
c - 152.40 96 81 60 399 149249 6 5304244 73741 2.1 30 14 1 4 23% 292 33296 3247 29%
c } 152.78 96 81 61 399 149727 6 5315186 84435 2.1 30 14 1 4 23% 292 33296 3247 29%
c [ 152.78 96 84 61 399 149727 1 5315186 84435 2.0 66 34 1 13 29% 292 33296 3247 29%
c O 152.78 96 84 61 399 149727 1 5315186 84435 2.0 66 34 1 13 29% 292 33296 3247 29%
c
c seconds    switched       rate           size/glue  tier1    binary        remaining
c         MB   reductions      conflicts         size   tier2     irredundant
c          level      restarts        redundant     glue    trail       variables
c
c - 153.02 93 84 61 400 149733 1 5324218 72259 2.0 66 34 1 13 29% 292 33296 3247 29%
c u 153.43 93 85 61 400 149739 1 5334751 78099 2.0 66 34 1 13 30% 292 33296 3247 29%
c v 153.56 93 85 61 400 149739 1 5334751 70742 2.0 66 34 1 13 30% 292 33296 3247 29%
c w 153.85 96 85 61 400 149739 1 5334751 70458 2.0 66 34 1 13 30% 292 33296 3247 29%
c - 154.11 98 85 61 401 149741 1 5344218 55808 2.0 67 34 1 13 30% 292 33296 3247 29%
c - 154.62 101 85 61 402 149751 1 5364242 49843 2.0 68 34 1 13 31% 292 33296 3247 29%
c - 155.16 90 85 61 403 149757 1 5384291 48998 2.0 67 34 1 13 30% 292 33296 3247 29%
c - 155.72 94 86 61 404 149763 1 5404366 48493 2.0 67 34 1 13 31% 292 33296 3247 29%
c - 156.29 98 85 61 405 149772 1 5424466 48730 2.0 67 34 1 13 31% 292 33296 3247 29%
c - 156.87 102 85 61 406 149781 1 5444591 48422 1.9 68 35 1 13 31% 292 33296 3247 29%
c - 157.41 106 85 61 407 149788 1 5464740 48814 1.9 68 36 1 13 31% 292 33296 3247 29%
c - 157.98 110 84 61 408 149789 1 5484914 48405 1.9 68 36 1 13 31% 292 33296 3247 29%
c - 158.61 122 84 61 409 149789 1 5505114 48022 1.9 69 37 1 13 31% 292 33296 3247 29%
c - 159.26 134 83 61 410 149797 1 5525337 47473 1.8 70 38 1 13 31% 292 33296 3247 29%
c - 159.81 142 83 61 411 149805 1 5545585 47896 1.8 69 38 1 13 31% 292 33296 3247 29%
c - 160.39 145 83 61 412 149817 1 5565860 48556 1.8 70 38 1 13 31% 292 33296 3247 29%
c u 160.61 145 83 61 412 149819 1 5570610 50451 1.8 70 38 1 13 31% 292 33296 3247 29%
c v 160.65 145 83 61 412 149819 1 5570610 48201 1.8 70 38 1 13 31% 292 33296 3247 29%
c w 160.91 147 83 61 412 149819 1 5570610 45821 1.8 70 38 1 13 31% 292 33296 3247 29%
c o 160.92 147 83 61 412 149819 1 5570610 45821 1.8 70 38 1 13 31% 292 33296 3247 29%
c
c seconds     switched       rate           size/glue  tier1    binary        remaining
c          MB   reductions      conflicts         size   tier2     irredundant
c           level      restarts        redundant     glue    trail       variables
c
c B 161.03 148 84 61 412 149819 1 5575036 50164 1.8 70 38 1 13 31% 292 33296 3247 29%
c - 161.34 151 84 61 413 149820 1 5586158 43776 1.8 70 38 1 13 30% 292 33296 3247 29%
c ] 161.40 151 84 62 413 149820 1 5588272 45876 1.8 70 38 1 13 30% 292 33296 3247 29%
c { 161.40 151 81 62 413 149820 6 5588272 45876 2.1 30 14 1 4 23% 292 33296 3247 29%
c - 161.83 97 82 62 414 150444 6 5606481 50947 2.0 29 14 1 4 23% 292 33296 3247 29%
c - 162.38 97 82 62 415 151203 6 5626827 59503 2.0 29 14 1 4 23% 292 33296 3247 29%
c - 163.02 98 81 62 416 152086 6 5647198 63584 2.0 29 14 1 4 23% 292 33296 3247 29%
c - 163.72 98 81 62 417 152998 6 5667595 66377 2.1 30 14 1 4 24% 293 33296 3247 29%
c - 164.53 96 81 62 418 154107 6 5688016 68409 2.0 29 14 1 4 23% 293 33296 3247 29%
c - 165.44 59 81 62 419 155076 6 5708461 70329 2.1 30 14 1 4 23% 293 33296 3247 29%
c - 166.25 59 81 62 420 156106 6 5728930 72439 2.1 30 14 1 4 23% 293 33296 3247 29%
c - 167.04 59 81 62 421 157126 6 5749424 73919 2.1 30 15 1 4 24% 294 33296 3247 29%
c - 167.87 60 81 62 422 158268 6 5769943 74962 2.1 30 15 1 4 24% 294 33296 3247 29%
c - 168.69 60 81 62 423 159319 6 5790485 76055 2.1 30 15 1 4 24% 294 33296 3247 29%
c } 168.77 60 81 63 423 159428 6 5792483 78003 2.1 30 15 1 4 24% 294 33296 3247 29%
c [ 168.77 60 84 63 423 159428 1 5792483 78003 1.8 70 38 1 13 30% 294 33296 3247 29%
c - 169.22 62 84 63 424 159440 1 5811052 72596 1.9 68 36 1 13 30% 294 33296 3247 29%
c u 169.37 62 84 63 424 159440 1 5812059 69079 1.9 68 36 1 13 30% 294 33296 3247 29%
c v 169.49 62 84 63 424 159440 1 5812059 61368 1.9 68 36 1 13 30% 294 33296 3247 29%
c w 169.74 62 84 63 424 159440 1 5812059 59307 1.9 68 36 1 13 30% 294 33296 3247 29%
c
c seconds    switched       rate           size/glue  tier1    binary        remaining
c         MB   reductions      conflicts         size   tier2     irredundant
c          level      restarts        redundant     glue    trail       variables
c
c - 170.17 62 85 63 425 159448 1 5831644 54566 1.9 66 35 1 13 30% 294 33296 3247 29%
c W 170.48 62 85 63 425 159454 1 5843738 66405 1.9 65 34 1 13 30% 294 33296 3247 29%
c - 170.70 66 85 63 426 159457 1 5852259 53649 1.9 65 34 1 13 30% 294 33296 3247 29%
c - 171.26 72 85 63 427 159458 1 5872898 52325 2.0 67 34 1 13 30% 294 33296 3247 29%
c - 171.83 37 85 63 428 159471 1 5893561 50552 2.0 68 35 1 13 31% 294 33296 3247 29%
c o 172.15 41 85 63 428 159474 1 5907722 64518 2.0 68 34 1 13 31% 294 33296 3247 29%
c - 172.32 42 85 63 429 159479 1 5914249 51935 2.0 68 34 1 13 31% 294 33296 3247 29%
c - 172.85 46 86 63 430 159488 1 5934962 52282 2.0 67 34 1 13 30% 294 33296 3247 29%
c - 173.43 49 85 63 431 159489 1 5955700 51412 1.9 66 34 1 13 30% 294 33296 3247 29%
c - 174.03 49 84 63 432 159490 1 5976460 50815 1.9 66 35 1 13 29% 294 33296 3247 29%
c - 174.65 54 83 63 433 159496 1 5997245 50082 1.9 66 35 1 13 29% 294 33296 3247 29%
c - 175.19 56 85 63 434 159505 1 6018054 52567 1.9 66 35 1 13 29% 294 33296 3247 29%
c - 175.76 60 84 63 435 159515 1 6038886 52210 1.9 67 36 1 13 30% 294 33296 3247 29%
c u 176.44 65 84 63 435 159521 1 6059126 68677 1.9 67 36 1 13 30% 294 33296 3247 29%
c v 176.49 65 84 63 435 159521 1 6059126 65780 1.9 67 36 1 13 30% 294 33296 3247 29%
c w 176.77 73 84 63 435 159521 1 6059126 65566 1.9 67 36 1 13 30% 294 33296 3247 29%
c - 176.80 73 84 63 436 159521 1 6059742 46892 1.9 67 36 1 13 30% 294 33296 3247 29%
c - 177.43 83 83 63 437 159528 1 6080623 47354 1.9 68 36 1 13 30% 294 33296 3247 29%
c ] 177.73 84 84 64 437 159534 1 6091193 57783 1.9 68 36 1 13 30% 294 33296 3247 29%
c { 177.73 84 81 64 437 159534 6 6091193 57783 2.1 30 15 1 4 24% 294 33296 3247 29%
c
c seconds    switched       rate           size/glue  tier1   binary        remaining
c         MB   reductions      conflicts         size   tier2    irredundant
c          level      restarts        redundant     glue   trail       variables
c
c - 178.01 86 81 64 438 159869 6 6101527 51751 2.1 30 15 1 4 24% 294 33296 3247 29%
c - 178.61 86 81 64 439 160684 6 6122455 59634 2.1 30 15 1 4 24% 294 33296 3247 29%
c - 179.29 87 82 64 440 161517 6 6143409 64278 2.1 30 15 1 4 24% 294 33296 3247 29%
c - 180.00 87 82 64 441 162426 6 6164387 67528 2.1 30 15 1 4 24% 294 33296 3247 29%
c - 180.77 87 82 64 442 163395 6 6185390 69919 2.1 30 15 1 4 24% 294 33296 3247 29%
c - 181.55 87 82 64 443 164375 6 6206414 71847 2.1 30 15 1 4 24% 294 33296 3247 29%
c - 182.36 87 82 64 444 165410 6 6227462 73622 2.1 30 15 1 4 24% 294 33296 3247 29%
c o 183.17 87 82 64 444 166470 6 6247732 93445 2.1 30 15 1 4 24% 294 33296 3247 29%
c - 183.22 88 82 64 445 166518 6 6248533 75058 2.1 30 15 1 4 24% 294 33296 3247 29%
c - 184.06 88 82 64 446 167557 6 6269629 76312 2.1 31 15 1 4 24% 294 33296 3247 29%
c - 184.92 88 81 64 447 168625 6 6290748 77384 2.1 31 15 1 4 24% 294 33296 3247 29%
c } 185.63 88 81 65 447 169460 6 6307693 93966 2.1 31 15 1 4 24% 294 33296 3247 29%
c [ 185.63 88 84 65 447 169460 1 6307693 93966 1.9 68 36 1 13 30% 294 33296 3247 29%
c I 185.63 88 84 65 447 169460 1 6307693 93966 1.9 68 36 1 13 30% 294 33296 3247 29%
c u 185.88 84 83 65 447 169463 1 6311836 93648 1.9 68 36 1 13 30% 294 33296 3247 29%
c v 186.04 84 83 65 447 169463 1 6311836 85604 1.9 68 36 1 13 30% 294 33296 3247 29%
c w 186.33 87 83 65 447 169463 1 6311836 85366 1.9 68 36 1 13 30% 294 33296 3247 29%
c - 186.35 87 83 65 448 169463 1 6311890 66522 1.9 68 36 1 13 30% 294 33296 3247 29%
c - 186.89 88 83 65 449 169474 1 6333056 62672 1.9 67 35 1 13 30% 294 33296 3247 29%
c - 187.47 89 84 65 450 169483 1 6354246 56195 1.9 67 35 1 13 30% 294 33296 3247 29%
c
c seconds    switched       rate           size/glue  tier1    binary        remaining
c         MB   reductions      conflicts         size   tier2     irredundant
c          level      restarts        redundant     glue    trail       variables
c
c - 188.02 88 82 65 451 169490 1 6375459 53824 2.0 69 34 1 13 31% 294 33296 3247 29%
c - 188.60 93 82 65 452 169496 1 6396696 52291 2.1 71 34 1 13 31% 294 33296 3247 29%
c - 189.20 94 82 65 453 169505 1 6417957 52318 2.1 72 35 1 13 31% 294 33296 3247 29%
c - 189.78 92 83 65 454 169515 1 6439240 52491 2.0 71 35 1 13 31% 294 33296 3247 29%
c - 190.30 97 82 65 455 169521 1 6460548 54602 2.1 71 34 1 13 31% 294 33296 3247 29%
c - 190.83 100 81 65 456 169522 1 6481878 55293 2.1 70 33 1 13 31% 294 33296 3247 29%
c - 191.37 100 80 65 457 169522 1 6503233 54527 2.1 69 33 1 13 31% 294 33296 3247 29%
c - 191.94 46 81 65 458 169535 1 6524611 54740 2.1 69 33 1 13 31% 294 33296 3247 29%
c - 192.50 50 82 65 459 169543 1 6546011 55178 2.1 69 33 1 13 31% 294 33296 3247 29%
c - 193.10 54 82 65 460 169552 1 6567437 55344 2.1 70 34 1 13 31% 294 33296 3247 29%
c u 193.29 54 82 65 460 169552 1 6570190 54810 2.1 70 34 1 13 32% 294 33296 3247 29%
c v 193.34 54 82 65 460 169552 1 6570190 51583 2.1 70 34 1 13 32% 294 33296 3247 29%
c w 193.57 55 82 65 460 169552 1 6570190 49285 2.1 70 34 1 13 32% 294 33296 3247 29%
c - 194.05 59 82 65 461 169555 1 6588885 49521 2.1 69 33 1 13 31% 294 33296 3247 29%
c B 194.19 58 82 65 461 169559 1 6594427 54946 2.1 69 33 1 13 31% 294 33296 3247 29%
c - 194.59 61 83 65 462 169567 1 6610355 51354 2.0 69 34 1 13 31% 294 33296 3247 29%
c - 195.08 64 83 65 463 169575 1 6631849 51882 2.0 67 33 1 13 31% 294 33296 3247 29%
c o 195.15 64 83 65 463 169578 1 6634780 54748 2.0 67 33 1 13 31% 294 33296 3247 29%
c ] 195.61 70 84 66 463 169583 1 6653075 72706 2.0 67 33 1 13 31% 294 33296 3247 29%
c { 195.61 70 81 66 463 169583 6 6653075 72706 2.1 31 15 1 4 24% 294 33296 3247 29%
c
c seconds    switched       rate           size/glue  tier1   binary        remaining
c         MB   reductions      conflicts         size   tier2    irredundant
c          level      restarts        redundant     glue   trail       variables
c
c - 195.63 65 81 66 464 169601 6 6653366 51822 2.1 31 15 1 4 24% 294 33296 3247 29%
c - 196.25 67 81 66 465 170045 6 6674909 59112 2.1 31 15 1 4 24% 294 33296 3247 29%
c - 196.94 68 80 66 466 170533 5 6696473 65712 2.1 31 15 1 4 25% 294 33296 3247 29%
c - 197.73 69 80 66 467 171100 5 6718061 69592 2.1 31 15 1 4 25% 294 33296 3247 29%
c - 198.55 69 80 66 468 171670 5 6739672 72539 2.1 31 14 1 4 25% 294 33296 3247 29%
c - 199.42 70 79 66 469 172314 5 6761305 74887 2.1 31 14 1 4 24% 294 33296 3247 29%
c - 200.36 70 78 66 470 173040 5 6782961 76710 2.1 31 14 1 4 24% 294 33296 3247 29%
c - 201.29 70 77 66 471 173739 5 6804641 78404 2.1 31 14 1 4 24% 295 33296 3247 29%
c - 202.33 74 77 66 472 174591 5 6826344 79974 2.1 31 14 1 4 24% 295 33296 3247 29%
c u 202.78 82 76 66 472 174842 5 6834241 83747 2.1 31 14 1 4 24% 295 33296 3247 29%
c v 202.92 82 76 66 472 174842 5 6834241 75957 2.1 31 14 1 4 24% 295 33296 3247 29%
c w 203.04 83 76 66 472 174842 5 6834241 75716 2.1 31 14 1 4 24% 295 33296 3247 29%
c x 203.08 83 76 66 472 174842 5 6834241 75713 2.1 31 14 1 4 24% 295 33284 3247 29%
c - 203.67 91 76 66 473 175299 5 6848070 71240 2.1 31 14 1 4 24% 295 33284 3247 29%
c - 204.56 91 76 66 474 176019 5 6869819 74308 2.1 30 14 1 4 24% 295 33284 3247 29%
c } 205.05 91 76 67 474 176394 5 6882192 86417 2.1 30 14 1 4 24% 295 33284 3247 29%
c [ 205.05 91 84 67 474 176394 1 6882192 86417 2.0 67 33 1 13 31% 295 33284 3247 29%
c W 205.35 91 83 67 474 176399 1 6890338 94452 2.0 66 32 1 13 31% 295 33284 3247 29%
c - 205.39 92 84 67 475 176400 1 6891593 74776 2.0 65 32 1 13 31% 295 33284 3247 29%
c - 205.94 94 83 67 476 176408 1 6913389 68170 2.0 66 33 1 13 31% 295 33284 3247 29%
c
c seconds    switched       rate           size/glue  tier1    binary        remaining
c         MB   reductions      conflicts         size   tier2     irredundant
c          level      restarts        redundant     glue    trail       variables
c
c - 206.53 94 85 67 477 176421 1 6935207 58962 2.0 67 33 1 13 31% 295 33284 3247 29%
c s 206.75 94 84 67 477 176423 1 6943755 67371 2.0 67 33 1 13 31% 295 33283 3247 29%
c e 206.75 94 84 67 477 176423 1 6943755 67371 2.0 67 33 1 13 31% 295 33291 3246 29%
c s 206.75 94 84 67 477 176423 1 6943755 67371 2.0 67 33 1 13 31% 295 33286 3246 29%
c - 207.12 96 84 67 478 176424 1 6957048 57392 2.1 67 33 1 13 31% 295 33286 3246 29%
c - 207.70 94 84 67 479 176434 1 6978913 57732 2.1 67 33 1 13 31% 295 33286 3246 29%
c - 208.33 100 84 67 480 176442 1 7000800 57172 2.0 67 33 1 13 31% 295 33286 3246 29%
c - 208.97 104 84 67 481 176454 1 7022708 56215 2.0 69 34 1 13 31% 295 33286 3246 29%
c - 209.59 107 84 67 482 176455 1 7044641 55702 2.0 69 35 1 13 32% 295 33286 3246 29%
c - 210.16 110 83 67 483 176456 1 7066597 54697 2.0 69 35 1 13 32% 295 33286 3246 29%
c - 210.76 109 83 67 484 176463 1 7088575 55241 2.0 70 35 1 13 32% 295 33286 3246 29%
c u 211.32 113 83 67 484 176470 1 7103993 66454 2.0 71 35 1 13 32% 295 33286 3246 29%
c v 211.38 113 83 67 484 176470 1 7103993 63554 2.0 71 35 1 13 32% 295 33286 3246 29%
c w 211.82 119 83 67 484 176470 1 7103993 63071 2.0 71 35 1 13 32% 295 33286 3246 29%
c o 212.93 72 83 67 484 176470 1 7103993 63071 2.0 71 35 1 13 32% 295 33286 3246 29%
c - 213.11 74 83 67 485 176471 1 7110577 50180 2.0 71 35 1 13 32% 295 33286 3246 29%
c - 213.61 72 83 67 486 176484 1 7132601 52436 2.0 69 34 1 13 32% 295 33286 3246 29%
c - 214.12 77 83 67 487 176487 1 7154646 54309 2.0 67 33 1 13 30% 295 33286 3246 29%
c - 214.70 76 83 67 488 176497 1 7176714 54711 2.0 66 33 1 13 30% 295 33286 3246 29%
c O 215.20 79 84 67 488 176503 1 7195533 73256 2.0 67 33 1 13 30% 295 33286 3246 29%
c
c seconds    switched       rate           size/glue  tier1    binary        remaining
c         MB   reductions      conflicts         size   tier2     irredundant
c          level      restarts        redundant     glue    trail       variables
c
c - 215.27 80 84 67 489 176505 1 7198805 55799 2.0 66 33 1 13 30% 295 33286 3246 29%
c - 215.73 82 84 67 490 176517 1 7220918 56774 2.0 64 32 1 13 30% 295 33286 3246 29%
c - 216.23 81 82 67 491 176518 1 7243055 55005 2.0 62 31 1 13 30% 295 33286 3246 29%
c - 216.77 87 82 67 492 176519 1 7265214 53637 2.0 64 31 1 13 31% 295 33286 3246 29%
c - 217.30 91 81 67 493 176520 1 7287395 53134 2.0 63 31 1 13 30% 295 33286 3246 29%
c ] 217.55 91 81 68 493 176520 1 7297604 63117 2.0 64 31 1 13 30% 295 33286 3246 29%
c { 217.55 91 76 68 493 176520 5 7297604 63117 2.1 30 14 1 4 24% 295 33286 3246 29%
c - 217.94 94 76 68 494 177085 5 7309598 58549 2.1 30 14 1 4 24% 295 33286 3246 29%
c - 218.68 94 77 68 495 178197 5 7331824 66116 2.1 30 14 1 4 24% 295 33286 3246 29%
c - 219.52 94 77 68 496 179393 5 7354072 70889 2.1 30 14 1 4 24% 295 33286 3246 29%
c - 220.42 95 78 68 497 180589 6 7376344 74258 2.1 30 14 1 4 24% 295 33286 3246 29%
c u 220.67 95 78 68 497 180728 6 7379467 74217 2.1 30 14 1 4 24% 295 33286 3246 29%
c v 220.77 95 78 68 497 180728 6 7379467 68389 2.1 30 14 1 4 24% 295 33286 3246 29%
c w 220.96 95 78 68 497 180728 6 7379467 67330 2.1 30 14 1 4 24% 295 33286 3246 29%
c - 221.65 95 78 68 498 181617 6 7398638 68420 2.1 30 14 1 4 24% 295 33286 3246 29%
c - 222.49 47 78 68 499 182731 6 7420957 71829 2.1 30 14 1 4 23% 295 33286 3246 29%
c - 223.36 47 79 68 500 183908 6 7443297 74558 2.1 30 15 1 4 24% 295 33286 3246 29%
c - 224.34 47 79 68 501 185042 6 7465657 76677 2.1 30 15 1 4 23% 295 33286 3246 29%
c o 224.67 47 79 68 501 185516 6 7474466 85304 2.1 30 15 1 4 23% 295 33286 3246 29%
c - 225.27 48 79 68 502 186251 6 7488041 78268 2.1 30 15 1 4 23% 295 33286 3246 29%
c
c seconds    switched       rate           size/glue  tier1   binary        remaining
c         MB   reductions      conflicts         size   tier2    irredundant
c          level      restarts        redundant     glue   trail       variables
c
c - 226.26 52 80 68 503 187494 6 7510447 79576 2.0 30 15 1 4 23% 295 33286 3246 29%
c - 227.26 55 80 68 504 188730 6 7532874 80979 2.1 30 15 1 4 23% 295 33286 3246 29%
c } 227.52 55 80 69 504 189067 6 7539664 87656 2.1 31 15 1 4 23% 295 33286 3246 29%
c [ 227.52 55 81 69 504 189067 1 7539664 87656 2.0 64 31 1 13 30% 295 33286 3246 29%
c B 227.52 55 81 69 504 189067 1 7539664 87656 2.0 64 31 1 13 30% 295 33286 3246 29%
c - 227.95 58 82 69 505 189076 1 7555323 77759 2.0 64 32 1 13 30% 295 33286 3246 29%
c - 228.63 59 82 69 506 189086 1 7577795 67629 2.0 65 33 1 13 30% 295 33286 3246 29%
c - 229.24 59 82 69 507 189096 1 7600291 60210 1.9 65 34 1 13 30% 295 33286 3246 29%
c - 229.77 60 82 69 508 189098 1 7622807 61038 1.9 63 32 1 13 30% 295 33286 3246 29%
c - 230.41 59 82 69 509 189111 1 7645346 61452 1.9 64 33 1 13 30% 295 33286 3246 29%
c u 231.01 63 82 69 509 189117 1 7660663 71515 2.0 65 33 1 13 31% 295 33286 3246 29%
c v 231.07 63 82 69 509 189117 1 7660663 67607 2.0 65 33 1 13 31% 296 33286 3246 29%
c w 231.64 69 82 69 509 189117 1 7660663 66834 2.0 65 33 1 13 31% 296 33286 3246 29%
c s 231.72 74 82 69 509 189119 1 7663456 69577 2.0 65 33 1 13 31% 296 33281 3246 29%
c e 231.72 74 82 69 509 189119 1 7663456 69577 2.0 65 33 1 13 31% 296 33284 3245 29%
c s 231.72 74 82 69 509 189119 1 7663456 69577 2.0 65 33 1 13 31% 296 33281 3245 29%
c - 231.83 74 82 69 510 189120 1 7667907 52634 2.0 65 33 1 13 31% 296 33281 3245 29%
c - 232.42 80 81 69 511 189128 1 7690490 53615 2.0 66 33 1 13 31% 296 33281 3245 29%
c - 233.06 84 79 69 512 189129 1 7713096 53871 2.0 66 33 1 13 31% 296 33281 3245 29%
c - 233.75 88 78 69 513 189129 1 7735724 53125 2.0 67 34 1 13 31% 296 33281 3245 29%
c
c seconds    switched       rate           size/glue  tier1    binary        remaining
c         MB   reductions      conflicts         size   tier2     irredundant
c          level      restarts        redundant     glue    trail       variables
c
c - 234.40 92 77 69 514 189143 1 7758375 54614 2.0 68 33 1 13 32% 296 33281 3245 29%
c - 235.02 96 78 69 515 189151 1 7781047 56249 2.0 68 34 1 13 31% 296 33281 3245 29%
c - 235.78 100 79 69 516 189160 1 7803740 55609 2.0 68 34 1 13 32% 296 33281 3245 29%
c - 236.53 104 78 69 517 189166 1 7826455 54513 2.0 69 35 1 13 31% 296 33281 3245 29%
c - 237.26 108 79 69 518 189175 1 7849192 55166 1.9 70 36 1 13 31% 296 33281 3245 29%
c W 237.70 110 79 69 518 189182 1 7863741 69448 2.0 70 36 1 13 32% 296 33281 3245 29%
c o 237.70 110 79 69 518 189182 1 7863741 69448 2.0 70 36 1 13 32% 296 33281 3245 29%
c - 238.00 112 79 69 519 189188 1 7871951 55914 1.9 70 36 1 13 32% 296 33281 3245 29%
c - 238.83 117 79 69 520 189191 1 7894732 54993 1.9 72 38 1 13 32% 296 33281 3245 29%
c ] 238.91 117 79 70 520 189191 1 7897420 57653 1.9 73 38 1 13 32% 296 33281 3245 29%
c { 238.91 117 80 70 520 189191 6 7897420 57653 2.1 31 15 1 4 23% 296 33281 3245 29%
c - 239.49 117 80 70 521 189580 6 7917535 61359 2.1 30 15 1 4 24% 296 33281 3245 29%
c - 240.24 118 80 70 522 190110 6 7940361 70213 2.1 30 15 1 4 24% 296 33281 3245 29%
c u 240.62 118 80 70 522 190312 5 7947632 74673 2.1 30 15 1 4 24% 296 33281 3245 29%
c v 240.71 118 80 70 522 190312 5 7947632 70467 2.1 30 15 1 4 24% 296 33281 3245 29%
c w 241.01 119 80 70 522 190312 5 7947632 69157 2.1 30 15 1 4 24% 296 33281 3245 29%
c - 241.57 127 79 70 523 190701 5 7963208 67465 2.1 30 14 1 4 24% 296 33281 3245 29%
c - 242.46 75 79 70 524 191376 5 7986078 72011 2.1 30 14 1 4 24% 296 33281 3245 29%
c - 243.40 75 78 70 525 192081 5 8008970 75535 2.1 30 14 1 4 24% 296 33281 3245 29%
c - 244.41 76 78 70 526 192887 5 8031882 78369 2.1 30 14 1 4 24% 296 33281 3245 29%
c
c seconds    switched       rate           size/glue  tier1   binary        remaining
c         MB   reductions      conflicts         size   tier2    irredundant
c          level      restarts        redundant     glue   trail       variables
c
c - 245.49 80 77 70 527 193728 5 8054816 80759 2.1 30 14 1 4 24% 296 33281 3245 29%
c - 246.58 84 77 70 528 194578 5 8077772 82951 2.1 30 14 1 4 24% 296 33281 3245 29%
c - 247.73 88 76 70 529 195518 5 8100750 84439 2.1 30 14 1 4 24% 296 33281 3245 29%
c - 248.90 92 76 70 530 196446 5 8123750 85646 2.1 30 14 1 4 24% 296 33281 3245 29%
c - 250.12 96 75 70 531 197422 5 8146771 87021 2.1 30 14 1 4 24% 296 33281 3245 29%
c } 250.43 96 75 71 531 197696 5 8152747 92909 2.1 30 14 1 4 24% 296 33281 3245 29%
c [ 250.43 96 79 71 531 197696 1 8152747 92909 1.9 73 38 1 13 32% 296 33281 3245 29%
c - 250.90 99 80 71 532 197706 1 8169815 83398 1.9 72 37 1 13 31% 296 33281 3245 29%
c - 251.54 99 82 71 533 197716 1 8192880 73340 1.9 71 36 1 13 31% 296 33281 3245 29%
c I 251.65 99 82 71 533 197717 1 8197413 77813 1.9 71 36 1 13 31% 296 33281 3245 29%
c - 252.11 99 81 71 534 197725 1 8215967 67785 1.9 68 35 1 13 31% 296 33281 3245 29%
c - 252.74 52 80 71 535 197729 1 8239076 65099 2.0 67 34 1 13 31% 296 33281 3245 29%
c u 252.92 52 80 71 535 197731 1 8240380 61235 2.0 67 34 1 13 31% 296 33281 3245 29%
c v 252.98 52 80 71 535 197731 1 8240380 56680 2.0 67 34 1 13 31% 296 33281 3245 29%
c w 253.18 52 80 71 535 197731 1 8240380 54610 2.0 67 34 1 13 31% 296 33281 3245 29%
c - 253.82 52 81 71 536 197741 1 8262206 53802 1.9 68 35 1 13 31% 296 33281 3245 29%
c o 253.99 52 81 71 536 197742 1 8267878 59384 1.9 68 35 1 13 31% 296 33281 3245 29%
c - 254.53 54 81 71 537 197753 1 8285358 54227 1.9 68 35 1 13 31% 296 33281 3245 29%
c - 255.25 57 81 71 538 197757 1 8308532 55395 1.9 69 36 1 13 31% 296 33281 3245 29%
c - 255.85 60 80 71 539 197758 1 8331726 55545 2.0 69 35 1 13 31% 296 33281 3245 29%
c
c seconds    switched       rate           size/glue  tier1    binary        remaining
c         MB   reductions      conflicts         size   tier2     irredundant
c          level      restarts        redundant     glue    trail       variables
c
c - 256.50 64 79 71 540 197762 1 8354942 55856 2.0 69 35 1 13 31% 296 33281 3245 29%
c - 257.17 68 80 71 541 197773 1 8378180 57196 2.0 69 35 1 13 31% 296 33281 3245 29%
c - 257.82 73 80 71 542 197785 1 8401440 57131 2.0 69 35 1 13 31% 296 33281 3245 29%
c - 258.45 77 81 71 543 197789 1 8424721 57725 1.9 70 36 1 13 31% 296 33281 3245 29%
c - 259.12 81 81 71 544 197799 1 8448023 57100 1.9 70 36 1 13 30% 296 33281 3245 29%
c - 259.78 84 82 71 545 197810 1 8471349 57785 1.9 70 37 1 13 31% 296 33281 3245 29%
c - 260.45 89 83 71 546 197819 1 8494694 58150 1.9 72 37 1 13 31% 296 33281 3245 29%
c - 261.21 94 82 71 547 197821 1 8518060 56904 1.9 74 38 1 13 31% 296 33281 3245 29%
c u 262.02 98 81 71 547 197821 1 8538901 73931 2.0 77 39 1 13 32% 296 33281 3245 29%
c v 262.08 98 81 71 547 197821 1 8538901 71164 2.0 77 39 1 13 32% 296 33281 3245 29%
c w 262.52 108 81 71 547 197821 1 8538901 70337 2.0 77 39 1 13 32% 296 33281 3245 29%
c B 262.57 108 81 71 547 197821 1 8540784 72182 2.0 77 39 1 13 32% 296 33281 3245 29%
c - 262.60 108 81 71 548 197821 1 8541451 50627 2.0 77 39 1 13 32% 296 33281 3245 29%
c - 263.12 105 81 71 549 197822 1 8564861 53727 2.0 74 37 1 13 31% 296 33281 3245 29%
c - 263.73 111 81 71 550 197822 1 8588291 52532 2.1 74 36 1 13 32% 296 33281 3245 29%
c - 264.37 121 81 71 551 197822 1 8611743 53063 2.1 73 35 1 13 31% 296 33281 3245 29%
c ] 264.72 122 82 72 551 197829 1 8624977 66056 2.1 72 35 1 13 31% 296 33281 3245 29%
c { 264.72 122 75 72 551 197829 5 8624977 66056 2.1 30 14 1 4 24% 296 33281 3245 29%
c - 265.01 124 76 72 552 198158 5 8635219 57484 2.1 30 14 1 4 24% 296 33281 3245 29%
c - 265.76 126 78 72 553 199233 5 8658713 66284 2.1 30 14 1 4 24% 296 33281 3245 29%
c
c seconds     switched       rate           size/glue  tier1   binary        remaining
c          MB   reductions      conflicts         size   tier2    irredundant
c           level      restarts        redundant     glue   trail       variables
c
c o 266.07 126 78 72 553 199660 5 8667975 75345 2.1 30 14 1 4 24% 296 33281 3245 29%
c - 266.59 127 78 72 554 200331 5 8682229 71735 2.1 30 14 1 4 24% 296 33281 3245 29%
c - 267.48 128 78 72 555 201477 6 8705766 75284 2.1 30 14 1 4 24% 296 33281 3245 29%
c - 268.45 128 79 72 556 202671 6 8729325 77905 2.1 30 14 1 4 23% 296 33281 3245 29%
c - 269.43 136 79 72 557 203895 6 8752905 80062 2.1 30 15 1 4 23% 296 33281 3245 29%
c s 270.42 141 80 72 557 205150 6 8775819 102470 2.1 30 15 1 4 23% 296 33279 3245 29%
c e 270.42 141 80 72 557 205150 6 8775819 102470 2.1 30 15 1 4 23% 296 33293 3244 29%
c - 270.46 145 80 72 558 205182 6 8776505 81931 2.1 30 15 1 4 23% 296 33293 3244 29%
c - 271.46 149 80 72 559 206413 6 8800128 83615 2.1 30 15 1 4 23% 296 33293 3244 29%
c - 272.45 154 80 72 560 207594 6 8823771 84895 2.1 30 15 1 4 24% 296 33293 3244 29%
c u 273.50 117 79 72 560 208666 6 8843248 99536 2.1 31 15 1 4 24% 296 33293 3244 29%
c v 273.66 117 79 72 560 208666 6 8843248 91212 2.1 31 15 1 4 24% 296 33293 3244 29%
c w 274.01 119 79 72 560 208666 6 8843248 90877 2.1 31 15 1 4 24% 296 33293 3244 29%
c - 274.19 119 79 72 561 208840 6 8847435 74605 2.1 31 15 1 4 24% 296 33293 3244 29%
c - 275.12 119 80 72 562 209990 6 8871120 77378 2.1 31 15 1 4 24% 296 33293 3244 29%
c } 276.05 119 81 73 562 211120 6 8893893 99727 2.1 31 15 1 4 24% 296 33293 3244 29%
c [ 276.05 119 82 73 562 211120 1 8893893 99727 2.1 72 35 1 13 31% 296 33293 3244 29%
c W 276.08 118 82 73 562 211120 1 8893955 99788 2.1 72 35 1 13 31% 296 33293 3244 29%
c - 276.11 119 82 73 563 211120 1 8894828 79835 2.0 72 35 1 13 31% 296 33293 3244 29%
c - 276.81 122 82 73 564 211133 1 8918555 75071 2.0 71 35 1 13 31% 296 33293 3244 29%
c
c seconds     switched       rate           size/glue  tier1    binary        remaining
c          MB   reductions      conflicts         size   tier2     irredundant
c           level      restarts        redundant     glue    trail       variables
c
c - 277.59 123 82 73 565 211144 1 8942304 62903 2.0 73 36 1 13 31% 296 33293 3244 29%
c - 278.26 126 81 73 566 211150 1 8966073 59442 2.0 73 36 1 13 31% 296 33293 3244 29%
c - 278.93 128 81 73 567 211159 1 8989864 59800 2.0 72 35 1 13 31% 296 33293 3244 29%
c - 279.60 132 82 73 568 211169 1 9013675 59875 2.0 71 36 1 13 32% 296 33293 3244 29%
c - 280.26 136 83 73 569 211180 1 9037508 59589 2.0 71 36 1 13 32% 296 33293 3244 29%
c - 280.93 140 83 73 570 211182 1 9061363 60933 2.0 72 35 1 13 32% 296 33293 3244 29%
c - 281.62 141 82 73 571 211182 1 9085237 59895 2.1 72 35 1 13 32% 296 33293 3244 29%
c o 282.13 142 83 73 571 211190 1 9103658 78016 2.0 70 35 1 13 32% 296 33293 3244 29%
c - 282.27 144 83 73 572 211194 1 9109132 62081 2.0 70 34 1 13 31% 296 33293 3244 29%
c - 282.91 145 83 73 573 211204 1 9133048 63088 2.0 70 35 1 13 31% 296 33293 3244 29%
c u 283.68 81 83 73 573 211212 1 9153415 78775 2.0 69 34 1 13 31% 296 33293 3244 29%
c v 283.74 81 83 73 573 211212 1 9153415 75592 2.0 69 34 1 13 31% 296 33293 3244 29%
c w 284.21 88 83 73 573 211212 1 9153415 74945 2.0 69 34 1 13 31% 296 33293 3244 29%
c - 284.31 88 83 73 574 211212 1 9156988 56369 2.0 69 34 1 13 31% 296 33293 3244 29%
c - 284.88 90 83 73 575 211219 1 9180947 59552 2.0 66 32 1 13 30% 296 33293 3244 29%
c - 285.52 92 83 73 576 211228 1 9204926 61005 2.0 66 32 1 13 30% 296 33293 3244 29%
c - 286.21 92 83 73 577 211242 1 9228926 60661 2.0 66 33 1 13 29% 296 33293 3244 29%
c - 287.04 92 82 73 578 211244 1 9252946 59869 2.0 67 34 1 13 30% 296 33293 3244 29%
c O 287.17 92 82 73 578 211245 1 9257025 63897 2.0 68 34 1 13 30% 296 33293 3244 29%
c - 287.67 95 83 73 579 211245 1 9276987 58212 2.0 68 34 1 13 30% 296 33293 3244 29%
c
c seconds    switched       rate           size/glue  tier1    binary        remaining
c         MB   reductions      conflicts         size   tier2     irredundant
c          level      restarts        redundant     glue    trail       variables
c
c - 288.25 92 83 73 580 211246 1 9301050 58332 2.0 67 34 1 13 30% 296 33293 3244 29%
c ] 288.75 97 82 74 580 211246 1 9322101 78942 2.0 65 33 1 13 30% 296 33293 3244 29%
c { 288.75 97 81 74 580 211246 6 9322101 78942 2.1 31 15 1 4 24% 296 33293 3244 29%
c - 288.87 98 81 74 581 211389 6 9325135 60097 2.1 31 15 1 4 24% 296 33293 3244 29%
c - 289.64 98 81 74 582 212353 6 9349239 68563 2.1 31 15 1 4 24% 296 33293 3244 29%
c - 290.50 98 81 74 583 213370 6 9373363 74803 2.1 31 15 1 4 24% 296 33293 3244 29%
c - 291.47 106 82 74 584 214570 6 9397509 78461 2.1 31 15 1 4 24% 296 33293 3244 29%
c - 292.50 100 81 74 585 215756 6 9421676 81012 2.1 31 15 1 4 24% 296 33293 3244 29%
c - 293.49 108 81 74 586 216897 6 9445862 83080 2.1 31 15 1 4 24% 296 33293 3244 29%
c u 294.68 50 81 74 586 218104 6 9469433 102463 2.1 31 15 1 4 24% 296 33293 3244 29%
c v 294.85 50 81 74 586 218104 6 9469433 94890 2.1 31 15 1 4 24% 296 33293 3244 29%
c w 295.12 52 81 74 586 218104 6 9469433 94546 2.1 31 15 1 4 24% 296 33293 3244 29%
c - 295.16 54 81 74 587 218127 6 9470069 74854 2.1 31 15 1 4 24% 296 33293 3244 29%
c - 296.08 56 81 74 588 219187 6 9494298 77682 2.1 31 15 1 4 24% 296 33293 3244 29%
c - 297.04 63 82 74 589 220290 6 9518546 80320 2.1 31 15 1 4 24% 296 33293 3244 29%
c o 297.22 63 82 74 589 220489 6 9523711 85364 2.1 31 15 1 4 24% 296 33293 3244 29%
c - 298.04 66 82 74 590 221446 6 9542816 82944 2.1 31 15 1 4 24% 296 33293 3244 29%
c - 299.11 71 81 74 591 222658 6 9567106 84904 2.1 32 15 1 4 24% 296 33293 3244 29%
c - 300.18 75 81 74 592 223842 6 9591416 86285 2.1 32 15 1 4 24% 296 33293 3244 29%
c } 300.76 78 81 75 592 224502 6 9604926 99565 2.1 32 15 1 4 24% 296 33293 3244 29%
c
c seconds    switched       rate           size/glue  tier1    binary        remaining
c         MB   reductions      conflicts         size   tier2     irredundant
c          level      restarts        redundant     glue    trail       variables
c
c [ 300.76 78 82 75 592 224502 1 9604926 99565 2.0 65 33 1 13 30% 296 33293 3244 29%
c - 301.07 80 83 75 593 224508 1 9615747 85459 2.0 65 33 1 13 30% 296 33293 3244 29%
c B 301.50 80 84 75 593 224516 1 9630097 99474 2.0 66 33 1 13 30% 296 33293 3244 29%
c - 301.81 83 83 75 594 224519 1 9640099 77085 2.0 67 33 1 13 30% 296 33293 3244 29%
c - 302.54 83 83 75 595 224531 1 9664471 66778 2.0 68 34 1 13 31% 296 33293 3244 29%
c - 303.18 83 80 75 596 224534 1 9688863 66212 2.0 65 32 1 13 30% 296 33293 3244 29%
c - 303.84 83 80 75 597 224547 1 9713276 66570 2.0 64 32 1 13 30% 296 33293 3244 29%
c - 304.60 83 80 75 598 224559 1 9737709 66005 2.0 67 33 1 13 31% 296 33293 3244 29%
c - 305.31 83 80 75 599 224563 1 9762164 64789 2.0 67 33 1 13 31% 296 33293 3244 29%
c - 305.96 83 80 75 600 224564 1 9786638 66398 2.0 65 32 1 13 31% 296 33293 3244 29%
c u 306.23 83 80 75 600 224564 1 9791303 66023 2.0 65 32 1 13 31% 296 33293 3244 29%
c v 306.29 83 80 75 600 224564 1 9791303 62706 2.0 65 32 1 13 31% 296 33293 3244 29%
c w 306.57 83 80 75 600 224564 1 9791303 61040 2.0 65 32 1 13 31% 296 33293 3244 29%
c x 306.60 84 80 75 600 224564 1 9791303 61033 2.0 65 32 1 13 31% 296 33269 3244 29%
c e 306.61 84 80 75 600 224564 1 9791303 61033 2.0 65 32 1 13 31% 295 33301 3242 29%
c s 306.61 84 80 75 600 224564 1 9791303 61033 2.0 65 32 1 13 31% 295 33294 3242 29%
c - 307.11 86 80 75 601 224571 1 9811132 59720 2.0 64 32 1 13 31% 295 33294 3242 29%
c - 307.73 90 80 75 602 224580 1 9835647 61061 2.0 64 32 1 13 31% 295 33294 3242 29%
c - 308.45 91 80 75 603 224594 1 9860183 59808 2.0 66 33 1 13 31% 295 33294 3242 29%
c - 309.14 93 80 75 604 224596 1 9884739 60277 2.0 67 33 1 13 31% 295 33294 3242 29%
c
c seconds    switched       rate           size/glue  tier1    binary        remaining
c         MB   reductions      conflicts         size   tier2     irredundant
c          level      restarts        redundant     glue    trail       variables
c
c - 309.88 96 81 75 605 224610 1 9909315 61724 2.0 67 34 1 13 32% 295 33294 3242 29%
c - 310.58 97 81 75 606 224620 1 9933914 61659 2.0 68 35 1 13 32% 295 33294 3242 29%
c - 311.31 97 80 75 607 224626 1 9958532 60966 2.0 70 35 1 13 32% 295 33294 3242 29%
c o 311.56 97 79 75 607 224627 1 9966850 69176 2.0 71 35 1 13 32% 295 33294 3242 29%
c - 312.15 102 81 75 608 224627 1 9983169 60228 2.0 72 36 1 13 32% 295 33294 3242 29%
c ] 312.67 104 82 75 608 224628 1 10000001 76905 2.0 73 36 1 13 32% 295 33294 3242 29%
c ? 312.67 104 81 75 608 224628 6 10000001 76905 2.1 32 15 1 4 24% 295 33294 3242 29%
c
c ---- [ result ] ------------------------------------------------------------
c
s UNKNOWN
c
c ---- [ profiling ] ---------------------------------------------------------
c
c         289.53   92.60 %  search
c         155.81   49.83 %  stable
c         133.71   42.76 %  focused
c          23.11    7.39 %  simplify
c          22.40    7.16 %  probe
c          18.53    5.93 %  vivify
c           3.26    1.04 %  sweep
c           2.11    0.68 %  reduce
c           0.50    0.16 %  walking
c           0.34    0.11 %  substitute
c           0.25    0.08 %  eliminate
c           0.16    0.05 %  factor
c           0.06    0.02 %  congruence
c           0.03    0.01 %  subsume
c           0.03    0.01 %  preprocess
c           0.03    0.01 %  transitive
c           0.01    0.00 %  backbone
c           0.00    0.00 %  parse
c           0.00    0.00 %  lucky
c =============================================
c         312.67  100.00 %  total
c
c ---- [ statistics ] --------------------------------------------------------
c
c chronological:                         5075                0 %  conflicts
c conflicts:                         10000001            31981.99 per second
c congruent:                             1178               10 %  variables
c decisions:                         34138579                3.41 per conflict
c eliminated:                            6197               55 %  variables
c factored:                               261                2 %  variables
c propagations:                    1199527374          3836327    per second
c reductions:                             608            16447    interval
c reordered:                               44           227273    interval
c rephased:                                61           163934    interval
c restarts:                            224628               45    interval
c strengthened:                          4595                0 %  checks
c substituted:                           2042               18 %  variables
c subsumed:                              8737                0 %  checks
c switched:                                75           133333    interval
c vivified:                            758226               26 %  checks
c walks:                                   20           500000    interval
c
c ---- [ glue usage ] --------------------------------------------------------
c
c focused glue 1 used 25053713 clauses 71.70% accumulated 71.70% tier1
c focused glue 2 used  4460559 clauses 12.77% accumulated 84.47%
c focused glue 3 used  1568910 clauses  4.49% accumulated 88.96%
c focused glue 4 used   793079 clauses  2.27% accumulated 91.23% tier2
c
c stable glue 1    used 53996344 clauses 56.23% accumulated 56.23% tier1
c stable glue 2    used 12488273 clauses 13.00% accumulated 69.24%
c stable glue 3-11 used 18560751 clauses 19.33% accumulated 88.56%
c stable glue 12   used   892229 clauses  0.93% accumulated 89.49%
c stable glue 13   used   763837 clauses  0.80% accumulated 90.29% tier2
c
c ---- [ resources ] ---------------------------------------------------------
c
c maximum-resident-set-size:     429060521984 bytes     409184 MB
c process-time:                         5m 13s             312.67 seconds
c
c ---- [ shutting down ] -----------------------------------------------------
c
c exit 0
