{
  "description": "F368: F348 multi-seed replication (seeds 1, 2 added to F348's seed 0)",
  "budget_seconds": 60,
  "seeds_tested": [
    1,
    2
  ],
  "cands": [
    "bit0_m8299b36f",
    "bit10_m3304caa0",
    "bit11_m45b0a5f6",
    "bit13_m4d9f691c",
    "bit17_m427c281d"
  ],
  "raw": {
    "bit0_m8299b36f": {
      "baseline": {
        "2": {
          "stats": {
            "conflicts": 2384261,
            "decisions": 9707271,
            "propagations": 224494956
          },
          "wall": 60.0102698802948,
          "rc": 0,
          "out_chars": 73918
        },
        "1": {
          "stats": {
            "conflicts": 2330362,
            "decisions": 9865144,
            "propagations": 232042213
          },
          "wall": 60.0132269859314,
          "rc": 0,
          "out_chars": 73646
        }
      },
      "injected": {
        "1": {
          "stats": {
            "conflicts": 2051024,
            "decisions": 9755471,
            "propagations": 272699088
          },
          "wall": 60.01181983947754,
          "rc": 0,
          "out_chars": 76914
        },
        "2": {
          "stats": {
            "conflicts": 2117628,
            "decisions": 9951117,
            "propagations": 286691351
          },
          "wall": 60.01343488693237,
          "rc": 0,
          "out_chars": 76666
        }
      }
    },
    "bit10_m3304caa0": {
      "injected": {
        "1": {
          "stats": {
            "conflicts": 1993517,
            "decisions": 9735072,
            "propagations": 274134742
          },
          "wall": 60.01155090332031,
          "rc": 0,
          "out_chars": 78158
        },
        "2": {
          "stats": {
            "conflicts": 1933528,
            "decisions": 9492044,
            "propagations": 311242364
          },
          "wall": 60.013771057128906,
          "rc": 0,
          "out_chars": 77154
        }
      },
      "baseline": {
        "1": {
          "stats": {
            "conflicts": 2213207,
            "decisions": 9956940,
            "propagations": 227606483
          },
          "wall": 60.01318407058716,
          "rc": 0,
          "out_chars": 71313
        },
        "2": {
          "stats": {
            "conflicts": 2213352,
            "decisions": 9964373,
            "propagations": 232323986
          },
          "wall": 60.01833510398865,
          "rc": 0,
          "out_chars": 71833
        }
      }
    },
    "bit11_m45b0a5f6": {
      "injected": {
        "1": {
          "stats": {
            "conflicts": 1983938,
            "decisions": 9758036,
            "propagations": 293716469
          },
          "wall": 60.012943267822266,
          "rc": 0,
          "out_chars": 75778
        },
        "2": {
          "stats": {
            "conflicts": 2074121,
            "decisions": 9657243,
            "propagations": 290585938
          },
          "wall": 60.01030611991882,
          "rc": 0,
          "out_chars": 77197
        }
      },
      "baseline": {
        "1": {
          "stats": {
            "conflicts": 2080114,
            "decisions": 10438883,
            "propagations": 285954259
          },
          "wall": 60.01516079902649,
          "rc": 0,
          "out_chars": 75567
        },
        "2": {
          "stats": {
            "conflicts": 1978926,
            "decisions": 10156525,
            "propagations": 279413852
          },
          "wall": 60.009807109832764,
          "rc": 0,
          "out_chars": 73846
        }
      }
    },
    "bit13_m4d9f691c": {
      "injected": {
        "2": {
          "stats": {
            "conflicts": 2041965,
            "decisions": 9910785,
            "propagations": 286607298
          },
          "wall": 60.012442111968994,
          "rc": 0,
          "out_chars": 77657
        },
        "1": {
          "stats": {
            "conflicts": 2099433,
            "decisions": 9978999,
            "propagations": 270784526
          },
          "wall": 60.01760292053223,
          "rc": 0,
          "out_chars": 76824
        }
      },
      "baseline": {
        "1": {
          "stats": {
            "conflicts": 2120141,
            "decisions": 10075097,
            "propagations": 246791241
          },
          "wall": 60.01652908325195,
          "rc": 0,
          "out_chars": 72426
        },
        "2": {
          "stats": {
            "conflicts": 2202156,
            "decisions": 9969652,
            "propagations": 232217044
          },
          "wall": 60.01984691619873,
          "rc": 0,
          "out_chars": 73351
        }
      }
    },
    "bit17_m427c281d": {
      "baseline": {
        "2": {
          "stats": {
            "conflicts": 2209401,
            "decisions": 9724416,
            "propagations": 227619896
          },
          "wall": 60.018036127090454,
          "rc": 0,
          "out_chars": 72290
        },
        "1": {
          "stats": {
            "conflicts": 2214428,
            "decisions": 9643314,
            "propagations": 224383995
          },
          "wall": 60.02157425880432,
          "rc": 0,
          "out_chars": 73349
        }
      },
      "injected": {
        "1": {
          "stats": {
            "conflicts": 2102069,
            "decisions": 9615206,
            "propagations": 270543807
          },
          "wall": 60.020122051239014,
          "rc": 0,
          "out_chars": 76977
        },
        "2": {
          "stats": {
            "conflicts": 2013492,
            "decisions": 9458789,
            "propagations": 281390439
          },
          "wall": 60.01666784286499,
          "rc": 0,
          "out_chars": 77812
        }
      }
    }
  },
  "per_cand_seed_delta": [
    {
      "cand": "bit0_m8299b36f",
      "seed": 1,
      "delta_pct": -11.986893023487339,
      "baseline": 2330362,
      "injected": 2051024
    },
    {
      "cand": "bit0_m8299b36f",
      "seed": 2,
      "delta_pct": -11.183045815873346,
      "baseline": 2384261,
      "injected": 2117628
    },
    {
      "cand": "bit10_m3304caa0",
      "seed": 1,
      "delta_pct": -9.926319589627179,
      "baseline": 2213207,
      "injected": 1993517
    },
    {
      "cand": "bit10_m3304caa0",
      "seed": 2,
      "delta_pct": -12.64254397854476,
      "baseline": 2213352,
      "injected": 1933528
    },
    {
      "cand": "bit11_m45b0a5f6",
      "seed": 1,
      "delta_pct": -4.623592745397608,
      "baseline": 2080114,
      "injected": 1983938
    },
    {
      "cand": "bit11_m45b0a5f6",
      "seed": 2,
      "delta_pct": 4.810437580788771,
      "baseline": 1978926,
      "injected": 2074121
    },
    {
      "cand": "bit13_m4d9f691c",
      "seed": 1,
      "delta_pct": -0.9767274912376112,
      "baseline": 2120141,
      "injected": 2099433
    },
    {
      "cand": "bit13_m4d9f691c",
      "seed": 2,
      "delta_pct": -7.274280296218796,
      "baseline": 2202156,
      "injected": 2041965
    },
    {
      "cand": "bit17_m427c281d",
      "seed": 1,
      "delta_pct": -5.0739513770599,
      "baseline": 2214428,
      "injected": 2102069
    },
    {
      "cand": "bit17_m427c281d",
      "seed": 2,
      "delta_pct": -8.867063968921892,
      "baseline": 2209401,
      "injected": 2013492
    }
  ],
  "mean_per_cand_across_seeds": {
    "bit0_m8299b36f": -11.584969419680341,
    "bit10_m3304caa0": -11.28443178408597,
    "bit11_m45b0a5f6": 0.09342241769558157,
    "bit13_m4d9f691c": -4.125503893728204,
    "bit17_m427c281d": -6.970507672990896
  },
  "overall_mean_pct": -6.774398070557965,
  "overall_sigma_across_cands_pct": 4.9422681634357035
}